Time(s),SeqNum,Digital0,Digital1,Digital2,Digital3,Analog0,Analog1,Analog2,Analog3,Analog4,Analog5
0.0,0,1,1,1,1,511,1,493,510,0,0
0.001,1,1,1,1,1,512,1,505,511,0,0
0.002,2,1,1,1,1,510,2,512,505,0,0
0.003,3,1,1,1,1,512,1,528,508,0,0
0.004,4,1,1,1,1,510,1,509,510,0,0
0.005,5,1,1,1,1,513,1,500,509,0,0
0.006,6,1,1,1,1,512,1,502,507,0,0
0.007,7,1,1,1,1,514,1,510,508,0,0
0.008,8,1,1,1,1,514,1,517,507,0,0
0.009,9,1,1,1,1,511,1,513,510,0,0
0.01,10,1,1,1,1,511,2,502,510,0,0
0.011,11,1,1,1,1,511,1,510,507,0,0
0.012,12,1,1,1,1,510,1,510,508,0,0
0.013,13,1,1,1,1,511,1,512,508,0,0
0.014,14,1,1,1,1,512,1,518,508,0,0
0.015,15,1,1,1,1,512,1,517,508,0,0
0.016,0,1,1,1,1,512,1,509,509,0,0
0.017,1,1,1,1,1,509,1,509,509,0,0
0.018,2,1,1,1,1,512,2,519,508,0,0
0.019,3,1,1,1,1,511,1,523,510,0,0
0.02,4,1,1,1,1,510,1,520,508,0,0
0.021,5,1,1,1,1,512,1,515,508,0,0
0.022,6,1,1,1,1,513,1,513,510,0,0
0.023,7,1,1,1,1,512,1,501,507,0,0
0.024,8,1,1,1,1,512,1,496,508,0,0
0.025,9,1,1,1,1,513,1,499,510,0,0
0.026,10,1,1,1,1,508,2,503,507,0,0
0.027,11,1,1,1,1,511,1,503,509,0,0
0.028,12,1,1,1,1,510,1,492,505,0,0
0.029,13,1,1,1,1,512,1,481,506,0,0
0.03,14,1,1,1,1,513,1,487,507,0,0
0.031,15,1,1,1,1,510,1,481,509,0,0
0.032,0,1,1,1,1,510,1,487,508,0,0
0.033,1,1,1,1,1,511,1,498,508,0,0
0.034,2,1,1,1,1,512,1,500,507,0,0
0.035,3,1,1,1,1,510,1,514,509,0,0
0.036,4,1,1,1,1,512,1,514,509,0,0
0.037,5,1,1,1,1,513,1,513,510,0,0
0.038,6,1,1,1,1,512,1,521,510,0,0
0.039,7,1,1,1,1,511,1,516,507,0,0
0.04,8,1,1,1,1,515,1,516,508,0,0
0.041,9,1,1,1,1,513,1,522,508,0,0
0.042,10,1,1,1,1,512,1,511,510,0,0
0.043,11,1,1,1,1,510,1,513,508,0,0
0.044,12,1,1,1,1,511,1,511,507,0,0
0.045,13,1,1,1,1,511,1,508,509,0,0
0.046,14,1,1,1,1,509,1,510,508,0,0
0.047,15,1,1,1,1,511,1,514,509,0,0
0.048,0,1,1,1,1,510,1,525,508,0,0
0.049,1,1,1,1,1,512,1,527,509,0,0
0.05,2,1,1,1,1,511,2,529,507,0,0
0.051,3,1,1,1,1,512,1,545,510,0,0
0.052,4,1,1,1,1,511,1,548,510,0,0
0.053,5,1,1,1,1,511,1,551,509,0,0
0.054,6,1,1,1,1,513,1,544,512,0,0
0.055,7,1,1,1,1,512,1,538,508,0,0
0.056,8,1,1,1,1,511,1,513,507,0,0
0.057,9,1,1,1,1,511,1,504,506,0,0
0.058,10,1,1,1,1,512,2,507,508,0,0
0.059,11,1,1,1,1,512,1,515,507,0,0
0.06,12,1,1,1,1,511,1,501,509,0,0
0.061,13,1,1,1,1,512,1,504,510,0,0
0.062,14,1,1,1,1,513,1,507,510,0,0
0.063,15,1,1,1,1,511,1,497,508,0,0
0.064,0,1,1,1,1,511,1,497,508,0,0
0.065,1,1,1,1,1,511,1,505,508,0,0
0.066,2,1,1,1,1,510,2,526,508,0,0
0.067,3,1,1,1,1,511,1,535,509,0,0
0.068,4,1,1,1,1,512,1,535,507,0,0
0.069,5,1,1,1,1,514,1,528,510,0,0
0.07,6,1,1,1,1,512,1,528,506,0,0
0.071,7,1,1,1,1,513,1,533,507,0,0
0.072,8,1,1,1,1,511,1,533,507,0,0
0.073,9,1,1,1,1,511,1,533,506,0,0
0.074,10,1,1,1,1,511,2,516,507,0,0
0.075,11,1,1,1,1,511,1,515,509,0,0
0.076,12,1,1,1,1,511,1,505,512,0,0
0.077,13,1,1,1,1,513,1,507,511,0,0
0.078,14,1,1,1,1,512,1,503,508,0,0
0.079,15,1,1,1,1,511,0,502,507,0,0
0.08,0,1,1,1,1,512,1,494,507,0,0
0.081,1,1,1,1,1,512,1,500,509,0,0
0.082,2,1,1,1,1,512,2,508,509,0,0
0.083,3,1,1,1,1,511,1,498,507,0,0
0.084,4,1,1,1,1,511,1,497,507,0,0
0.085,5,1,1,1,1,509,1,500,508,0,0
0.086,6,1,1,1,1,511,1,506,508,0,0
0.087,7,1,1,1,1,513,0,519,509,0,0
0.088,8,1,1,1,1,512,1,516,509,0,0
0.089,9,1,1,1,1,513,1,502,509,0,0
0.09,10,1,1,1,1,512,2,499,507,0,0
0.091,11,1,1,1,1,511,1,501,506,0,0
0.092,12,1,1,1,1,511,1,497,509,0,0
0.093,13,1,1,1,1,511,1,508,509,0,0
0.094,14,1,1,1,1,511,1,504,511,0,0
0.095,15,1,1,1,1,512,1,502,510,0,0
0.096,0,1,1,1,1,513,1,508,511,0,0
0.097,1,1,1,1,1,512,1,504,508,0,0
0.098,2,1,1,1,1,511,2,504,508,0,0
0.099,3,1,1,1,1,509,1,505,505,0,0
0.1,4,1,1,1,1,512,1,504,506,0,0
0.101,5,1,1,1,1,513,1,507,507,0,0
0.102,6,1,1,1,1,512,1,499,510,0,0
0.103,7,1,1,1,1,510,1,504,510,0,0
0.104,8,1,1,1,1,510,1,505,509,0,0
0.105,9,1,1,1,1,511,1,512,510,0,0
0.106,10,1,1,1,1,513,2,518,509,0,0
0.107,11,1,1,1,1,512,1,511,509,0,0
0.108,12,1,1,1,1,512,1,512,508,0,0
0.109,13,1,1,1,1,510,1,511,508,0,0
0.11,14,1,1,1,1,512,1,514,507,0,0
0.111,15,1,1,1,1,512,1,500,508,0,0
0.112,0,1,1,1,1,512,1,508,510,0,0
0.113,1,1,1,1,1,512,1,504,508,0,0
0.114,2,1,1,1,1,511,2,509,508,0,0
0.115,3,1,1,1,1,510,1,508,508,0,0
0.116,4,1,1,1,1,511,0,516,508,0,0
0.117,5,1,1,1,1,512,1,517,507,0,0
0.118,6,1,1,1,1,511,1,510,508,0,0
0.119,7,1,1,1,1,512,1,500,507,0,0
0.12,8,1,1,1,1,512,1,503,508,0,0
0.121,9,1,1,1,1,512,1,499,509,0,0
0.122,10,1,1,1,1,513,2,502,508,0,0
0.123,11,1,1,1,1,512,1,502,509,0,0
0.124,12,1,1,1,1,511,0,511,507,0,0
0.125,13,1,1,1,1,509,1,513,509,0,0
0.126,14,1,1,1,1,513,1,518,507,0,0
0.127,15,1,1,1,1,511,1,506,509,0,0
0.128,0,1,1,1,1,511,1,506,510,0,0
0.129,1,1,1,1,1,510,1,499,510,0,0
0.13,2,1,1,1,1,513,2,510,509,0,0
0.131,3,1,1,1,1,513,1,512,508,0,0
0.132,4,1,1,1,1,511,0,513,509,0,0
0.133,5,1,1,1,1,511,1,505,508,0,0
0.134,6,1,1,1,1,512,1,504,507,0,0
0.135,7,1,1,1,1,514,1,507,509,0,0
0.136,8,1,1,1,1,512,1,524,509,0,0
0.137,9,1,1,1,1,512,1,527,508,0,0
0.138,10,1,1,1,1,510,1,505,509,0,0
0.139,11,1,1,1,1,511,1,494,507,0,0
0.14,12,1,1,1,1,511,1,496,510,0,0
0.141,13,1,1,1,1,510,1,498,511,0,0
0.142,14,1,1,1,1,512,1,499,509,0,0
0.143,15,1,1,1,1,511,1,501,509,0,0
0.144,0,1,1,1,1,511,1,504,508,0,0
0.145,1,1,1,1,1,511,1,517,506,0,0
0.146,2,1,1,1,1,510,1,534,509,0,0
0.147,3,1,1,1,1,513,1,521,508,0,0
0.148,4,1,1,1,1,510,1,505,508,0,0
0.149,5,1,1,1,1,512,1,498,508,0,0
0.15,6,1,1,1,1,512,1,519,507,0,0
0.151,7,1,1,1,1,512,1,520,506,0,0
0.152,8,1,1,1,1,512,1,520,510,0,0
0.153,9,1,1,1,1,510,1,516,508,0,0
0.154,10,1,1,1,1,510,1,533,510,0,0
0.155,11,1,1,1,1,515,1,521,508,0,0
0.156,12,1,1,1,1,512,1,509,508,0,0
0.157,13,1,1,1,1,512,1,511,509,0,0
0.158,14,1,1,1,1,511,1,515,508,0,0
0.159,15,1,1,1,1,511,1,494,510,0,0
0.16,0,1,1,1,1,511,1,477,510,0,0
0.161,1,1,1,1,1,512,1,472,511,0,0
0.162,2,1,1,1,1,512,2,483,507,0,0
0.163,3,1,1,1,1,511,1,489,510,0,0
0.164,4,1,1,1,1,512,0,498,509,0,0
0.165,5,1,1,1,1,511,1,500,511,0,0
0.166,6,1,1,1,1,511,1,503,510,0,0
0.167,7,1,1,1,1,511,1,504,509,0,0
0.168,8,1,1,1,1,512,1,509,507,0,0
0.169,9,1,1,1,1,512,1,500,508,0,0
0.17,10,1,1,1,1,512,2,511,507,0,0
0.171,11,1,1,1,1,510,1,506,506,0,0
0.172,12,1,1,1,1,512,0,505,510,0,0
0.173,13,1,1,1,1,515,1,508,507,0,0
0.174,14,1,1,1,1,511,1,508,505,0,0
0.175,15,1,1,1,1,510,1,510,508,0,0
0.176,0,1,1,1,1,508,1,519,511,0,0
0.177,1,1,1,1,1,510,1,523,507,0,0
0.178,2,1,1,1,1,512,2,531,509,0,0
0.179,3,1,1,1,1,512,1,517,510,0,0
0.18,4,1,1,1,1,512,0,524,511,0,0
0.181,5,1,1,1,1,512,1,528,511,0,0
0.182,6,1,1,1,1,511,1,522,508,0,0
0.183,7,1,1,1,1,511,1,519,508,0,0
0.184,8,1,1,1,1,511,1,514,508,0,0
0.185,9,1,1,1,1,511,1,513,508,0,0
0.186,10,1,1,1,1,511,2,515,507,0,0
0.187,11,1,1,1,1,511,1,522,506,0,0
0.188,12,1,1,1,1,511,1,516,510,0,0
0.189,13,1,1,1,1,513,1,519,507,0,0
0.19,14,1,1,1,1,513,1,518,507,0,0
0.191,15,1,1,1,1,512,1,519,511,0,0
0.192,0,1,1,1,1,511,1,513,508,0,0
0.193,1,1,1,1,1,513,1,520,509,0,0
0.194,2,1,1,1,1,512,2,520,506,0,0
0.195,3,1,1,1,1,511,1,526,509,0,0
0.196,4,1,1,1,1,511,1,522,507,0,0
0.197,5,1,1,1,1,513,1,515,508,0,0
0.198,6,1,1,1,1,511,1,513,510,0,0
0.199,7,1,1,1,1,513,1,503,507,0,0
0.2,8,1,1,1,1,512,1,495,508,0,0
0.201,9,1,1,1,1,512,1,496,507,0,0
0.202,10,1,1,1,1,513,2,493,508,0,0
0.203,11,1,1,1,1,511,1,501,507,0,0
0.204,12,1,1,1,1,512,1,505,510,0,0
0.205,13,1,1,1,1,511,1,496,510,0,0
0.206,14,1,1,1,1,512,1,496,510,0,0
0.207,15,1,1,1,1,513,0,496,509,0,0
0.208,0,1,1,1,1,509,1,496,508,0,0
0.209,1,1,1,1,1,510,1,508,509,0,0
0.21,2,1,1,1,1,510,2,506,507,0,0
0.211,3,1,1,1,1,511,1,512,508,0,0
0.212,4,1,1,1,1,512,1,518,507,0,0
0.213,5,1,1,1,1,510,1,521,510,0,0
0.214,6,1,1,1,1,512,1,519,509,0,0
0.215,7,1,1,1,1,511,0,518,509,0,0
0.216,8,1,1,1,1,513,1,517,509,0,0
0.217,9,1,1,1,1,512,1,524,509,0,0
0.218,10,1,1,1,1,511,2,514,510,0,0
0.219,11,1,1,1,1,512,1,508,505,0,0
0.22,12,1,1,1,1,511,1,508,506,0,0
0.221,13,1,1,1,1,510,1,505,507,0,0
0.222,14,1,1,1,1,512,1,505,508,0,0
0.223,15,1,1,1,1,511,0,510,508,0,0
0.224,0,1,1,1,1,513,1,507,508,0,0
0.225,1,1,1,1,1,511,1,504,511,0,0
0.226,2,1,1,1,1,511,2,505,509,0,0
0.227,3,1,1,1,1,512,1,519,507,0,0
0.228,4,1,1,1,1,511,1,529,509,0,0
0.229,5,1,1,1,1,511,1,528,510,0,0
0.23,6,1,1,1,1,511,1,516,509,0,0
0.231,7,1,1,1,1,511,1,518,506,0,0
0.232,8,1,1,1,1,512,1,521,505,0,0
0.233,9,1,1,1,1,512,1,522,508,0,0
0.234,10,1,1,1,1,514,2,517,508,0,0
0.235,11,1,1,1,1,512,1,505,506,0,0
0.236,12,1,1,1,1,511,1,504,508,0,0
0.237,13,1,1,1,1,513,1,510,510,0,0
0.238,14,1,1,1,1,511,1,511,509,0,0
0.239,15,1,1,1,1,509,1,508,508,0,0
0.24,0,1,1,1,1,511,1,507,508,0,0
0.241,1,1,1,1,1,513,1,508,507,0,0
0.242,2,1,1,1,1,512,2,511,510,0,0
0.243,3,1,1,1,1,511,1,521,510,0,0
0.244,4,1,1,1,1,511,1,519,510,0,0
0.245,5,1,1,1,1,511,1,512,510,0,0
0.246,6,1,1,1,1,511,1,512,507,0,0
0.247,7,1,1,1,1,511,1,511,507,0,0
0.248,8,1,1,1,1,512,1,510,509,0,0
0.249,9,1,1,1,1,512,1,509,509,0,0
0.25,10,1,1,1,1,511,1,504,509,0,0
0.251,11,1,1,1,1,512,1,507,508,0,0
0.252,12,1,1,1,1,513,1,505,507,0,0
0.253,13,1,1,1,1,513,1,506,507,0,0
0.254,14,1,1,1,1,510,1,495,506,0,0
0.255,15,1,1,1,1,511,1,497,507,0,0
0.256,0,1,1,1,1,511,1,495,508,0,0
0.257,1,1,1,1,1,510,1,496,510,0,0
0.258,2,1,1,1,1,512,1,487,509,0,0
0.259,3,1,1,1,1,512,1,496,510,0,0
0.26,4,1,1,1,1,511,1,505,508,0,0
0.261,5,1,1,1,1,511,1,502,509,0,0
0.262,6,1,1,1,1,510,1,507,509,0,0
0.263,7,1,1,1,1,512,1,512,508,0,0
0.264,8,1,1,1,1,512,1,518,507,0,0
0.265,9,1,1,1,1,512,1,511,508,0,0
0.266,10,1,1,1,1,511,1,511,509,0,0
0.267,11,1,1,1,1,511,1,506,510,0,0
0.268,12,1,1,1,1,510,1,512,508,0,0
0.269,13,1,1,1,1,510,1,511,509,0,0
0.27,14,1,1,1,1,512,1,506,509,0,0
0.271,15,1,1,1,1,513,1,511,509,0,0
0.272,0,1,1,1,1,511,1,514,510,0,0
0.273,1,1,1,1,1,512,1,518,509,0,0
0.274,2,1,1,1,1,511,2,518,507,0,0
0.275,3,1,1,1,1,512,1,514,508,0,0
0.276,4,1,1,1,1,513,1,510,507,0,0
0.277,5,1,1,1,1,511,1,517,507,0,0
0.278,6,1,1,1,1,511,1,510,508,0,0
0.279,7,1,1,1,1,511,1,503,508,0,0
0.28,8,1,1,1,1,512,1,508,509,0,0
0.281,9,1,1,1,1,509,1,509,508,0,0
0.282,10,1,1,1,1,512,2,511,508,0,0
0.283,11,1,1,1,1,510,1,505,508,0,0
0.284,12,1,1,1,1,510,1,500,508,0,0
0.285,13,1,1,1,1,513,1,505,508,0,0
0.286,14,1,1,1,1,512,1,511,508,0,0
0.287,15,1,1,1,1,511,1,513,508,0,0
0.288,0,1,1,1,1,512,1,517,508,0,0
0.289,1,1,1,1,1,512,1,514,509,0,0
0.29,2,1,1,1,1,513,2,514,509,0,0
0.291,3,1,1,1,1,512,1,508,510,0,0
0.292,4,1,1,1,1,511,1,515,508,0,0
0.293,5,1,1,1,1,511,1,516,508,0,0
0.294,6,1,1,1,1,512,1,514,508,0,0
0.295,7,1,1,1,1,512,0,505,509,0,0
0.296,8,1,1,1,1,511,1,519,506,0,0
0.297,9,1,1,1,1,513,1,520,507,0,0
0.298,10,1,1,1,1,511,2,520,510,0,0
0.299,11,1,1,1,1,512,1,518,510,0,0
0.3,12,1,1,1,1,512,1,512,510,0,0
0.301,13,1,1,1,1,511,1,501,508,0,0
0.302,14,1,1,1,1,510,1,499,508,0,0
0.303,15,1,1,1,1,513,0,508,509,0,0
0.304,0,1,1,1,1,511,1,503,508,0,0
0.305,1,1,1,1,1,511,1,514,507,0,0
0.306,2,1,1,1,1,509,2,510,509,0,0
0.307,3,1,1,1,1,512,1,515,509,0,0
0.308,4,1,1,1,1,511,1,513,509,0,0
0.309,5,1,1,1,1,511,1,509,509,0,0
0.31,6,1,1,1,1,512,1,505,509,0,0
0.311,7,1,1,1,1,512,0,510,508,0,0
0.312,8,1,1,1,1,511,1,512,508,0,0
0.313,9,1,1,1,1,512,1,508,509,0,0
0.314,10,1,1,1,1,512,2,504,507,0,0
0.315,11,1,1,1,1,511,1,511,510,0,0
0.316,12,1,1,1,1,510,1,507,510,0,0
0.317,13,1,1,1,1,512,1,521,511,0,0
0.318,14,1,1,1,1,511,1,515,508,0,0
0.319,15,1,1,1,1,511,1,520,506,0,0
0.32,0,1,1,1,1,512,1,516,506,0,0
0.321,1,1,1,1,1,512,1,514,506,0,0
0.322,2,1,1,1,1,511,2,519,508,0,0
0.323,3,1,1,1,1,512,1,510,508,0,0
0.324,4,1,1,1,1,511,1,497,508,0,0
0.325,5,1,1,1,1,510,1,492,508,0,0
0.326,6,1,1,1,1,510,1,488,508,0,0
0.327,7,1,1,1,1,511,1,493,508,0,0
0.328,8,1,1,1,1,511,1,510,508,0,0
0.329,9,1,1,1,1,511,1,512,512,0,0
0.33,10,1,1,1,1,512,2,518,509,0,0
0.331,11,1,1,1,1,512,1,520,509,0,0
0.332,12,1,1,1,1,511,1,509,508,0,0
0.333,13,1,1,1,1,512,1,513,508,0,0
0.334,14,1,1,1,1,512,1,511,509,0,0
0.335,15,1,1,1,1,511,1,506,508,0,0
0.336,0,1,1,1,1,511,1,503,509,0,0
0.337,1,1,1,1,1,511,1,506,508,0,0
0.338,2,1,1,1,1,511,2,511,507,0,0
0.339,3,1,1,1,1,511,1,519,507,0,0
0.34,4,1,1,1,1,510,0,510,508,0,0
0.341,5,1,1,1,1,510,1,511,507,0,0
0.342,6,1,1,1,1,511,1,514,510,0,0
0.343,7,1,1,1,1,512,1,510,509,0,0
0.344,8,1,1,1,1,511,1,503,508,0,0
0.345,9,1,1,1,1,509,1,513,508,0,0
0.346,10,1,1,1,1,511,2,515,510,0,0
0.347,11,1,1,1,1,513,1,516,508,0,0
0.348,12,1,1,1,1,513,0,518,507,0,0
0.349,13,1,1,1,1,511,1,521,508,0,0
0.35,14,1,1,1,1,513,1,518,508,0,0
0.351,15,1,1,1,1,512,1,522,507,0,0
0.352,0,1,1,1,1,511,1,521,508,0,0
0.353,1,1,1,1,1,512,1,521,508,0,0
0.354,2,1,1,1,1,511,2,517,510,0,0
0.355,3,1,1,1,1,511,1,522,509,0,0
0.356,4,1,1,1,1,512,1,511,511,0,0
0.357,5,1,1,1,1,511,1,507,510,0,0
0.358,6,1,1,1,1,511,1,507,508,0,0
0.359,7,1,1,1,1,511,1,506,508,0,0
0.36,8,1,1,1,1,509,1,501,510,0,0
0.361,9,1,1,1,1,511,1,508,513,0,0
0.362,10,1,1,1,1,510,1,514,509,0,0
0.363,11,1,1,1,1,511,1,510,509,0,0
0.364,12,1,1,1,1,512,1,509,511,0,0
0.365,13,1,1,1,1,513,1,511,508,0,0
0.366,14,1,1,1,1,512,1,513,506,0,0
0.367,15,1,1,1,1,511,1,512,507,0,0
0.368,0,1,1,1,1,512,1,515,510,0,0
0.369,1,1,1,1,1,511,1,512,508,0,0
0.37,2,1,1,1,1,511,1,508,507,0,0
0.371,3,1,1,1,1,510,1,513,507,0,0
0.372,4,1,1,1,1,515,1,510,506,0,0
0.373,5,1,1,1,1,511,1,506,510,0,0
0.374,6,1,1,1,1,513,1,503,506,0,0
0.375,7,1,1,1,1,511,1,515,509,0,0
0.376,8,1,1,1,1,509,1,515,508,0,0
0.377,9,1,1,1,1,510,1,512,509,0,0
0.378,10,1,1,1,1,511,2,512,509,0,0
0.379,11,1,1,1,1,512,1,521,511,0,0
0.38,12,1,1,1,1,512,0,521,511,0,0
0.381,13,1,1,1,1,510,1,517,508,0,0
0.382,14,1,1,1,1,512,1,530,509,0,0
0.383,15,1,1,1,1,511,1,519,510,0,0
0.384,0,1,1,1,1,512,1,528,508,0,0
0.385,1,1,1,1,1,513,1,524,506,0,0
0.386,2,1,1,1,1,511,2,518,505,0,0
0.387,3,1,1,1,1,511,1,497,505,0,0
0.388,4,1,1,1,1,512,0,500,505,0,0
0.389,5,1,1,1,1,511,1,499,505,0,0
0.39,6,1,1,1,1,512,1,507,509,0,0
0.391,7,1,1,1,1,511,1,503,508,0,0
0.392,8,1,1,1,1,510,1,498,508,0,0
0.393,9,1,1,1,1,511,1,512,510,0,0
0.394,10,1,1,1,1,512,2,519,510,0,0
0.395,11,1,1,1,1,511,1,516,511,0,0
0.396,12,1,1,1,1,513,0,512,512,0,0
0.397,13,1,1,1,1,514,1,519,513,0,0
0.398,14,1,1,1,1,513,1,516,513,0,0
0.399,15,1,1,1,1,511,1,520,511,0,0
0.4,0,1,1,1,1,512,1,511,508,0,0
0.401,1,1,1,1,1,513,1,510,508,0,0
0.402,2,1,1,1,1,512,2,504,508,0,0
0.403,3,1,1,1,1,509,1,493,507,0,0
0.404,4,1,1,1,1,512,1,491,506,0,0
0.405,5,1,1,1,1,512,1,480,508,0,0
0.406,6,1,1,1,1,512,1,479,507,0,0
0.407,7,1,1,1,1,508,1,476,508,0,0
0.408,8,1,1,1,1,510,1,447,511,0,0
0.409,9,1,1,1,1,511,1,448,510,0,0
0.41,10,1,1,1,1,514,2,454,507,0,0
0.411,11,1,1,1,1,513,1,465,509,0,0
0.412,12,1,1,1,1,511,1,475,508,0,0
0.413,13,1,1,1,1,510,1,490,508,0,0
0.414,14,1,1,1,1,512,1,497,508,0,0
0.415,15,1,1,1,1,511,1,504,511,0,0
0.416,0,1,1,1,1,510,1,504,509,0,0
0.417,1,1,1,1,1,512,1,501,509,0,0
0.418,2,1,1,1,1,512,2,511,507,0,0
0.419,3,1,1,1,1,512,1,525,508,0,0
0.42,4,1,1,1,1,511,1,521,508,0,0
0.421,5,1,1,1,1,510,1,523,508,0,0
0.422,6,1,1,1,1,512,1,525,509,0,0
0.423,7,1,1,1,1,512,1,519,508,0,0
0.424,8,1,1,1,1,511,1,521,508,0,0
0.425,9,1,1,1,1,513,1,522,508,0,0
0.426,10,1,1,1,1,511,2,525,509,0,0
0.427,11,1,1,1,1,510,1,522,511,0,0
0.428,12,1,1,1,1,512,1,519,507,0,0
0.429,13,1,1,1,1,510,1,526,509,0,0
0.43,14,1,1,1,1,511,1,526,508,0,0
0.431,15,1,1,1,1,513,0,520,509,0,0
0.432,0,1,1,1,1,511,1,522,508,0,0
0.433,1,1,1,1,1,511,1,519,509,0,0
0.434,2,1,1,1,1,510,2,523,508,0,0
0.435,3,1,1,1,1,512,1,528,509,0,0
0.436,4,1,1,1,1,512,1,531,509,0,0
0.437,5,1,1,1,1,512,1,535,510,0,0
0.438,6,1,1,1,1,511,1,564,509,0,0
0.439,7,1,1,1,1,512,0,568,509,0,0
0.44,8,1,1,1,1,512,1,559,509,0,0
0.441,9,1,1,1,1,511,1,551,509,0,0
0.442,10,1,1,1,1,511,2,546,507,0,0
0.443,11,1,1,1,1,510,1,539,508,0,0
0.444,12,1,1,1,1,511,1,529,507,0,0
0.445,13,1,1,1,1,512,1,531,507,0,0
0.446,14,1,1,1,1,510,1,530,507,0,0
0.447,15,1,1,1,1,512,1,516,507,0,0
0.448,0,1,1,1,1,513,1,507,508,0,0
0.449,1,1,1,1,1,512,1,508,511,0,0
0.45,2,1,1,1,1,510,2,518,511,0,0
0.451,3,1,1,1,1,512,1,519,508,0,0
0.452,4,1,1,1,1,513,1,512,508,0,0
0.453,5,1,1,1,1,513,1,505,510,0,0
0.454,6,1,1,1,1,513,1,497,511,0,0
0.455,7,1,1,1,1,513,1,497,511,0,0
0.456,8,1,1,1,1,513,1,506,509,0,0
0.457,9,1,1,1,1,514,1,499,508,0,0
0.458,10,1,1,1,1,513,2,499,508,0,0
0.459,11,1,1,1,1,512,1,495,508,0,0
0.46,12,1,1,1,1,512,1,496,508,0,0
0.461,13,1,1,1,1,511,1,508,508,0,0
0.462,14,1,1,1,1,512,1,509,508,0,0
0.463,15,1,1,1,1,510,1,501,508,0,0
0.464,0,1,1,1,1,510,1,505,508,0,0
0.465,1,1,1,1,1,511,1,514,508,0,0
0.466,2,1,1,1,1,511,1,508,510,0,0
0.467,3,1,1,1,1,512,1,510,507,0,0
0.468,4,1,1,1,1,510,1,505,509,0,0
0.469,5,1,1,1,1,510,1,510,508,0,0
0.47,6,1,1,1,1,512,1,510,507,0,0
0.471,7,1,1,1,1,512,1,511,506,0,0
0.472,8,1,1,1,1,513,1,512,509,0,0
0.473,9,1,1,1,1,512,1,516,507,0,0
0.474,10,1,1,1,1,510,1,519,507,0,0
0.475,11,1,1,1,1,512,1,511,508,0,0
0.476,12,1,1,1,1,510,1,506,509,0,0
0.477,13,1,1,1,1,510,1,499,508,0,0
0.478,14,1,1,1,1,510,1,499,508,0,0
0.479,15,1,1,1,1,511,1,497,509,0,0
0.48,0,1,1,1,1,512,1,503,505,0,0
0.481,1,1,1,1,1,511,1,496,505,0,0
0.482,2,1,1,1,1,512,1,496,508,0,0
0.483,3,1,1,1,1,509,1,495,508,0,0
0.484,4,1,1,1,1,511,1,498,509,0,0
0.485,5,1,1,1,1,514,1,497,510,0,0
0.486,6,1,1,1,1,513,1,492,511,0,0
0.487,7,1,1,1,1,512,1,518,510,0,0
0.488,8,1,1,1,1,510,1,520,509,0,0
0.489,9,1,1,1,1,510,1,516,511,0,0
0.49,10,1,1,1,1,511,2,527,511,0,0
0.491,11,1,1,1,1,512,1,525,511,0,0
0.492,12,1,1,1,1,511,1,519,511,0,0
0.493,13,1,1,1,1,512,1,517,510,0,0
0.494,14,1,1,1,1,513,1,515,506,0,0
0.495,15,1,1,1,1,513,1,513,509,0,0
0.496,0,1,1,1,1,514,1,516,508,0,0
0.497,1,1,1,1,1,511,1,515,508,0,0
0.498,2,1,1,1,1,512,2,505,510,0,0
0.499,3,1,1,1,1,510,1,500,505,0,0
0.5,4,1,1,1,1,510,1,499,507,0,0
0.501,5,1,1,1,1,510,1,497,507,0,0
0.502,6,1,1,1,1,509,1,505,506,0,0
0.503,7,1,1,1,1,512,1,512,508,0,0
0.504,8,1,1,1,1,511,1,521,508,0,0
0.505,9,1,1,1,1,513,1,524,507,0,0
0.506,10,1,1,1,1,511,2,521,508,0,0
0.507,11,1,1,1,1,512,1,524,508,0,0
0.508,12,1,1,1,1,511,1,514,509,0,0
0.509,13,1,1,1,1,511,1,504,508,0,0
0.51,14,1,1,1,1,513,1,495,507,0,0
0.511,15,1,1,1,1,513,0,492,508,0,0
0.512,0,1,1,1,1,512,1,495,510,0,0
0.513,1,1,1,1,1,512,1,506,508,0,0
0.514,2,1,1,1,1,512,2,511,508,0,0
0.515,3,1,1,1,1,510,1,514,508,0,0
0.516,4,1,1,1,1,510,1,514,507,0,0
0.517,5,1,1,1,1,511,1,502,506,0,0
0.518,6,1,1,1,1,510,1,498,509,0,0
0.519,7,1,1,1,1,513,0,493,507,0,0
0.52,8,1,1,1,1,511,1,497,507,0,0
0.521,9,1,1,1,1,511,1,499,509,0,0
0.522,10,1,1,1,1,512,2,505,509,0,0
0.523,11,1,1,1,1,510,1,506,509,0,0
0.524,12,1,1,1,1,512,1,507,509,0,0
0.525,13,1,1,1,1,512,1,508,511,0,0
0.526,14,1,1,1,1,513,1,500,507,0,0
0.527,15,1,1,1,1,511,0,495,510,0,0
0.528,0,1,1,1,1,512,1,497,508,0,0
0.529,1,1,1,1,1,511,1,501,507,0,0
0.53,2,1,1,1,1,512,2,500,508,0,0
0.531,3,1,1,1,1,512,1,511,509,0,0
0.532,4,1,1,1,1,512,1,512,509,0,0
0.533,5,1,1,1,1,512,1,520,508,0,0
0.534,6,1,1,1,1,512,1,513,508,0,0
0.535,7,1,1,1,1,512,1,522,506,0,0
0.536,8,1,1,1,1,510,1,521,507,0,0
0.537,9,1,1,1,1,509,1,516,509,0,0
0.538,10,1,1,1,1,511,2,511,511,0,0
0.539,11,1,1,1,1,510,1,510,508,0,0
0.54,12,1,1,1,1,511,1,501,510,0,0
0.541,13,1,1,1,1,511,1,505,509,0,0
0.542,14,1,1,1,1,512,1,504,507,0,0
0.543,15,1,1,1,1,512,1,509,508,0,0
0.544,0,1,1,1,1,511,1,510,510,0,0
0.545,1,1,1,1,1,511,1,515,506,0,0
0.546,2,1,1,1,1,513,2,515,507,0,0
0.547,3,1,1,1,1,512,1,513,508,0,0
0.548,4,1,1,1,1,512,1,521,510,0,0
0.549,5,1,1,1,1,511,1,509,508,0,0
0.55,6,1,1,1,1,512,1,514,508,0,0
0.551,7,1,1,1,1,511,1,515,511,0,0
0.552,8,1,1,1,1,509,1,512,508,0,0
0.553,9,1,1,1,1,510,1,509,507,0,0
0.554,10,1,1,1,1,512,2,513,509,0,0
0.555,11,1,1,1,1,510,1,505,508,0,0
0.556,12,1,1,1,1,511,0,494,507,0,0
0.557,13,1,1,1,1,511,1,499,508,0,0
0.558,14,1,1,1,1,513,1,506,507,0,0
0.559,15,1,1,1,1,511,1,495,508,0,0
0.56,0,1,1,1,1,513,1,500,508,0,0
0.561,1,1,1,1,1,513,1,504,508,0,0
0.562,2,1,1,1,1,511,2,511,509,0,0
0.563,3,1,1,1,1,514,1,521,508,0,0
0.564,4,1,1,1,1,510,0,518,508,0,0
0.565,5,1,1,1,1,512,1,521,509,0,0
0.566,6,1,1,1,1,510,1,525,507,0,0
0.567,7,1,1,1,1,511,1,513,508,0,0
0.568,8,1,1,1,1,513,1,509,509,0,0
0.569,9,1,1,1,1,511,1,511,509,0,0
0.57,10,1,1,1,1,512,2,507,507,0,0
0.571,11,1,1,1,1,512,1,503,510,0,0
0.572,12,1,1,1,1,511,0,505,509,0,0
0.573,13,1,1,1,1,509,1,508,507,0,0
0.574,14,1,1,1,1,511,1,514,508,0,0
0.575,15,1,1,1,1,511,1,516,508,0,0
0.576,0,1,1,1,1,511,1,520,510,0,0
0.577,1,1,1,1,1,513,1,519,510,0,0
0.578,2,1,1,1,1,514,1,515,510,0,0
0.579,3,1,1,1,1,512,1,515,510,0,0
0.58,4,1,1,1,1,513,1,517,510,0,0
0.581,5,1,1,1,1,513,1,511,510,0,0
0.582,6,1,1,1,1,511,1,507,507,0,0
0.583,7,1,1,1,1,510,1,504,509,0,0
0.584,8,1,1,1,1,511,1,507,509,0,0
0.585,9,1,1,1,1,511,1,502,508,0,0
0.586,10,1,1,1,1,509,1,505,505,0,0
0.587,11,1,1,1,1,512,1,502,506,0,0
0.588,12,1,1,1,1,512,1,503,506,0,0
0.589,13,1,1,1,1,512,1,511,507,0,0
0.59,14,1,1,1,1,511,1,512,507,0,0
0.591,15,1,1,1,1,511,1,504,508,0,0
0.592,0,1,1,1,1,511,1,512,509,0,0
0.593,1,1,1,1,1,511,1,508,509,0,0
0.594,2,1,1,1,1,512,1,509,508,0,0
0.595,3,1,1,1,1,513,1,499,511,0,0
0.596,4,1,1,1,1,512,0,504,510,0,0
0.597,5,1,1,1,1,511,1,508,509,0,0
0.598,6,1,1,1,1,510,1,502,508,0,0
0.599,7,1,1,1,1,511,1,501,509,0,0
0.6,8,1,1,1,1,511,1,516,509,0,0
0.601,9,1,1,1,1,512,1,518,509,0,0
0.602,10,1,1,1,1,511,2,525,508,0,0
0.603,11,1,1,1,1,511,1,530,508,0,0
0.604,12,1,1,1,1,513,0,533,508,0,0
0.605,13,1,1,1,1,510,1,537,507,0,0
0.606,14,1,1,1,1,511,1,521,510,0,0
0.607,15,1,1,1,1,512,1,516,508,0,0
0.608,0,1,1,1,1,512,1,516,509,0,0
0.609,1,1,1,1,1,511,1,511,508,0,0
0.61,2,1,1,1,1,510,2,512,509,0,0
0.611,3,1,1,1,1,513,1,513,508,0,0
0.612,4,1,1,1,1,512,0,507,510,0,0
0.613,5,1,1,1,1,512,1,505,508,0,0
0.614,6,1,1,1,1,511,1,519,510,0,0
0.615,7,1,1,1,1,509,1,516,506,0,0
0.616,8,1,1,1,1,511,1,511,504,0,0
0.617,9,1,1,1,1,511,1,510,508,0,0
0.618,10,1,1,1,1,512,2,510,509,0,0
0.619,11,1,1,1,1,511,1,499,508,0,0
0.62,12,1,1,1,1,511,1,500,507,0,0
0.621,13,1,1,1,1,511,1,504,508,0,0
0.622,14,1,1,1,1,511,1,507,509,0,0
0.623,15,1,1,1,1,513,1,510,509,0,0
0.624,0,1,1,1,1,512,1,504,509,0,0
0.625,1,1,1,1,1,511,1,492,509,0,0
0.626,2,1,1,1,1,511,2,494,507,0,0
0.627,3,1,1,1,1,512,1,503,506,0,0
0.628,4,1,1,1,1,511,1,506,508,0,0
0.629,5,1,1,1,1,511,1,503,510,0,0
0.63,6,1,1,1,1,511,1,503,509,0,0
0.631,7,1,1,1,1,511,1,510,510,0,0
0.632,8,1,1,1,1,512,1,517,509,0,0
0.633,9,1,1,1,1,511,1,520,508,0,0
0.634,10,1,1,1,1,512,2,512,508,0,0
0.635,11,1,1,1,1,513,1,511,508,0,0
0.636,12,1,1,1,1,513,1,514,509,0,0
0.637,13,1,1,1,1,510,1,500,509,0,0
0.638,14,1,1,1,1,511,1,492,507,0,0
0.639,15,1,1,1,1,510,1,496,510,0,0
0.64,0,1,1,1,1,512,1,502,508,0,0
0.641,1,1,1,1,1,511,1,498,508,0,0
0.642,2,1,1,1,1,512,2,515,507,0,0
0.643,3,1,1,1,1,512,1,513,509,0,0
0.644,4,1,1,1,1,511,1,519,509,0,0
0.645,5,1,1,1,1,511,1,527,507,0,0
0.646,6,1,1,1,1,511,1,516,509,0,0
0.647,7,1,1,1,1,511,0,506,509,0,0
0.648,8,1,1,1,1,509,1,513,510,0,0
0.649,9,1,1,1,1,511,1,521,510,0,0
0.65,10,1,1,1,1,512,2,529,509,0,0
0.651,11,1,1,1,1,511,1,532,510,0,0
0.652,12,1,1,1,1,510,1,527,509,0,0
0.653,13,1,1,1,1,512,1,521,510,0,0
0.654,14,1,1,1,1,512,1,516,507,0,0
0.655,15,1,1,1,1,513,0,520,508,0,0
0.656,0,1,1,1,1,511,1,516,507,0,0
0.657,1,1,1,1,1,512,1,511,504,0,0
0.658,2,1,1,1,1,512,2,511,507,0,0
0.659,3,1,1,1,1,512,1,507,509,0,0
0.66,4,1,1,1,1,511,1,515,508,0,0
0.661,5,1,1,1,1,510,1,507,508,0,0
0.662,6,1,1,1,1,512,1,520,508,0,0
0.663,7,1,1,1,1,510,1,514,509,0,0
0.664,8,1,1,1,1,510,1,505,508,0,0
0.665,9,1,1,1,1,511,1,502,507,0,0
0.666,10,1,1,1,1,511,2,487,507,0,0
0.667,11,1,1,1,1,512,1,501,508,0,0
0.668,12,1,1,1,1,511,1,503,508,0,0
0.669,13,1,1,1,1,512,1,496,509,0,0
0.67,14,1,1,1,1,512,1,494,511,0,0
0.671,15,1,1,1,1,512,1,488,505,0,0
0.672,0,1,1,1,1,512,1,488,507,0,0
0.673,1,1,1,1,1,512,1,498,505,0,0
0.674,2,1,1,1,1,511,2,487,507,0,0
0.675,3,1,1,1,1,511,1,502,507,0,0
0.676,4,1,1,1,1,511,1,507,511,0,0
0.677,5,1,1,1,1,513,1,510,509,0,0
0.678,6,1,1,1,1,511,1,504,508,0,0
0.679,7,1,1,1,1,512,1,501,511,0,0
0.68,8,1,1,1,1,511,1,510,512,0,0
0.681,9,1,1,1,1,511,1,503,513,0,0
0.682,10,1,1,1,1,512,2,503,513,0,0
0.683,11,1,1,1,1,510,1,506,508,0,0
0.684,12,1,1,1,1,511,1,505,508,0,0
0.685,13,1,1,1,1,511,1,508,508,0,0
0.686,14,1,1,1,1,513,1,513,507,0,0
0.687,15,1,1,1,1,511,1,510,508,0,0
0.688,0,1,1,1,1,512,1,508,506,0,0
0.689,1,1,1,1,1,513,1,501,509,0,0
0.69,2,1,1,1,1,511,1,499,508,0,0
0.691,3,1,1,1,1,510,1,503,509,0,0
0.692,4,1,1,1,1,511,1,497,508,0,0
0.693,5,1,1,1,1,513,1,494,508,0,0
0.694,6,1,1,1,1,512,1,505,507,0,0
0.695,7,1,1,1,1,511,1,519,507,0,0
0.696,8,1,1,1,1,512,1,532,507,0,0
0.697,9,1,1,1,1,512,1,528,510,0,0
0.698,10,1,1,1,1,510,1,537,507,0,0
0.699,11,1,1,1,1,512,1,529,508,0,0
0.7,12,1,1,1,1,511,1,525,508,0,0
0.701,13,1,1,1,1,511,1,517,510,0,0
0.702,14,1,1,1,1,512,1,512,508,0,0
0.703,15,1,1,1,1,512,1,510,505,0,0
0.704,0,1,1,1,1,511,1,503,507,0,0
0.705,1,1,1,1,1,512,1,499,508,0,0
0.706,2,1,1,1,1,509,2,499,508,0,0
0.707,3,1,1,1,1,512,1,507,506,0,0
0.708,4,1,1,1,1,513,1,504,507,0,0
0.709,5,1,1,1,1,514,1,505,511,0,0
0.71,6,1,1,1,1,512,1,505,508,0,0
0.711,7,1,1,1,1,511,1,512,510,0,0
0.712,8,1,1,1,1,512,1,511,509,0,0
0.713,9,1,1,1,1,512,1,505,509,0,0
0.714,10,1,1,1,1,512,2,515,507,0,0
0.715,11,1,1,1,1,511,1,514,507,0,0
0.716,12,1,1,1,1,509,1,511,508,0,0
0.717,13,1,1,1,1,511,1,520,508,0,0
0.718,14,1,1,1,1,513,1,520,507,0,0
0.719,15,1,1,1,1,513,1,522,508,0,0
0.72,0,1,1,1,1,513,1,527,510,0,0
0.721,1,1,1,1,1,510,1,524,507,0,0
0.722,2,1,1,1,1,510,2,515,508,0,0
0.723,3,1,1,1,1,510,1,512,509,0,0
0.724,4,1,1,1,1,511,1,519,509,0,0
0.725,5,1,1,1,1,511,1,527,510,0,0
0.726,6,1,1,1,1,511,1,524,508,0,0
0.727,7,1,1,1,1,512,0,514,510,0,0
0.728,8,1,1,1,1,511,1,515,506,0,0
0.729,9,1,1,1,1,511,1,507,508,0,0
0.73,10,1,1,1,1,512,2,508,507,0,0
0.731,11,1,1,1,1,513,1,505,508,0,0
0.732,12,1,1,1,1,513,1,502,509,0,0
0.733,13,1,1,1,1,512,1,496,510,0,0
0.734,14,1,1,1,1,511,1,495,509,0,0
0.735,15,1,1,1,1,510,0,503,511,0,0
0.736,0,1,1,1,1,512,1,514,508,0,0
0.737,1,1,1,1,1,511,1,516,508,0,0
0.738,2,1,1,1,1,511,2,518,508,0,0
0.739,3,1,1,1,1,509,1,516,508,0,0
0.74,4,1,1,1,1,510,1,510,510,0,0
0.741,5,1,1,1,1,514,1,516,507,0,0
0.742,6,1,1,1,1,511,1,521,507,0,0
0.743,7,1,1,1,1,512,0,522,507,0,0
0.744,8,1,1,1,1,511,1,519,508,0,0
0.745,9,1,1,1,1,512,1,518,511,0,0
0.746,10,1,1,1,1,514,2,522,508,0,0
0.747,11,1,1,1,1,511,1,524,507,0,0
0.748,12,1,1,1,1,510,1,512,508,0,0
0.749,13,1,1,1,1,510,1,509,508,0,0
0.75,14,1,1,1,1,511,1,510,507,0,0
0.751,15,1,1,1,1,511,1,510,508,0,0
0.752,0,1,1,1,1,512,1,509,511,0,0
0.753,1,1,1,1,1,512,1,514,510,0,0
0.754,2,1,1,1,1,511,2,511,509,0,0
0.755,3,1,1,1,1,511,1,508,507,0,0
0.756,4,1,1,1,1,511,1,508,507,0,0
0.757,5,1,1,1,1,511,1,513,508,0,0
0.758,6,1,1,1,1,512,1,504,509,0,0
0.759,7,1,1,1,1,511,1,512,507,0,0
0.76,8,1,1,1,1,512,1,519,508,0,0
0.761,9,1,1,1,1,511,1,508,508,0,0
0.762,10,1,1,1,1,510,2,504,513,0,0
0.763,11,1,1,1,1,511,1,504,510,0,0
0.764,12,1,1,1,1,512,1,513,508,0,0
0.765,13,1,1,1,1,511,1,508,508,0,0
0.766,14,1,1,1,1,510,1,505,508,0,0
0.767,15,1,1,1,1,508,1,511,507,0,0
0.768,0,1,1,1,1,510,1,507,508,0,0
0.769,1,1,1,1,1,511,1,509,508,0,0
0.77,2,1,1,1,1,511,2,518,509,0,0
0.771,3,1,1,1,1,512,1,512,508,0,0
0.772,4,1,1,1,1,511,0,508,508,0,0
0.773,5,1,1,1,1,512,1,512,510,0,0
0.774,6,1,1,1,1,512,1,512,508,0,0
0.775,7,1,1,1,1,510,1,520,508,0,0
0.776,8,1,1,1,1,512,1,522,508,0,0
0.777,9,1,1,1,1,512,1,516,507,0,0
0.778,10,1,1,1,1,511,2,506,509,0,0
0.779,11,1,1,1,1,512,1,499,508,0,0
0.78,12,1,1,1,1,512,0,508,508,0,0
0.781,13,1,1,1,1,510,1,511,510,0,0
0.782,14,1,1,1,1,513,1,512,507,0,0
0.783,15,1,1,1,1,512,1,505,506,0,0
0.784,0,1,1,1,1,512,1,503,511,0,0
0.785,1,1,1,1,1,512,1,510,509,0,0
0.786,2,1,1,1,1,513,2,509,510,0,0
0.787,3,1,1,1,1,513,1,503,508,0,0
0.788,4,1,1,1,1,511,0,494,509,0,0
0.789,5,1,1,1,1,511,1,490,509,0,0
0.79,6,1,1,1,1,511,1,494,508,0,0
0.791,7,1,1,1,1,512,1,495,509,0,0
0.792,8,1,1,1,1,512,1,495,507,0,0
0.793,9,1,1,1,1,512,1,503,507,0,0
0.794,10,1,1,1,1,511,1,500,508,0,0
0.795,11,1,1,1,1,511,1,507,508,0,0
0.796,12,1,1,1,1,511,1,520,508,0,0
0.797,13,1,1,1,1,513,1,529,508,0,0
0.798,14,1,1,1,1,512,1,530,508,0,0
0.799,15,1,1,1,1,512,1,522,509,0,0
0.8,0,1,1,1,1,511,1,518,511,0,0
0.801,1,1,1,1,1,511,1,507,508,0,0
0.802,2,1,1,1,1,512,1,509,509,0,0
0.803,3,1,1,1,1,512,1,513,509,0,0
0.804,4,1,1,1,1,511,1,509,507,0,0
0.805,5,1,1,1,1,509,1,510,508,0,0
0.806,6,1,1,1,1,511,1,509,509,0,0
0.807,7,1,1,1,1,509,1,506,510,0,0
0.808,8,1,1,1,1,512,1,510,508,0,0
0.809,9,1,1,1,1,512,1,521,508,0,0
0.81,10,1,1,1,1,512,1,525,507,0,0
0.811,11,1,1,1,1,512,1,517,508,0,0
0.812,12,1,1,1,1,510,1,512,509,0,0
0.813,13,1,1,1,1,511,1,508,508,0,0
0.814,14,1,1,1,1,511,1,501,508,0,0
0.815,15,1,1,1,1,512,1,505,509,0,0
0.816,0,1,1,1,1,512,1,509,510,0,0
0.817,1,1,1,1,1,513,1,508,509,0,0
0.818,2,1,1,1,1,512,2,508,507,0,0
0.819,3,1,1,1,1,512,1,513,509,0,0
0.82,4,1,1,1,1,510,0,504,509,0,0
0.821,5,1,1,1,1,510,1,509,509,0,0
0.822,6,1,1,1,1,513,1,508,508,0,0
0.823,7,1,1,1,1,511,1,506,507,0,0
0.824,8,1,1,1,1,513,1,519,510,0,0
0.825,9,1,1,1,1,512,1,512,508,0,0
0.826,10,1,1,1,1,510,2,504,506,0,0
0.827,11,1,1,1,1,510,1,518,507,0,0
0.828,12,1,1,1,1,511,0,513,508,0,0
0.829,13,1,1,1,1,511,1,512,510,0,0
0.83,14,1,1,1,1,510,1,515,508,0,0
0.831,15,1,1,1,1,511,1,510,506,0,0
0.832,0,1,1,1,1,512,1,512,509,0,0
0.833,1,1,1,1,1,512,1,508,508,0,0
0.834,2,1,1,1,1,512,2,502,508,0,0
0.835,3,1,1,1,1,513,1,507,508,0,0
0.836,4,1,1,1,1,513,1,516,508,0,0
0.837,5,1,1,1,1,512,1,513,508,0,0
0.838,6,1,1,1,1,510,1,510,506,0,0
0.839,7,1,1,1,1,512,1,507,505,0,0
0.84,8,1,1,1,1,514,1,504,509,0,0
0.841,9,1,1,1,1,511,1,505,509,0,0
0.842,10,1,1,1,1,511,2,497,508,0,0
0.843,11,1,1,1,1,512,1,504,508,0,0
0.844,12,1,1,1,1,511,1,503,509,0,0
0.845,13,1,1,1,1,511,1,505,508,0,0
0.846,14,1,1,1,1,512,1,508,510,0,0
0.847,15,1,1,1,1,512,1,510,510,0,0
0.848,0,1,1,1,1,511,1,508,510,0,0
0.849,1,1,1,1,1,511,1,508,510,0,0
0.85,2,1,1,1,1,510,2,515,508,0,0
0.851,3,1,1,1,1,513,1,528,511,0,0
0.852,4,1,1,1,1,513,1,524,507,0,0
0.853,5,1,1,1,1,512,1,519,508,0,0
0.854,6,1,1,1,1,511,1,522,508,0,0
0.855,7,1,1,1,1,512,1,521,510,0,0
0.856,8,1,1,1,1,513,1,510,508,0,0
0.857,9,1,1,1,1,511,1,507,507,0,0
0.858,10,1,1,1,1,511,2,508,508,0,0
0.859,11,1,1,1,1,512,1,505,509,0,0
0.86,12,1,1,1,1,512,1,501,510,0,0
0.861,13,1,1,1,1,511,1,496,509,0,0
0.862,14,1,1,1,1,512,1,491,510,0,0
0.863,15,1,1,1,1,510,0,496,511,0,0
0.864,0,1,1,1,1,510,1,506,511,0,0
0.865,1,1,1,1,1,511,1,510,509,0,0
0.866,2,1,1,1,1,511,2,513,508,0,0
0.867,3,1,1,1,1,513,1,503,508,0,0
0.868,4,1,1,1,1,512,1,501,506,0,0
0.869,5,1,1,1,1,511,1,510,507,0,0
0.87,6,1,1,1,1,511,1,505,505,0,0
0.871,7,1,1,1,1,511,0,504,508,0,0
0.872,8,1,1,1,1,512,1,505,508,0,0
0.873,9,1,1,1,1,511,1,503,508,0,0
0.874,10,1,1,1,1,512,2,510,508,0,0
0.875,11,1,1,1,1,511,1,505,509,0,0
0.876,12,1,1,1,1,511,1,500,509,0,0
0.877,13,1,1,1,1,512,1,505,512,0,0
0.878,14,1,1,1,1,512,1,507,508,0,0
0.879,15,1,1,1,1,509,0,510,510,0,0
0.88,0,1,1,1,1,511,1,502,508,0,0
0.881,1,1,1,1,1,511,1,517,506,0,0
0.882,2,1,1,1,1,511,2,518,508,0,0
0.883,3,1,1,1,1,512,1,520,509,0,0
0.884,4,1,1,1,1,513,1,516,508,0,0
0.885,5,1,1,1,1,510,1,519,508,0,0
0.886,6,1,1,1,1,512,1,513,506,0,0
0.887,7,1,1,1,1,511,1,514,508,0,0
0.888,8,1,1,1,1,510,1,517,509,0,0
0.889,9,1,1,1,1,512,1,515,507,0,0
0.89,10,1,1,1,1,512,2,518,508,0,0
0.891,11,1,1,1,1,512,1,532,509,0,0
0.892,12,1,1,1,1,513,1,527,506,0,0
0.893,13,1,1,1,1,512,1,535,510,0,0
0.894,14,1,1,1,1,509,1,514,508,0,0
0.895,15,1,1,1,1,511,1,508,508,0,0
0.896,0,1,1,1,1,510,1,498,510,0,0
0.897,1,1,1,1,1,511,1,500,510,0,0
0.898,2,1,1,1,1,512,2,501,509,0,0
0.899,3,1,1,1,1,510,1,508,508,0,0
0.9,4,1,1,1,1,511,1,511,509,0,0
0.901,5,1,1,1,1,512,1,516,511,0,0
0.902,6,1,1,1,1,512,1,509,510,0,0
0.903,7,1,1,1,1,514,1,512,508,0,0
0.904,8,1,1,1,1,511,1,515,505,0,0
0.905,9,1,1,1,1,510,1,512,505,0,0
0.906,10,1,1,1,1,510,1,518,507,0,0
0.907,11,1,1,1,1,511,1,514,505,0,0
0.908,12,1,1,1,1,512,1,513,510,0,0
0.909,13,1,1,1,1,513,1,515,507,0,0
0.91,14,1,1,1,1,513,1,509,508,0,0
0.911,15,1,1,1,1,511,1,504,507,0,0
0.912,0,1,1,1,1,512,1,513,508,0,0
0.913,1,1,1,1,1,512,1,517,509,0,0
0.914,2,1,1,1,1,511,1,514,510,0,0
0.915,3,1,1,1,1,514,1,509,509,0,0
0.916,4,1,1,1,1,512,1,504,509,0,0
0.917,5,1,1,1,1,511,1,512,507,0,0
0.918,6,1,1,1,1,511,1,514,508,0,0
0.919,7,1,1,1,1,510,1,516,507,0,0
0.92,8,1,1,1,1,510,1,516,506,0,0
0.921,9,1,1,1,1,512,1,518,507,0,0
0.922,10,1,1,1,1,514,1,514,510,0,0
0.923,11,1,1,1,1,511,1,514,509,0,0
0.924,12,1,1,1,1,511,1,513,511,0,0
0.925,13,1,1,1,1,511,1,505,510,0,0
0.926,14,1,1,1,1,511,1,511,508,0,0
0.927,15,1,1,1,1,511,1,519,509,0,0
0.928,0,1,1,1,1,510,1,518,509,0,0
0.929,1,1,1,1,1,513,1,504,508,0,0
0.93,2,1,1,1,1,511,2,504,508,0,0
0.931,3,1,1,1,1,511,1,505,510,0,0
0.932,4,1,1,1,1,511,1,506,509,0,0
0.933,5,1,1,1,1,511,1,509,507,0,0
0.934,6,1,1,1,1,511,1,513,509,0,0
0.935,7,1,1,1,1,511,1,519,509,0,0
0.936,8,1,1,1,1,512,1,520,507,0,0
0.937,9,1,1,1,1,512,1,512,510,0,0
0.938,10,1,1,1,1,513,2,499,507,0,0
0.939,11,1,1,1,1,512,1,497,507,0,0
0.94,12,1,1,1,1,512,1,504,507,0,0
0.941,13,1,1,1,1,510,1,508,509,0,0
0.942,14,1,1,1,1,512,1,509,509,0,0
0.943,15,1,1,1,1,514,1,495,508,0,0
0.944,0,1,1,1,1,512,1,495,508,0,0
0.945,1,1,1,1,1,511,1,502,506,0,0
0.946,2,1,1,1,1,511,2,510,509,0,0
0.947,3,1,1,1,1,512,1,510,510,0,0
0.948,4,1,1,1,1,510,1,511,510,0,0
0.949,5,1,1,1,1,510,1,504,508,0,0
0.95,6,1,1,1,1,510,1,519,507,0,0
0.951,7,1,1,1,1,511,0,514,508,0,0
0.952,8,1,1,1,1,512,1,521,510,0,0
0.953,9,1,1,1,1,510,1,524,508,0,0
0.954,10,1,1,1,1,512,2,527,511,0,0
0.955,11,1,1,1,1,512,1,525,508,0,0
0.956,12,1,1,1,1,511,1,523,508,0,0
0.957,13,1,1,1,1,512,1,523,509,0,0
0.958,14,1,1,1,1,512,1,516,508,0,0
0.959,15,1,1,1,1,512,0,518,509,0,0
0.96,0,1,1,1,1,513,1,515,509,0,0
0.961,1,1,1,1,1,512,1,526,507,0,0
0.962,2,1,1,1,1,511,2,523,506,0,0
0.963,3,1,1,1,1,513,1,523,507,0,0
0.964,4,1,1,1,1,511,1,523,509,0,0
0.965,5,1,1,1,1,511,1,521,508,0,0
0.966,6,1,1,1,1,513,1,521,509,0,0
0.967,7,1,1,1,1,511,1,519,507,0,0
0.968,8,1,1,1,1,510,1,507,509,0,0
0.969,9,1,1,1,1,511,1,506,507,0,0
0.97,10,1,1,1,1,512,2,503,507,0,0
0.971,11,1,1,1,1,512,1,499,508,0,0
0.972,12,1,1,1,1,512,1,502,507,0,0
0.973,13,1,1,1,1,512,1,504,510,0,0
0.974,14,1,1,1,1,511,1,498,508,0,0
0.975,15,1,1,1,1,510,1,502,508,0,0
0.976,0,1,1,1,1,511,1,503,505,0,0
0.977,1,1,1,1,1,510,1,507,508,0,0
0.978,2,1,1,1,1,511,2,515,508,0,0
0.979,3,1,1,1,1,510,1,510,511,0,0
0.98,4,1,1,1,1,511,1,500,509,0,0
0.981,5,1,1,1,1,512,1,509,510,0,0
0.982,6,1,1,1,1,511,1,510,510,0,0
0.983,7,1,1,1,1,512,1,512,511,0,0
0.984,8,1,1,1,1,512,1,512,508,0,0
0.985,9,1,1,1,1,513,1,516,508,0,0
0.986,10,1,1,1,1,511,2,527,509,0,0
0.987,11,1,1,1,1,510,1,511,510,0,0
0.988,12,1,1,1,1,511,1,503,509,0,0
0.989,13,1,1,1,1,511,1,504,508,0,0
0.99,14,1,1,1,1,511,1,502,507,0,0
0.991,15,1,1,1,1,513,1,503,508,0,0
0.992,0,1,1,1,1,510,1,503,507,0,0
0.993,1,1,1,1,1,513,1,508,510,0,0
0.994,2,1,1,1,1,513,2,505,509,0,0
0.995,3,1,1,1,1,512,1,507,507,0,0
0.996,4,1,1,1,1,510,0,504,509,0,0
0.997,5,1,1,1,1,510,1,516,510,0,0
0.998,6,1,1,1,1,512,1,520,510,0,0
0.999,7,1,1,1,1,512,1,508,509,0,0
1.0,8,1,1,1,1,511,1,503,507,0,0
1.001,9,1,1,1,1,512,1,507,505,0,0
1.002,10,1,1,1,1,513,2,498,507,0,0
1.003,11,1,1,1,1,512,1,494,507,0,0
1.004,12,1,1,1,1,511,0,486,508,0,0
1.005,13,1,1,1,1,511,1,482,508,0,0
1.006,14,1,1,1,1,511,1,492,508,0,0
1.007,15,1,1,1,1,510,1,506,508,0,0
1.008,0,1,1,1,1,510,1,510,508,0,0
1.009,1,1,1,1,1,511,1,508,509,0,0
1.01,2,1,1,1,1,511,2,507,509,0,0
1.011,3,1,1,1,1,513,1,513,507,0,0
1.012,4,1,1,1,1,511,1,512,509,0,0
1.013,5,1,1,1,1,512,1,516,508,0,0
1.014,6,1,1,1,1,510,1,515,509,0,0
1.015,7,1,1,1,1,511,1,512,508,0,0
1.016,8,1,1,1,1,513,1,511,507,0,0
1.017,9,1,1,1,1,512,1,507,508,0,0
1.018,10,1,1,1,1,511,1,507,507,0,0
1.019,11,1,1,1,1,510,1,512,508,0,0
1.02,12,1,1,1,1,510,1,521,507,0,0
1.021,13,1,1,1,1,510,1,518,508,0,0
1.022,14,1,1,1,1,512,1,515,507,0,0
1.023,15,1,1,1,1,513,1,512,507,0,0
1.024,0,1,1,1,1,513,1,501,510,0,0
1.025,1,1,1,1,1,512,1,497,511,0,0
1.026,2,1,1,1,1,511,1,497,511,0,0
1.027,3,1,1,1,1,512,1,500,509,0,0
1.028,4,1,1,1,1,512,1,504,510,0,0
1.029,5,1,1,1,1,512,1,519,505,0,0
1.03,6,1,1,1,1,511,1,520,508,0,0
1.031,7,1,1,1,1,512,1,515,507,0,0
1.032,8,1,1,1,1,510,1,515,509,0,0
1.033,9,1,1,1,1,510,1,517,509,0,0
1.034,10,1,1,1,1,513,2,516,509,0,0
1.035,11,1,1,1,1,511,1,518,508,0,0
1.036,12,1,1,1,1,512,0,528,511,0,0
1.037,13,1,1,1,1,512,1,532,509,0,0
1.038,14,1,1,1,1,513,1,527,508,0,0
1.039,15,1,1,1,1,513,1,533,508,0,0
1.04,0,1,1,1,1,514,1,536,506,0,0
1.041,1,1,1,1,1,511,1,529,507,0,0
1.042,2,1,1,1,1,510,2,516,510,0,0
1.043,3,1,1,1,1,512,1,512,509,0,0
1.044,4,1,1,1,1,511,0,508,508,0,0
1.045,5,1,1,1,1,511,1,509,510,0,0
1.046,6,1,1,1,1,512,1,499,510,0,0
1.047,7,1,1,1,1,511,1,495,511,0,0
1.048,8,1,1,1,1,511,1,512,512,0,0
1.049,9,1,1,1,1,512,1,513,510,0,0
1.05,10,1,1,1,1,512,2,510,511,0,0
1.051,11,1,1,1,1,510,1,511,505,0,0
1.052,12,1,1,1,1,511,0,514,506,0,0
1.053,13,1,1,1,1,511,1,510,506,0,0
1.054,14,1,1,1,1,511,1,500,508,0,0
1.055,15,1,1,1,1,512,1,500,507,0,0
1.056,0,1,1,1,1,512,1,505,507,0,0
1.057,1,1,1,1,1,510,1,506,508,0,0
1.058,2,1,1,1,1,512,2,505,507,0,0
1.059,3,1,1,1,1,510,1,497,509,0,0
1.06,4,1,1,1,1,510,1,500,509,0,0
1.061,5,1,1,1,1,512,1,503,508,0,0
1.062,6,1,1,1,1,511,1,502,508,0,0
1.063,7,1,1,1,1,511,1,502,509,0,0
1.064,8,1,1,1,1,511,1,507,508,0,0
1.065,9,1,1,1,1,512,1,500,509,0,0
1.066,10,1,1,1,1,511,2,501,510,0,0
1.067,11,1,1,1,1,513,1,500,507,0,0
1.068,12,1,1,1,1,511,1,500,507,0,0
1.069,13,1,1,1,1,512,1,499,507,0,0
1.07,14,1,1,1,1,510,1,499,504,0,0
1.071,15,1,1,1,1,509,1,500,507,0,0
1.072,0,1,1,1,1,511,1,500,507,0,0
1.073,1,1,1,1,1,511,1,505,507,0,0
1.074,2,1,1,1,1,511,2,505,509,0,0
1.075,3,1,1,1,1,511,1,506,509,0,0
1.076,4,1,1,1,1,511,1,504,509,0,0
1.077,5,1,1,1,1,514,1,513,509,0,0
1.078,6,1,1,1,1,511,1,505,508,0,0
1.079,7,1,1,1,1,513,0,519,508,0,0
1.08,8,1,1,1,1,510,1,528,509,0,0
1.081,9,1,1,1,1,510,1,516,508,0,0
1.082,10,1,1,1,1,511,2,508,511,0,0
1.083,11,1,1,1,1,514,1,502,509,0,0
1.084,12,1,1,1,1,511,1,510,509,0,0
1.085,13,1,1,1,1,511,1,508,509,0,0
1.086,14,1,1,1,1,510,1,514,507,0,0
1.087,15,1,1,1,1,512,0,514,509,0,0
1.088,0,1,1,1,1,513,1,513,510,0,0
1.089,1,1,1,1,1,512,1,508,508,0,0
1.09,2,1,1,1,1,510,2,503,507,0,0
1.091,3,1,1,1,1,512,1,499,508,0,0
1.092,4,1,1,1,1,512,1,500,507,0,0
1.093,5,1,1,1,1,512,1,508,508,0,0
1.094,6,1,1,1,1,512,1,509,509,0,0
1.095,7,1,1,1,1,511,0,509,509,0,0
1.096,8,1,1,1,1,513,1,513,509,0,0
1.097,9,1,1,1,1,510,1,529,510,0,0
1.098,10,1,1,1,1,511,2,531,509,0,0
1.099,11,1,1,1,1,510,1,529,509,0,0
1.1,12,1,1,1,1,511,1,521,510,0,0
1.101,13,1,1,1,1,512,1,525,509,0,0
1.102,14,1,1,1,1,511,1,524,509,0,0
1.103,15,1,1,1,1,509,1,523,508,0,0
1.104,0,1,1,1,1,510,1,506,508,0,0
1.105,1,1,1,1,1,512,1,505,508,0,0
1.106,2,1,1,1,1,512,2,499,507,0,0
1.107,3,1,1,1,1,513,1,507,508,0,0
1.108,4,1,1,1,1,514,1,515,509,0,0
1.109,5,1,1,1,1,511,1,506,510,0,0
1.11,6,1,1,1,1,511,1,509,508,0,0
1.111,7,1,1,1,1,511,1,510,507,0,0
1.112,8,1,1,1,1,511,1,512,508,0,0
1.113,9,1,1,1,1,511,1,511,508,0,0
1.114,10,1,1,1,1,513,2,519,507,0,0
1.115,11,1,1,1,1,511,1,509,507,0,0
1.116,12,1,1,1,1,511,1,515,506,0,0
1.117,13,1,1,1,1,511,1,521,508,0,0
1.118,14,1,1,1,1,512,1,519,508,0,0
1.119,15,1,1,1,1,511,1,521,507,0,0
1.12,0,1,1,1,1,513,1,515,508,0,0
1.121,1,1,1,1,1,510,1,507,508,0,0
1.122,2,1,1,1,1,511,1,503,510,0,0
1.123,3,1,1,1,1,510,1,502,511,0,0
1.124,4,1,1,1,1,511,1,507,509,0,0
1.125,5,1,1,1,1,511,1,504,510,0,0
1.126,6,1,1,1,1,510,1,504,509,0,0
1.127,7,1,1,1,1,513,1,502,510,0,0
1.128,8,1,1,1,1,510,1,496,508,0,0
1.129,9,1,1,1,1,511,1,500,508,0,0
1.13,10,1,1,1,1,512,1,505,510,0,0
1.131,11,1,1,1,1,510,1,505,509,0,0
1.132,12,1,1,1,1,516,1,504,509,0,0
1.133,13,1,1,1,1,512,1,498,508,0,0
1.134,14,1,1,1,1,512,1,497,508,0,0
1.135,15,1,1,1,1,511,1,498,506,0,0
1.136,0,1,1,1,1,512,1,507,509,0,0
1.137,1,1,1,1,1,510,1,506,508,0,0
1.138,2,1,1,1,1,510,1,508,508,0,0
1.139,3,1,1,1,1,511,1,507,509,0,0
1.14,4,1,1,1,1,512,1,501,507,0,0
1.141,5,1,1,1,1,511,1,506,508,0,0
1.142,6,1,1,1,1,512,1,517,510,0,0
1.143,7,1,1,1,1,512,1,519,509,0,0
1.144,8,1,1,1,1,512,1,518,510,0,0
1.145,9,1,1,1,1,512,1,522,509,0,0
1.146,10,1,1,1,1,512,2,517,509,0,0
1.147,11,1,1,1,1,512,1,510,508,0,0
1.148,12,1,1,1,1,512,1,499,508,0,0
1.149,13,1,1,1,1,513,1,508,510,0,0
1.15,14,1,1,1,1,511,1,508,509,0,0
1.151,15,1,1,1,1,511,1,519,505,0,0
1.152,0,1,1,1,1,512,1,524,508,0,0
1.153,1,1,1,1,1,511,1,524,508,0,0
1.154,2,1,1,1,1,512,2,519,507,0,0
1.155,3,1,1,1,1,510,1,518,509,0,0
1.156,4,1,1,1,1,512,1,520,509,0,0
1.157,5,1,1,1,1,510,1,506,507,0,0
1.158,6,1,1,1,1,511,1,512,508,0,0
1.159,7,1,1,1,1,510,1,510,509,0,0
1.16,8,1,1,1,1,511,1,505,506,0,0
1.161,9,1,1,1,1,511,1,497,509,0,0
1.162,10,1,1,1,1,513,2,492,508,0,0
1.163,11,1,1,1,1,512,1,493,508,0,0
1.164,12,1,1,1,1,514,1,499,507,0,0
1.165,13,1,1,1,1,512,1,511,510,0,0
1.166,14,1,1,1,1,511,1,509,508,0,0
1.167,15,1,1,1,1,509,0,507,509,0,0
1.168,0,1,1,1,1,508,1,513,510,0,0
1.169,1,1,1,1,1,510,1,523,508,0,0
1.17,2,1,1,1,1,510,2,523,506,0,0
1.171,3,1,1,1,1,511,1,522,508,0,0
1.172,4,1,1,1,1,511,1,519,510,0,0
1.173,5,1,1,1,1,511,1,516,510,0,0
1.174,6,1,1,1,1,511,1,514,508,0,0
1.175,7,1,1,1,1,513,0,516,506,0,0
1.176,8,1,1,1,1,512,1,521,508,0,0
1.177,9,1,1,1,1,513,1,527,508,0,0
1.178,10,1,1,1,1,511,2,527,507,0,0
1.179,11,1,1,1,1,512,1,524,509,0,0
1.18,12,1,1,1,1,510,1,518,507,0,0
1.181,13,1,1,1,1,511,1,511,507,0,0
1.182,14,1,1,1,1,512,1,515,510,0,0
1.183,15,1,1,1,1,511,0,502,507,0,0
1.184,0,1,1,1,1,511,1,503,507,0,0
1.185,1,1,1,1,1,511,1,509,508,0,0
1.186,2,1,1,1,1,511,2,505,509,0,0
1.187,3,1,1,1,1,512,1,499,507,0,0
1.188,4,1,1,1,1,512,1,503,507,0,0
1.189,5,1,1,1,1,511,1,506,507,0,0
1.19,6,1,1,1,1,513,1,507,511,0,0
1.191,7,1,1,1,1,513,1,505,510,0,0
1.192,8,1,1,1,1,510,1,508,511,0,0
1.193,9,1,1,1,1,511,1,504,508,0,0
1.194,10,1,1,1,1,512,2,512,508,0,0
1.195,11,1,1,1,1,510,1,506,506,0,0
1.196,12,1,1,1,1,511,1,509,507,0,0
1.197,13,1,1,1,1,511,1,506,508,0,0
1.198,14,1,1,1,1,513,1,502,511,0,0
1.199,15,1,1,1,1,513,1,494,512,0,0
1.2,0,1,1,1,1,511,1,507,507,0,0
1.201,1,1,1,1,1,513,1,512,510,0,0
1.202,2,1,1,1,1,512,2,515,509,0,0
1.203,3,1,1,1,1,512,1,507,507,0,0
1.204,4,1,1,1,1,511,1,510,509,0,0
1.205,5,1,1,1,1,513,1,518,507,0,0
1.206,6,1,1,1,1,510,1,517,505,0,0
1.207,7,1,1,1,1,512,1,505,506,0,0
1.208,8,1,1,1,1,510,1,512,508,0,0
1.209,9,1,1,1,1,512,1,516,508,0,0
1.21,10,1,1,1,1,512,2,522,508,0,0
1.211,11,1,1,1,1,511,1,520,510,0,0
1.212,12,1,1,1,1,511,0,525,511,0,0
1.213,13,1,1,1,1,510,1,516,509,0,0
1.214,14,1,1,1,1,510,1,508,511,0,0
1.215,15,1,1,1,1,511,1,513,510,0,0
1.216,0,1,1,1,1,510,1,519,511,0,0
1.217,1,1,1,1,1,511,1,519,509,0,0
1.218,2,1,1,1,1,510,2,513,509,0,0
1.219,3,1,1,1,1,511,1,504,507,0,0
1.22,4,1,1,1,1,510,0,508,507,0,0
1.221,5,1,1,1,1,511,1,502,508,0,0
1.222,6,1,1,1,1,512,1,499,510,0,0
1.223,7,1,1,1,1,511,1,502,508,0,0
1.224,8,1,1,1,1,512,1,498,508,0,0
1.225,9,1,1,1,1,511,1,505,508,0,0
1.226,10,1,1,1,1,510,2,508,509,0,0
1.227,11,1,1,1,1,511,1,508,508,0,0
1.228,12,1,1,1,1,511,0,504,507,0,0
1.229,13,1,1,1,1,512,1,519,508,0,0
1.23,14,1,1,1,1,513,1,513,507,0,0
1.231,15,1,1,1,1,513,1,507,508,0,0
1.232,0,1,1,1,1,514,1,509,510,0,0
1.233,1,1,1,1,1,512,1,504,510,0,0
1.234,2,1,1,1,1,512,1,514,510,0,0
1.235,3,1,1,1,1,510,1,504,508,0,0
1.236,4,1,1,1,1,511,1,513,505,0,0
1.237,5,1,1,1,1,513,1,511,508,0,0
1.238,6,1,1,1,1,512,1,516,507,0,0
1.239,7,1,1,1,1,510,1,513,508,0,0
1.24,8,1,1,1,1,511,1,515,508,0,0
1.241,9,1,1,1,1,511,1,508,508,0,0
1.242,10,1,1,1,1,514,1,508,509,0,0
1.243,11,1,1,1,1,512,1,512,509,0,0
1.244,12,1,1,1,1,510,1,518,509,0,0
1.245,13,1,1,1,1,511,1,511,508,0,0
1.246,14,1,1,1,1,511,1,500,507,0,0
1.247,15,1,1,1,1,512,1,502,508,0,0
1.248,0,1,1,1,1,511,1,494,507,0,0
1.249,1,1,1,1,1,511,1,508,508,0,0
1.25,2,1,1,1,1,511,1,518,509,0,0
1.251,3,1,1,1,1,511,1,524,506,0,0
1.252,4,1,1,1,1,511,0,516,508,0,0
1.253,5,1,1,1,1,512,1,515,509,0,0
1.254,6,1,1,1,1,510,1,508,509,0,0
1.255,7,1,1,1,1,511,1,507,508,0,0
1.256,8,1,1,1,1,511,1,502,510,0,0
1.257,9,1,1,1,1,511,1,498,508,0,0
1.258,10,1,1,1,1,510,2,492,509,0,0
1.259,11,1,1,1,1,512,1,490,509,0,0
1.26,12,1,1,1,1,511,0,496,508,0,0
1.261,13,1,1,1,1,513,1,497,507,0,0
1.262,14,1,1,1,1,512,1,497,510,0,0
1.263,15,1,1,1,1,512,1,510,510,0,0
1.264,0,1,1,1,1,511,1,513,508,0,0
1.265,1,1,1,1,1,513,1,513,510,0,0
1.266,2,1,1,1,1,511,2,515,509,0,0
1.267,3,1,1,1,1,511,1,516,508,0,0
1.268,4,1,1,1,1,511,0,517,509,0,0
1.269,5,1,1,1,1,512,1,513,507,0,0
1.27,6,1,1,1,1,511,1,509,509,0,0
1.271,7,1,1,1,1,513,1,511,508,0,0
1.272,8,1,1,1,1,511,1,518,509,0,0
1.273,9,1,1,1,1,511,1,518,510,0,0
1.274,10,1,1,1,1,511,2,519,509,0,0
1.275,11,1,1,1,1,512,1,511,508,0,0
1.276,12,1,1,1,1,514,1,516,507,0,0
1.277,13,1,1,1,1,511,1,507,506,0,0
1.278,14,1,1,1,1,510,1,499,508,0,0
1.279,15,1,1,1,1,509,1,512,509,0,0
1.28,0,1,1,1,1,511,1,512,508,0,0
1.281,1,1,1,1,1,511,1,511,509,0,0
1.282,2,1,1,1,1,512,2,507,510,0,0
1.283,3,1,1,1,1,512,1,504,511,0,0
1.284,4,1,1,1,1,509,1,512,508,0,0
1.285,5,1,1,1,1,510,1,519,510,0,0
1.286,6,1,1,1,1,512,1,519,508,0,0
1.287,7,1,1,1,1,511,1,523,507,0,0
1.288,8,1,1,1,1,511,1,521,508,0,0
1.289,9,1,1,1,1,512,1,525,509,0,0
1.29,10,1,1,1,1,511,2,527,507,0,0
1.291,11,1,1,1,1,509,1,520,507,0,0
1.292,12,1,1,1,1,511,1,516,509,0,0
1.293,13,1,1,1,1,511,1,511,507,0,0
1.294,14,1,1,1,1,514,1,504,509,0,0
1.295,15,1,1,1,1,510,0,507,508,0,0
1.296,0,1,1,1,1,511,1,507,509,0,0
1.297,1,1,1,1,1,511,1,511,509,0,0
1.298,2,1,1,1,1,512,2,513,509,0,0
1.299,3,1,1,1,1,512,1,519,507,0,0
1.3,4,1,1,1,1,513,1,514,508,0,0
1.301,5,1,1,1,1,512,1,511,508,0,0
1.302,6,1,1,1,1,512,1,508,508,0,0
1.303,7,1,1,1,1,511,0,502,508,0,0
1.304,8,1,1,1,1,510,1,505,505,0,0
1.305,9,1,1,1,1,512,1,505,508,0,0
1.306,10,1,1,1,1,512,2,503,505,0,0
1.307,11,1,1,1,1,513,1,508,510,0,0
1.308,12,1,1,1,1,511,1,502,508,0,0
1.309,13,1,1,1,1,511,1,507,508,0,0
1.31,14,1,1,1,1,511,1,504,510,0,0
1.311,15,1,1,1,1,511,0,496,509,0,0
1.312,0,1,1,1,1,510,1,500,508,0,0
1.313,1,1,1,1,1,508,1,501,508,0,0
1.314,2,1,1,1,1,509,2,511,511,0,0
1.315,3,1,1,1,1,513,1,515,509,0,0
1.316,4,1,1,1,1,512,1,510,511,0,0
1.317,5,1,1,1,1,510,1,515,510,0,0
1.318,6,1,1,1,1,511,1,513,508,0,0
1.319,7,1,1,1,1,511,1,516,508,0,0
1.32,8,1,1,1,1,511,1,520,508,0,0
1.321,9,1,1,1,1,510,1,524,507,0,0
1.322,10,1,1,1,1,510,2,524,509,0,0
1.323,11,1,1,1,1,511,1,521,509,0,0
1.324,12,1,1,1,1,513,1,515,508,0,0
1.325,13,1,1,1,1,513,1,507,511,0,0
1.326,14,1,1,1,1,513,1,500,510,0,0
1.327,15,1,1,1,1,510,1,495,510,0,0
1.328,0,1,1,1,1,513,1,495,507,0,0
1.329,1,1,1,1,1,513,1,498,511,0,0
1.33,2,1,1,1,1,512,2,495,508,0,0
1.331,3,1,1,1,1,511,1,501,508,0,0
1.332,4,1,1,1,1,509,1,504,509,0,0
1.333,5,1,1,1,1,511,1,504,508,0,0
1.334,6,1,1,1,1,513,1,507,507,0,0
1.335,7,1,1,1,1,512,1,508,509,0,0
1.336,8,1,1,1,1,513,1,515,508,0,0
1.337,9,1,1,1,1,512,1,517,511,0,0
1.338,10,1,1,1,1,511,2,524,507,0,0
1.339,11,1,1,1,1,511,1,519,508,0,0
1.34,12,1,1,1,1,512,1,512,508,0,0
1.341,13,1,1,1,1,511,1,511,508,0,0
1.342,14,1,1,1,1,512,1,512,508,0,0
1.343,15,1,1,1,1,512,1,523,509,0,0
1.344,0,1,1,1,1,512,1,518,507,0,0
1.345,1,1,1,1,1,511,1,517,508,0,0
1.346,2,1,1,1,1,511,1,519,510,0,0
1.347,3,1,1,1,1,511,1,512,508,0,0
1.348,4,1,1,1,1,513,1,516,509,0,0
1.349,5,1,1,1,1,512,1,510,505,0,0
1.35,6,1,1,1,1,509,1,515,509,0,0
1.351,7,1,1,1,1,510,1,526,508,0,0
1.352,8,1,1,1,1,512,1,524,508,0,0
1.353,9,1,1,1,1,512,1,515,508,0,0
1.354,10,1,1,1,1,511,1,508,508,0,0
1.355,11,1,1,1,1,512,1,512,508,0,0
1.356,12,1,1,1,1,510,1,512,507,0,0
1.357,13,1,1,1,1,512,1,509,509,0,0
1.358,14,1,1,1,1,511,1,512,509,0,0
1.359,15,1,1,1,1,512,1,506,509,0,0
1.36,0,1,1,1,1,512,1,511,509,0,0
1.361,1,1,1,1,1,512,1,512,509,0,0
1.362,2,1,1,1,1,512,2,505,508,0,0
1.363,3,1,1,1,1,513,1,512,508,0,0
1.364,4,1,1,1,1,512,1,507,508,0,0
1.365,5,1,1,1,1,511,1,506,506,0,0
1.366,6,1,1,1,1,512,1,502,508,0,0
1.367,7,1,1,1,1,512,1,512,508,0,0
1.368,8,1,1,1,1,512,1,515,507,0,0
1.369,9,1,1,1,1,509,1,508,508,0,0
1.37,10,1,1,1,1,511,2,507,508,0,0
1.371,11,1,1,1,1,512,1,504,508,0,0
1.372,12,1,1,1,1,512,1,504,509,0,0
1.373,13,1,1,1,1,513,1,511,509,0,0
1.374,14,1,1,1,1,512,1,509,507,0,0
1.375,15,1,1,1,1,511,1,514,508,0,0
1.376,0,1,1,1,1,512,1,509,508,0,0
1.377,1,1,1,1,1,511,1,503,509,0,0
1.378,2,1,1,1,1,511,2,503,509,0,0
1.379,3,1,1,1,1,513,1,502,507,0,0
1.38,4,1,1,1,1,512,1,498,507,0,0
1.381,5,1,1,1,1,512,1,502,508,0,0
1.382,6,1,1,1,1,510,1,501,510,0,0
1.383,7,1,1,1,1,511,0,502,508,0,0
1.384,8,1,1,1,1,510,1,512,508,0,0
1.385,9,1,1,1,1,511,1,508,508,0,0
1.386,10,1,1,1,1,512,2,509,510,0,0
1.387,11,1,1,1,1,512,1,519,509,0,0
1.388,12,1,1,1,1,511,1,515,510,0,0
1.389,13,1,1,1,1,513,1,517,511,0,0
1.39,14,1,1,1,1,512,1,517,510,0,0
1.391,15,1,1,1,1,512,0,522,507,0,0
1.392,0,1,1,1,1,512,1,521,509,0,0
1.393,1,1,1,1,1,512,1,513,509,0,0
1.394,2,1,1,1,1,509,2,516,508,0,0
1.395,3,1,1,1,1,510,1,518,508,0,0
1.396,4,1,1,1,1,510,1,517,505,0,0
1.397,5,1,1,1,1,510,1,512,508,0,0
1.398,6,1,1,1,1,513,1,514,510,0,0
1.399,7,1,1,1,1,513,0,510,506,0,0
1.4,8,1,1,1,1,510,1,509,511,0,0
1.401,9,1,1,1,1,511,1,506,508,0,0
1.402,10,1,1,1,1,513,2,508,510,0,0
1.403,11,1,1,1,1,513,1,510,509,0,0
1.404,12,1,1,1,1,512,1,511,508,0,0
1.405,13,1,1,1,1,511,1,511,507,0,0
1.406,14,1,1,1,1,511,1,509,508,0,0
1.407,15,1,1,1,1,511,1,508,507,0,0
1.408,0,1,1,1,1,511,1,495,507,0,0
1.409,1,1,1,1,1,512,1,502,509,0,0
1.41,2,1,1,1,1,513,2,503,510,0,0
1.411,3,1,1,1,1,511,1,499,510,0,0
1.412,4,1,1,1,1,512,1,505,508,0,0
1.413,5,1,1,1,1,511,1,518,508,0,0
1.414,6,1,1,1,1,513,1,507,510,0,0
1.415,7,1,1,1,1,512,1,512,507,0,0
1.416,8,1,1,1,1,512,1,519,506,0,0
1.417,9,1,1,1,1,510,1,514,508,0,0
1.418,10,1,1,1,1,511,2,508,510,0,0
1.419,11,1,1,1,1,510,1,513,508,0,0
1.42,12,1,1,1,1,512,1,516,508,0,0
1.421,13,1,1,1,1,513,1,518,508,0,0
1.422,14,1,1,1,1,512,1,517,507,0,0
1.423,15,1,1,1,1,510,1,515,508,0,0
1.424,0,1,1,1,1,511,1,510,510,0,0
1.425,1,1,1,1,1,512,1,513,508,0,0
1.426,2,1,1,1,1,512,2,513,507,0,0
1.427,3,1,1,1,1,512,1,515,511,0,0
1.428,4,1,1,1,1,511,0,513,507,0,0
1.429,5,1,1,1,1,511,1,501,509,0,0
1.43,6,1,1,1,1,512,1,498,510,0,0
1.431,7,1,1,1,1,511,1,505,509,0,0
1.432,8,1,1,1,1,511,1,515,509,0,0
1.433,9,1,1,1,1,510,1,515,509,0,0
1.434,10,1,1,1,1,513,2,510,509,0,0
1.435,11,1,1,1,1,511,1,509,509,0,0
1.436,12,1,1,1,1,510,0,500,507,0,0
1.437,13,1,1,1,1,512,1,499,508,0,0
1.438,14,1,1,1,1,511,1,515,509,0,0
1.439,15,1,1,1,1,512,1,525,510,0,0
1.44,0,1,1,1,1,513,1,512,509,0,0
1.441,1,1,1,1,1,513,1,501,507,0,0
1.442,2,1,1,1,1,514,2,497,505,0,0
1.443,3,1,1,1,1,510,1,515,506,0,0
1.444,4,1,1,1,1,511,0,514,506,0,0
1.445,5,1,1,1,1,510,1,514,507,0,0
1.446,6,1,1,1,1,512,1,504,507,0,0
1.447,7,1,1,1,1,510,1,506,509,0,0
1.448,8,1,1,1,1,512,1,510,510,0,0
1.449,9,1,1,1,1,513,1,514,510,0,0
1.45,10,1,1,1,1,511,1,508,511,0,0
1.451,11,1,1,1,1,513,1,506,510,0,0
1.452,12,1,1,1,1,512,1,511,510,0,0
1.453,13,1,1,1,1,510,1,507,508,0,0
1.454,14,1,1,1,1,512,1,505,507,0,0
1.455,15,1,1,1,1,512,1,504,506,0,0
1.456,0,1,1,1,1,509,1,501,505,0,0
1.457,1,1,1,1,1,512,1,514,508,0,0
1.458,2,1,1,1,1,511,1,519,509,0,0
1.459,3,1,1,1,1,512,1,519,508,0,0
1.46,4,1,1,1,1,512,1,512,508,0,0
1.461,5,1,1,1,1,511,1,504,509,0,0
1.462,6,1,1,1,1,513,1,508,509,0,0
1.463,7,1,1,1,1,512,1,503,509,0,0
1.464,8,1,1,1,1,511,1,502,508,0,0
1.465,9,1,1,1,1,512,1,499,506,0,0
1.466,10,1,1,1,1,511,1,497,507,0,0
1.467,11,1,1,1,1,510,1,500,509,0,0
1.468,12,1,1,1,1,511,1,506,507,0,0
1.469,13,1,1,1,1,511,1,518,508,0,0
1.47,14,1,1,1,1,511,1,511,508,0,0
1.471,15,1,1,1,1,511,1,515,508,0,0
1.472,0,1,1,1,1,510,1,519,508,0,0
1.473,1,1,1,1,1,511,1,520,510,0,0
1.474,2,1,1,1,1,512,2,521,507,0,0
1.475,3,1,1,1,1,513,1,523,509,0,0
1.476,4,1,1,1,1,511,0,514,509,0,0
1.477,5,1,1,1,1,513,1,516,509,0,0
1.478,6,1,1,1,1,512,1,508,509,0,0
1.479,7,1,1,1,1,512,1,510,507,0,0
1.48,8,1,1,1,1,511,1,511,508,0,0
1.481,9,1,1,1,1,511,1,512,509,0,0
1.482,10,1,1,1,1,512,2,513,507,0,0
1.483,11,1,1,1,1,511,1,514,507,0,0
1.484,12,1,1,1,1,510,0,517,508,0,0
1.485,13,1,1,1,1,511,1,514,508,0,0
1.486,14,1,1,1,1,511,1,504,507,0,0
1.487,15,1,1,1,1,512,1,509,509,0,0
1.488,0,1,1,1,1,512,1,508,507,0,0
1.489,1,1,1,1,1,512,1,515,509,0,0
1.49,2,1,1,1,1,512,2,520,508,0,0
1.491,3,1,1,1,1,513,1,523,510,0,0
1.492,4,1,1,1,1,510,1,513,510,0,0
1.493,5,1,1,1,1,511,1,511,510,0,0
1.494,6,1,1,1,1,513,1,509,509,0,0
1.495,7,1,1,1,1,512,1,504,509,0,0
1.496,8,1,1,1,1,511,1,505,508,0,0
1.497,9,1,1,1,1,512,1,517,509,0,0
1.498,10,1,1,1,1,510,2,509,507,0,0
1.499,11,1,1,1,1,510,1,515,508,0,0
1.5,12,1,1,1,1,510,1,520,510,0,0
1.501,13,1,1,1,1,510,1,519,509,0,0
1.502,14,1,1,1,1,513,1,512,508,0,0
1.503,15,1,1,1,1,510,1,516,508,0,0
1.504,0,1,1,1,1,510,1,519,509,0,0
1.505,1,1,1,1,1,511,1,516,508,0,0
1.506,2,1,1,1,1,511,2,516,507,0,0
1.507,3,1,1,1,1,513,1,512,507,0,0
1.508,4,1,1,1,1,515,1,504,510,0,0
1.509,5,1,1,1,1,512,1,499,510,0,0
1.51,6,1,1,1,1,511,1,503,508,0,0
1.511,7,1,1,1,1,511,1,495,509,0,0
1.512,8,1,1,1,1,511,1,492,510,0,0
1.513,9,1,1,1,1,511,1,506,507,0,0
1.514,10,1,1,1,1,509,2,505,507,0,0
1.515,11,1,1,1,1,512,1,502,507,0,0
1.516,12,1,1,1,1,511,1,508,510,0,0
1.517,13,1,1,1,1,512,1,509,508,0,0
1.518,14,1,1,1,1,511,1,500,507,0,0
1.519,15,1,1,1,1,512,0,500,508,0,0
1.52,0,1,1,1,1,513,1,499,507,0,0
1.521,1,1,1,1,1,513,1,508,508,0,0
1.522,2,1,1,1,1,511,2,515,509,0,0
1.523,3,1,1,1,1,512,1,519,507,0,0
1.524,4,1,1,1,1,512,1,519,508,0,0
1.525,5,1,1,1,1,511,1,521,509,0,0
1.526,6,1,1,1,1,511,1,529,510,0,0
1.527,7,1,1,1,1,512,0,517,508,0,0
1.528,8,1,1,1,1,511,1,505,509,0,0
1.529,9,1,1,1,1,512,1,512,508,0,0
1.53,10,1,1,1,1,510,2,503,508,0,0
1.531,11,1,1,1,1,512,1,510,509,0,0
1.532,12,1,1,1,1,513,1,519,510,0,0
1.533,13,1,1,1,1,512,1,524,510,0,0
1.534,14,1,1,1,1,511,1,523,510,0,0
1.535,15,1,1,1,1,512,1,510,508,0,0
1.536,0,1,1,1,1,511,1,510,508,0,0
1.537,1,1,1,1,1,514,1,515,509,0,0
1.538,2,1,1,1,1,513,2,519,508,0,0
1.539,3,1,1,1,1,511,1,514,507,0,0
1.54,4,1,1,1,1,510,1,508,506,0,0
1.541,5,1,1,1,1,510,1,511,507,0,0
1.542,6,1,1,1,1,510,1,513,509,0,0
1.543,7,1,1,1,1,512,1,513,508,0,0
1.544,8,1,1,1,1,511,1,514,509,0,0
1.545,9,1,1,1,1,512,1,515,509,0,0
1.546,10,1,1,1,1,512,2,520,511,0,0
1.547,11,1,1,1,1,511,1,521,510,0,0
1.548,12,1,1,1,1,511,1,513,509,0,0
1.549,13,1,1,1,1,512,1,504,510,0,0
1.55,14,1,1,1,1,512,1,500,509,0,0
1.551,15,1,1,1,1,512,1,505,507,0,0
1.552,0,1,1,1,1,513,1,508,508,0,0
1.553,1,1,1,1,1,512,1,505,508,0,0
1.554,2,1,1,1,1,511,2,501,510,0,0
1.555,3,1,1,1,1,508,1,509,506,0,0
1.556,4,1,1,1,1,511,1,505,507,0,0
1.557,5,1,1,1,1,511,1,499,505,0,0
1.558,6,1,1,1,1,512,1,497,507,0,0
1.559,7,1,1,1,1,513,1,502,510,0,0
1.56,8,1,1,1,1,513,1,503,511,0,0
1.561,9,1,1,1,1,511,1,507,507,0,0
1.562,10,1,1,1,1,511,1,512,507,0,0
1.563,11,1,1,1,1,512,1,511,509,0,0
1.564,12,1,1,1,1,510,1,503,509,0,0
1.565,13,1,1,1,1,513,1,503,508,0,0
1.566,14,1,1,1,1,511,1,505,508,0,0
1.567,15,1,1,1,1,511,1,507,507,0,0
1.568,0,1,1,1,1,510,1,508,507,0,0
1.569,1,1,1,1,1,512,1,508,508,0,0
1.57,2,1,1,1,1,512,1,515,508,0,0
1.571,3,1,1,1,1,512,1,524,505,0,0
1.572,4,1,1,1,1,512,1,527,508,0,0
1.573,5,1,1,1,1,511,1,521,509,0,0
1.574,6,1,1,1,1,511,1,524,507,0,0
1.575,7,1,1,1,1,511,1,514,509,0,0
1.576,8,1,1,1,1,511,1,510,509,0,0
1.577,9,1,1,1,1,510,1,498,509,0,0
1.578,10,1,1,1,1,511,1,504,510,0,0
1.579,11,1,1,1,1,511,1,513,508,0,0
1.58,12,1,1,1,1,511,1,515,508,0,0
1.581,13,1,1,1,1,509,1,510,511,0,0
1.582,14,1,1,1,1,512,1,514,510,0,0
1.583,15,1,1,1,1,512,1,515,510,0,0
1.584,0,1,1,1,1,512,1,510,508,0,0
1.585,1,1,1,1,1,511,1,518,507,0,0
1.586,2,1,1,1,1,511,2,523,508,0,0
1.587,3,1,1,1,1,512,1,519,507,0,0
1.588,4,1,1,1,1,513,1,507,508,0,0
1.589,5,1,1,1,1,512,1,499,507,0,0
1.59,6,1,1,1,1,512,1,496,507,0,0
1.591,7,1,1,1,1,511,1,492,510,0,0
1.592,8,1,1,1,1,511,1,504,509,0,0
1.593,9,1,1,1,1,512,1,508,507,0,0
1.594,10,1,1,1,1,511,2,506,508,0,0
1.595,11,1,1,1,1,511,1,497,510,0,0
1.596,12,1,1,1,1,511,1,492,507,0,0
1.597,13,1,1,1,1,512,1,502,509,0,0
1.598,14,1,1,1,1,512,1,500,510,0,0
1.599,15,1,1,1,1,512,1,501,507,0,0
1.6,0,1,1,1,1,512,1,511,507,0,0
1.601,1,1,1,1,1,512,1,510,509,0,0
1.602,2,1,1,1,1,510,2,510,509,0,0
1.603,3,1,1,1,1,511,1,518,508,0,0
1.604,4,1,1,1,1,511,1,525,509,0,0
1.605,5,1,1,1,1,510,1,525,508,0,0
1.606,6,1,1,1,1,513,1,529,506,0,0
1.607,7,1,1,1,1,513,0,515,509,0,0
1.608,8,1,1,1,1,512,1,503,508,0,0
1.609,9,1,1,1,1,512,1,505,509,0,0
1.61,10,1,1,1,1,510,2,506,509,0,0
1.611,11,1,1,1,1,510,1,509,508,0,0
1.612,12,1,1,1,1,512,1,511,509,0,0
1.613,13,1,1,1,1,511,1,510,509,0,0
1.614,14,1,1,1,1,510,1,506,509,0,0
1.615,15,1,1,1,1,510,0,508,507,0,0
1.616,0,1,1,1,1,512,1,512,509,0,0
1.617,1,1,1,1,1,511,1,513,507,0,0
1.618,2,1,1,1,1,512,2,509,510,0,0
1.619,3,1,1,1,1,512,1,513,510,0,0
1.62,4,1,1,1,1,512,1,514,508,0,0
1.621,5,1,1,1,1,513,1,506,508,0,0
1.622,6,1,1,1,1,511,1,508,504,0,0
1.623,7,1,1,1,1,512,1,508,506,0,0
1.624,8,1,1,1,1,513,1,508,508,0,0
1.625,9,1,1,1,1,512,1,520,510,0,0
1.626,10,1,1,1,1,508,2,519,510,0,0
1.627,11,1,1,1,1,509,1,508,509,0,0
1.628,12,1,1,1,1,511,1,502,508,0,0
1.629,13,1,1,1,1,513,1,512,508,0,0
1.63,14,1,1,1,1,512,1,515,510,0,0
1.631,15,1,1,1,1,512,1,507,509,0,0
1.632,0,1,1,1,1,511,1,506,510,0,0
1.633,1,1,1,1,1,510,1,512,510,0,0
1.634,2,1,1,1,1,512,2,515,508,0,0
1.635,3,1,1,1,1,510,1,513,507,0,0
1.636,4,1,1,1,1,512,1,512,506,0,0
1.637,5,1,1,1,1,510,1,513,507,0,0
1.638,6,1,1,1,1,510,1,507,507,0,0
1.639,7,1,1,1,1,511,1,512,507,0,0
1.64,8,1,1,1,1,510,1,507,508,0,0
1.641,9,1,1,1,1,511,1,513,509,0,0
1.642,10,1,1,1,1,511,2,511,508,0,0
1.643,11,1,1,1,1,513,1,508,511,0,0
1.644,12,1,1,1,1,512,1,505,510,0,0
1.645,13,1,1,1,1,511,1,509,509,0,0
1.646,14,1,1,1,1,510,1,505,507,0,0
1.647,15,1,1,1,1,514,1,503,508,0,0
1.648,0,1,1,1,1,512,1,509,512,0,0
1.649,1,1,1,1,1,512,1,511,509,0,0
1.65,2,1,1,1,1,512,2,511,507,0,0
1.651,3,1,1,1,1,511,1,514,508,0,0
1.652,4,1,1,1,1,512,0,516,507,0,0
1.653,5,1,1,1,1,512,1,515,507,0,0
1.654,6,1,1,1,1,513,1,519,509,0,0
1.655,7,1,1,1,1,510,1,515,510,0,0
1.656,8,1,1,1,1,511,1,515,507,0,0
1.657,9,1,1,1,1,511,1,513,508,0,0
1.658,10,1,1,1,1,512,2,510,508,0,0
1.659,11,1,1,1,1,511,1,506,510,0,0
1.66,12,1,1,1,1,511,0,504,509,0,0
1.661,13,1,1,1,1,511,1,507,510,0,0
1.662,14,1,1,1,1,511,1,508,508,0,0
1.663,15,1,1,1,1,510,1,507,507,0,0
1.664,0,1,1,1,1,510,1,514,509,0,0
1.665,1,1,1,1,1,512,1,517,509,0,0
1.666,2,1,1,1,1,512,1,507,509,0,0
1.667,3,1,1,1,1,511,1,504,509,0,0
1.668,4,1,1,1,1,511,1,513,508,0,0
1.669,5,1,1,1,1,511,1,512,508,0,0
1.67,6,1,1,1,1,510,1,516,508,0,0
1.671,7,1,1,1,1,511,1,507,509,0,0
1.672,8,1,1,1,1,512,1,504,510,0,0
1.673,9,1,1,1,1,513,1,507,509,0,0
1.674,10,1,1,1,1,512,1,513,508,0,0
1.675,11,1,1,1,1,512,1,519,507,0,0
1.676,12,1,1,1,1,513,1,510,507,0,0
1.677,13,1,1,1,1,512,1,516,507,0,0
1.678,14,1,1,1,1,513,1,516,506,0,0
1.679,15,1,1,1,1,512,1,514,508,0,0
1.68,0,1,1,1,1,514,1,512,509,0,0
1.681,1,1,1,1,1,511,1,509,509,0,0
1.682,2,1,1,1,1,512,1,505,509,0,0
1.683,3,1,1,1,1,512,1,504,510,0,0
1.684,4,1,1,1,1,511,1,509,509,0,0
1.685,5,1,1,1,1,511,1,516,507,0,0
1.686,6,1,1,1,1,511,1,513,509,0,0
1.687,7,1,1,1,1,511,1,516,509,0,0
1.688,8,1,1,1,1,511,1,511,508,0,0
1.689,9,1,1,1,1,512,1,515,507,0,0
1.69,10,1,1,1,1,512,2,506,507,0,0
1.691,11,1,1,1,1,511,1,509,510,0,0
1.692,12,1,1,1,1,512,0,512,508,0,0
1.693,13,1,1,1,1,512,1,512,505,0,0
1.694,14,1,1,1,1,511,1,505,509,0,0
1.695,15,1,1,1,1,512,1,515,509,0,0
1.696,0,1,1,1,1,512,1,518,508,0,0
1.697,1,1,1,1,1,512,1,518,510,0,0
1.698,2,1,1,1,1,511,2,509,510,0,0
1.699,3,1,1,1,1,510,1,507,511,0,0
1.7,4,1,1,1,1,511,0,512,509,0,0
1.701,5,1,1,1,1,511,1,512,510,0,0
1.702,6,1,1,1,1,512,1,507,510,0,0
1.703,7,1,1,1,1,513,1,503,510,0,0
1.704,8,1,1,1,1,513,1,503,511,0,0
1.705,9,1,1,1,1,509,1,509,507,0,0
1.706,10,1,1,1,1,510,2,512,507,0,0
1.707,11,1,1,1,1,511,1,496,507,0,0
1.708,12,1,1,1,1,510,0,503,508,0,0
1.709,13,1,1,1,1,511,1,509,508,0,0
1.71,14,1,1,1,1,512,1,504,508,0,0
1.711,15,1,1,1,1,512,1,510,508,0,0
1.712,0,1,1,1,1,513,1,514,508,0,0
1.713,1,1,1,1,1,513,1,518,507,0,0
1.714,2,1,1,1,1,511,2,508,508,0,0
1.715,3,1,1,1,1,513,1,510,508,0,0
1.716,4,1,1,1,1,513,1,509,508,0,0
1.717,5,1,1,1,1,514,1,507,508,0,0
1.718,6,1,1,1,1,513,1,504,507,0,0
1.719,7,1,1,1,1,511,1,512,510,0,0
1.72,8,1,1,1,1,510,1,515,507,0,0
1.721,9,1,1,1,1,513,1,514,509,0,0
1.722,10,1,1,1,1,510,2,505,508,0,0
1.723,11,1,1,1,1,510,1,505,508,0,0
1.724,12,1,1,1,1,512,1,505,509,0,0
1.725,13,1,1,1,1,511,1,510,508,0,0
1.726,14,1,1,1,1,512,1,515,506,0,0
1.727,15,1,1,1,1,510,1,513,509,0,0
1.728,0,1,1,1,1,511,1,512,508,0,0
1.729,1,1,1,1,1,511,1,515,509,0,0
1.73,2,1,1,1,1,512,2,508,506,0,0
1.731,3,1,1,1,1,512,1,504,508,0,0
1.732,4,1,1,1,1,513,1,502,510,0,0
1.733,5,1,1,1,1,512,1,508,510,0,0
1.734,6,1,1,1,1,513,1,510,509,0,0
1.735,7,1,1,1,1,511,0,512,508,0,0
1.736,8,1,1,1,1,510,1,512,508,0,0
1.737,9,1,1,1,1,510,1,511,506,0,0
1.738,10,1,1,1,1,510,2,512,508,0,0
1.739,11,1,1,1,1,511,1,511,508,0,0
1.74,12,1,1,1,1,513,1,501,508,0,0
1.741,13,1,1,1,1,511,1,498,510,0,0
1.742,14,1,1,1,1,510,1,507,509,0,0
1.743,15,1,1,1,1,512,0,502,508,0,0
1.744,0,1,1,1,1,512,1,506,508,0,0
1.745,1,1,1,1,1,510,1,504,507,0,0
1.746,2,1,1,1,1,510,2,511,509,0,0
1.747,3,1,1,1,1,512,1,515,509,0,0
1.748,4,1,1,1,1,512,1,510,511,0,0
1.749,5,1,1,1,1,511,1,510,512,0,0
1.75,6,1,1,1,1,513,1,512,509,0,0
1.751,7,1,1,1,1,512,0,508,508,0,0
1.752,8,1,1,1,1,510,1,506,509,0,0
1.753,9,1,1,1,1,512,1,518,510,0,0
1.754,10,1,1,1,1,511,2,519,508,0,0
1.755,11,1,1,1,1,512,1,514,508,0,0
1.756,12,1,1,1,1,511,1,517,508,0,0
1.757,13,1,1,1,1,512,1,514,507,0,0
1.758,14,1,1,1,1,511,1,507,507,0,0
1.759,15,1,1,1,1,511,1,505,507,0,0
1.76,0,1,1,1,1,512,1,508,509,0,0
1.761,1,1,1,1,1,511,1,515,509,0,0
1.762,2,1,1,1,1,511,2,520,510,0,0
1.763,3,1,1,1,1,512,1,524,511,0,0
1.764,4,1,1,1,1,512,1,519,508,0,0
1.765,5,1,1,1,1,510,1,518,511,0,0
1.766,6,1,1,1,1,512,1,511,508,0,0
1.767,7,1,1,1,1,511,1,502,508,0,0
1.768,8,1,1,1,1,511,1,512,508,0,0
1.769,9,1,1,1,1,510,1,521,506,0,0
1.77,10,1,1,1,1,512,2,511,507,0,0
1.771,11,1,1,1,1,511,1,506,508,0,0
1.772,12,1,1,1,1,512,1,507,507,0,0
1.773,13,1,1,1,1,512,1,509,511,0,0
1.774,14,1,1,1,1,510,1,513,509,0,0
1.775,15,1,1,1,1,510,1,514,509,0,0
1.776,0,1,1,1,1,511,1,505,508,0,0
1.777,1,1,1,1,1,511,1,512,509,0,0
1.778,2,1,1,1,1,511,1,506,506,0,0
1.779,3,1,1,1,1,512,1,507,507,0,0
1.78,4,1,1,1,1,511,1,514,507,0,0
1.781,5,1,1,1,1,511,1,518,508,0,0
1.782,6,1,1,1,1,512,1,513,508,0,0
1.783,7,1,1,1,1,511,1,510,508,0,0
1.784,8,1,1,1,1,512,1,508,508,0,0
1.785,9,1,1,1,1,512,1,501,508,0,0
1.786,10,1,1,1,1,511,1,507,508,0,0
1.787,11,1,1,1,1,511,1,509,510,0,0
1.788,12,1,1,1,1,511,1,516,510,0,0
1.789,13,1,1,1,1,512,1,513,510,0,0
1.79,14,1,1,1,1,511,1,514,509,0,0
1.791,15,1,1,1,1,512,1,508,509,0,0
1.792,0,1,1,1,1,512,1,509,508,0,0
1.793,1,1,1,1,1,511,1,500,507,0,0
1.794,2,1,1,1,1,510,1,509,508,0,0
1.795,3,1,1,1,1,512,1,511,508,0,0
1.796,4,1,1,1,1,511,1,516,509,0,0
1.797,5,1,1,1,1,510,1,512,509,0,0
1.798,6,1,1,1,1,512,1,501,507,0,0
1.799,7,1,1,1,1,510,1,511,509,0,0
1.8,8,1,1,1,1,511,1,505,508,0,0
1.801,9,1,1,1,1,510,1,502,508,0,0
1.802,10,1,1,1,1,511,2,504,509,0,0
1.803,11,1,1,1,1,512,1,496,508,0,0
1.804,12,1,1,1,1,511,1,495,507,0,0
1.805,13,1,1,1,1,512,1,501,507,0,0
1.806,14,1,1,1,1,511,1,500,508,0,0
1.807,15,1,1,1,1,512,1,505,509,0,0
1.808,0,1,1,1,1,513,1,507,509,0,0
1.809,1,1,1,1,1,512,1,509,508,0,0
1.81,2,1,1,1,1,513,2,514,509,0,0
1.811,3,1,1,1,1,511,1,504,509,0,0
1.812,4,1,1,1,1,511,1,511,507,0,0
1.813,5,1,1,1,1,512,1,518,507,0,0
1.814,6,1,1,1,1,511,1,512,507,0,0
1.815,7,1,1,1,1,511,1,516,506,0,0
1.816,8,1,1,1,1,511,1,514,506,0,0
1.817,9,1,1,1,1,510,1,517,509,0,0
1.818,10,1,1,1,1,510,2,511,510,0,0
1.819,11,1,1,1,1,511,1,518,508,0,0
1.82,12,1,1,1,1,510,1,519,508,0,0
1.821,13,1,1,1,1,513,1,518,508,0,0
1.822,14,1,1,1,1,511,1,524,509,0,0
1.823,15,1,1,1,1,513,0,521,509,0,0
1.824,0,1,1,1,1,512,1,511,509,0,0
1.825,1,1,1,1,1,511,1,506,508,0,0
1.826,2,1,1,1,1,511,2,499,509,0,0
1.827,3,1,1,1,1,511,1,505,508,0,0
1.828,4,1,1,1,1,511,1,514,510,0,0
1.829,5,1,1,1,1,512,1,520,508,0,0
1.83,6,1,1,1,1,512,1,516,508,0,0
1.831,7,1,1,1,1,511,0,517,508,0,0
1.832,8,1,1,1,1,512,1,514,508,0,0
1.833,9,1,1,1,1,511,1,508,509,0,0
1.834,10,1,1,1,1,515,2,515,509,0,0
1.835,11,1,1,1,1,513,1,517,509,0,0
1.836,12,1,1,1,1,512,1,529,508,0,0
1.837,13,1,1,1,1,512,1,520,508,0,0
1.838,14,1,1,1,1,511,1,511,508,0,0
1.839,15,1,1,1,1,512,0,507,508,0,0
1.84,0,1,1,1,1,511,1,503,508,0,0
1.841,1,1,1,1,1,510,1,506,509,0,0
1.842,2,1,1,1,1,510,2,501,509,0,0
1.843,3,1,1,1,1,510,1,505,510,0,0
1.844,4,1,1,1,1,511,1,506,510,0,0
1.845,5,1,1,1,1,510,1,504,510,0,0
1.846,6,1,1,1,1,510,1,506,510,0,0
1.847,7,1,1,1,1,512,1,515,508,0,0
1.848,8,1,1,1,1,515,1,515,509,0,0
1.849,9,1,1,1,1,513,1,519,507,0,0
1.85,10,1,1,1,1,513,2,518,506,0,0
1.851,11,1,1,1,1,512,1,502,509,0,0
1.852,12,1,1,1,1,511,1,500,508,0,0
1.853,13,1,1,1,1,512,1,505,507,0,0
1.854,14,1,1,1,1,511,1,506,510,0,0
1.855,15,1,1,1,1,511,1,508,507,0,0
1.856,0,1,1,1,1,512,1,508,507,0,0
1.857,1,1,1,1,1,513,1,518,508,0,0
1.858,2,1,1,1,1,514,2,510,511,0,0
1.859,3,1,1,1,1,512,1,500,511,0,0
1.86,4,1,1,1,1,512,1,498,508,0,0
1.861,5,1,1,1,1,512,1,507,507,0,0
1.862,6,1,1,1,1,511,1,508,509,0,0
1.863,7,1,1,1,1,511,1,506,509,0,0
1.864,8,1,1,1,1,511,1,504,506,0,0
1.865,9,1,1,1,1,512,1,503,508,0,0
1.866,10,1,1,1,1,510,2,508,510,0,0
1.867,11,1,1,1,1,510,1,508,508,0,0
1.868,12,1,1,1,1,511,0,519,507,0,0
1.869,13,1,1,1,1,512,1,521,507,0,0
1.87,14,1,1,1,1,512,1,514,507,0,0
1.871,15,1,1,1,1,511,1,515,508,0,0
1.872,0,1,1,1,1,511,1,512,508,0,0
1.873,1,1,1,1,1,512,1,507,508,0,0
1.874,2,1,1,1,1,512,2,516,508,0,0
1.875,3,1,1,1,1,512,1,515,510,0,0
1.876,4,1,1,1,1,514,0,508,511,0,0
1.877,5,1,1,1,1,512,1,499,509,0,0
1.878,6,1,1,1,1,511,1,494,508,0,0
1.879,7,1,1,1,1,512,1,497,507,0,0
1.88,8,1,1,1,1,511,1,500,506,0,0
1.881,9,1,1,1,1,511,1,507,508,0,0
1.882,10,1,1,1,1,513,2,512,508,0,0
1.883,11,1,1,1,1,511,1,513,509,0,0
1.884,12,1,1,1,1,512,0,513,508,0,0
1.885,13,1,1,1,1,512,1,515,509,0,0
1.886,14,1,1,1,1,511,1,515,511,0,0
1.887,15,1,1,1,1,512,1,516,512,0,0
1.888,0,1,1,1,1,510,1,512,512,0,0
1.889,1,1,1,1,1,510,1,503,509,0,0
1.89,2,1,1,1,1,513,1,507,508,0,0
1.891,3,1,1,1,1,511,1,506,508,0,0
1.892,4,1,1,1,1,513,1,508,507,0,0
1.893,5,1,1,1,1,513,1,509,507,0,0
1.894,6,1,1,1,1,512,1,517,509,0,0
1.895,7,1,1,1,1,512,1,519,508,0,0
1.896,8,1,1,1,1,511,1,512,507,0,0
1.897,9,1,1,1,1,512,1,523,509,0,0
1.898,10,1,1,1,1,511,1,516,508,0,0
1.899,11,1,1,1,1,513,1,515,510,0,0
1.9,12,1,1,1,1,511,1,519,509,0,0
1.901,13,1,1,1,1,511,1,511,507,0,0
1.902,14,1,1,1,1,512,1,506,509,0,0
1.903,15,1,1,1,1,510,1,514,508,0,0
1.904,0,1,1,1,1,510,1,513,508,0,0
1.905,1,1,1,1,1,512,1,504,508,0,0
1.906,2,1,1,1,1,512,1,504,507,0,0
1.907,3,1,1,1,1,511,1,510,510,0,0
1.908,4,1,1,1,1,511,0,519,508,0,0
1.909,5,1,1,1,1,512,1,519,508,0,0
1.91,6,1,1,1,1,512,1,520,510,0,0
1.911,7,1,1,1,1,512,1,514,508,0,0
1.912,8,1,1,1,1,511,1,520,508,0,0
1.913,9,1,1,1,1,511,1,525,510,0,0
1.914,10,1,1,1,1,510,2,512,508,0,0
1.915,11,1,1,1,1,511,1,509,507,0,0
1.916,12,1,1,1,1,511,0,501,508,0,0
1.917,13,1,1,1,1,512,1,505,508,0,0
1.918,14,1,1,1,1,511,1,510,507,0,0
1.919,15,1,1,1,1,510,1,508,507,0,0
1.92,0,1,1,1,1,512,1,510,509,0,0
1.921,1,1,1,1,1,512,1,496,508,0,0
1.922,2,1,1,1,1,513,2,497,510,0,0
1.923,3,1,1,1,1,510,1,493,508,0,0
1.924,4,1,1,1,1,511,0,490,509,0,0
1.925,5,1,1,1,1,512,1,515,508,0,0
1.926,6,1,1,1,1,511,1,517,511,0,0
1.927,7,1,1,1,1,511,1,510,508,0,0
1.928,8,1,1,1,1,512,1,515,509,0,0
1.929,9,1,1,1,1,511,1,518,508,0,0
1.93,10,1,1,1,1,510,2,512,508,0,0
1.931,11,1,1,1,1,512,1,509,506,0,0
1.932,12,1,1,1,1,512,1,511,508,0,0
1.933,13,1,1,1,1,512,1,519,508,0,0
1.934,14,1,1,1,1,512,1,513,508,0,0
1.935,15,1,1,1,1,510,1,510,508,0,0
1.936,0,1,1,1,1,511,1,508,510,0,0
1.937,1,1,1,1,1,511,1,507,509,0,0
1.938,2,1,1,1,1,513,2,509,508,0,0
1.939,3,1,1,1,1,511,1,515,509,0,0
1.94,4,1,1,1,1,509,1,512,508,0,0
1.941,5,1,1,1,1,511,1,509,507,0,0
1.942,6,1,1,1,1,511,1,511,508,0,0
1.943,7,1,1,1,1,511,1,508,509,0,0
1.944,8,1,1,1,1,512,1,507,509,0,0
1.945,9,1,1,1,1,511,1,499,509,0,0
1.946,10,1,1,1,1,511,2,505,509,0,0
1.947,11,1,1,1,1,512,1,508,510,0,0
1.948,12,1,1,1,1,513,1,509,508,0,0
1.949,13,1,1,1,1,512,1,514,511,0,0
1.95,14,1,1,1,1,511,1,525,508,0,0
1.951,15,1,1,1,1,512,0,531,509,0,0
1.952,0,1,1,1,1,511,1,524,505,0,0
1.953,1,1,1,1,1,512,1,517,507,0,0
1.954,2,1,1,1,1,510,2,506,508,0,0
1.955,3,1,1,1,1,511,1,509,510,0,0
1.956,4,1,1,1,1,513,1,517,510,0,0
1.957,5,1,1,1,1,511,1,509,509,0,0
1.958,6,1,1,1,1,513,1,509,511,0,0
1.959,7,1,1,1,1,511,0,510,508,0,0
1.96,8,1,1,1,1,514,1,505,508,0,0
1.961,9,1,1,1,1,511,1,507,507,0,0
1.962,10,1,1,1,1,511,2,500,508,0,0
1.963,11,1,1,1,1,511,1,497,507,0,0
1.964,12,1,1,1,1,512,1,496,509,0,0
1.965,13,1,1,1,1,512,1,505,510,0,0
1.966,14,1,1,1,1,512,1,507,509,0,0
1.967,15,1,1,1,1,510,0,517,509,0,0
1.968,0,1,1,1,1,512,1,512,510,0,0
1.969,1,1,1,1,1,511,1,524,508,0,0
1.97,2,1,1,1,1,512,2,521,507,0,0
1.971,3,1,1,1,1,510,1,517,508,0,0
1.972,4,1,1,1,1,512,1,516,509,0,0
1.973,5,1,1,1,1,511,1,517,506,0,0
1.974,6,1,1,1,1,511,1,507,508,0,0
1.975,7,1,1,1,1,510,1,511,507,0,0
1.976,8,1,1,1,1,513,1,516,508,0,0
1.977,9,1,1,1,1,511,1,518,508,0,0
1.978,10,1,1,1,1,512,2,513,508,0,0
1.979,11,1,1,1,1,511,1,509,508,0,0
1.98,12,1,1,1,1,512,1,502,510,0,0
1.981,13,1,1,1,1,511,1,510,508,0,0
1.982,14,1,1,1,1,512,1,507,512,0,0
1.983,15,1,1,1,1,511,1,500,509,0,0
1.984,0,1,1,1,1,511,1,507,507,0,0
1.985,1,1,1,1,1,511,1,505,508,0,0
1.986,2,1,1,1,1,513,2,507,508,0,0
1.987,3,1,1,1,1,511,1,511,510,0,0
1.988,4,1,1,1,1,511,1,513,509,0,0
1.989,5,1,1,1,1,511,1,514,509,0,0
1.99,6,1,1,1,1,511,1,512,507,0,0
1.991,7,1,1,1,1,510,1,510,509,0,0
1.992,8,1,1,1,1,511,1,508,508,0,0
1.993,9,1,1,1,1,512,1,508,508,0,0
1.994,10,1,1,1,1,511,1,500,510,0,0
1.995,11,1,1,1,1,515,1,500,509,0,0
1.996,12,1,1,1,1,513,1,505,508,0,0
1.997,13,1,1,1,1,511,1,504,508,0,0
1.998,14,1,1,1,1,510,1,512,508,0,0
1.999,15,1,1,1,1,512,1,512,509,0,0
2.0,0,1,1,1,1,512,1,513,507,0,0
2.001,1,1,1,1,1,512,1,513,507,0,0
2.002,2,1,1,1,1,510,1,507,506,0,0
2.003,3,1,1,1,1,511,1,517,507,0,0
2.004,4,1,1,1,1,513,1,515,508,0,0
2.005,5,1,1,1,1,510,1,512,510,0,0
2.006,6,1,1,1,1,512,1,513,508,0,0
2.007,7,1,1,1,1,511,1,515,507,0,0
2.008,8,1,1,1,1,511,1,512,505,0,0
2.009,9,1,1,1,1,513,1,502,507,0,0
2.01,10,1,1,1,1,510,1,513,510,0,0
2.011,11,1,1,1,1,511,1,514,510,0,0
2.012,12,1,1,1,1,511,1,520,509,0,0
2.013,13,1,1,1,1,511,1,509,510,0,0
2.014,14,1,1,1,1,512,1,509,509,0,0
2.015,15,1,1,1,1,513,1,514,509,0,0
2.016,0,1,1,1,1,512,1,507,509,0,0
2.017,1,1,1,1,1,513,1,507,507,0,0
2.018,2,1,1,1,1,511,2,520,509,0,0
2.019,3,1,1,1,1,510,1,521,508,0,0
2.02,4,1,1,1,1,511,1,520,508,0,0
2.021,5,1,1,1,1,512,1,519,507,0,0
2.022,6,1,1,1,1,512,1,500,508,0,0
2.023,7,1,1,1,1,511,1,503,507,0,0
2.024,8,1,1,1,1,512,1,505,507,0,0
2.025,9,1,1,1,1,511,1,493,510,0,0
2.026,10,1,1,1,1,510,2,499,508,0,0
2.027,11,1,1,1,1,511,1,497,509,0,0
2.028,12,1,1,1,1,510,1,500,508,0,0
2.029,13,1,1,1,1,512,1,505,508,0,0
2.03,14,1,1,1,1,512,1,512,508,0,0
2.031,15,1,1,1,1,511,1,516,509,0,0
2.032,0,1,1,1,1,511,1,522,506,0,0
2.033,1,1,1,1,1,512,1,512,508,0,0
2.034,2,1,1,1,1,511,2,509,508,0,0
2.035,3,1,1,1,1,511,1,514,510,0,0
2.036,4,1,1,1,1,511,1,519,510,0,0
2.037,5,1,1,1,1,512,1,515,509,0,0
2.038,6,1,1,1,1,511,1,506,509,0,0
2.039,7,1,1,1,1,513,0,508,508,0,0
2.04,8,1,1,1,1,512,1,507,508,0,0
2.041,9,1,1,1,1,510,1,496,507,0,0
2.042,10,1,1,1,1,512,2,499,507,0,0
2.043,11,1,1,1,1,513,1,502,509,0,0
2.044,12,1,1,1,1,512,1,506,508,0,0
2.045,13,1,1,1,1,510,1,518,508,0,0
2.046,14,1,1,1,1,511,1,525,507,0,0
2.047,15,1,1,1,1,512,0,522,507,0,0
2.048,0,1,1,1,1,510,1,516,508,0,0
2.049,1,1,1,1,1,511,1,521,510,0,0
2.05,2,1,1,1,1,511,2,519,509,0,0
2.051,3,1,1,1,1,513,1,516,509,0,0
2.052,4,1,1,1,1,511,1,512,509,0,0
2.053,5,1,1,1,1,509,1,503,509,0,0
2.054,6,1,1,1,1,512,1,513,509,0,0
2.055,7,1,1,1,1,513,0,508,507,0,0
2.056,8,1,1,1,1,512,1,510,509,0,0
2.057,9,1,1,1,1,512,1,514,509,0,0
2.058,10,1,1,1,1,512,2,513,509,0,0
2.059,11,1,1,1,1,511,1,515,508,0,0
2.06,12,1,1,1,1,512,1,515,507,0,0
2.061,13,1,1,1,1,511,1,507,507,0,0
2.062,14,1,1,1,1,512,1,505,507,0,0
2.063,15,1,1,1,1,511,1,503,507,0,0
2.064,0,1,1,1,1,511,1,501,508,0,0
2.065,1,1,1,1,1,512,1,508,505,0,0
2.066,2,1,1,1,1,510,2,515,507,0,0
2.067,3,1,1,1,1,512,1,514,508,0,0
2.068,4,1,1,1,1,511,1,508,508,0,0
2.069,5,1,1,1,1,511,1,510,508,0,0
2.07,6,1,1,1,1,511,1,505,508,0,0
2.071,7,1,1,1,1,510,1,505,510,0,0
2.072,8,1,1,1,1,512,1,500,509,0,0
2.073,9,1,1,1,1,511,1,500,508,0,0
2.074,10,1,1,1,1,513,2,501,509,0,0
2.075,11,1,1,1,1,511,1,504,508,0,0
2.076,12,1,1,1,1,511,1,521,510,0,0
2.077,13,1,1,1,1,513,1,514,509,0,0
2.078,14,1,1,1,1,512,1,509,509,0,0
2.079,15,1,1,1,1,511,1,508,510,0,0
2.08,0,1,1,1,1,513,1,504,506,0,0
2.081,1,1,1,1,1,511,1,505,509,0,0
2.082,2,1,1,1,1,511,2,495,508,0,0
2.083,3,1,1,1,1,511,1,506,510,0,0
2.084,4,1,1,1,1,512,0,515,510,0,0
2.085,5,1,1,1,1,511,1,509,508,0,0
2.086,6,1,1,1,1,512,1,507,509,0,0
2.087,7,1,1,1,1,510,1,511,507,0,0
2.088,8,1,1,1,1,511,1,512,508,0,0
2.089,9,1,1,1,1,513,1,511,507,0,0
2.09,10,1,1,1,1,512,2,514,508,0,0
2.091,11,1,1,1,1,512,1,516,510,0,0
2.092,12,1,1,1,1,511,0,525,510,0,0
2.093,13,1,1,1,1,511,1,525,508,0,0
2.094,14,1,1,1,1,512,1,522,507,0,0
2.095,15,1,1,1,1,512,1,527,506,0,0
2.096,0,1,1,1,1,512,1,528,508,0,0
2.097,1,1,1,1,1,512,1,518,508,0,0
2.098,2,1,1,1,1,511,2,516,507,0,0
2.099,3,1,1,1,1,510,1,512,509,0,0
2.1,4,1,1,1,1,511,0,516,509,0,0
2.101,5,1,1,1,1,509,1,512,507,0,0
2.102,6,1,1,1,1,512,1,508,508,0,0
2.103,7,1,1,1,1,511,1,504,509,0,0
2.104,8,1,1,1,1,512,1,508,509,0,0
2.105,9,1,1,1,1,512,1,512,507,0,0
2.106,10,1,1,1,1,511,1,524,508,0,0
2.107,11,1,1,1,1,512,1,498,508,0,0
2.108,12,1,1,1,1,510,1,487,511,0,0
2.109,13,1,1,1,1,512,1,488,510,0,0
2.11,14,1,1,1,1,512,1,494,509,0,0
2.111,15,1,1,1,1,512,1,491,508,0,0
2.112,0,1,1,1,1,513,1,495,509,0,0
2.113,1,1,1,1,1,512,1,500,509,0,0
2.114,2,1,1,1,1,511,1,504,508,0,0
2.115,3,1,1,1,1,511,1,508,508,0,0
2.116,4,1,1,1,1,512,1,523,509,0,0
2.117,5,1,1,1,1,511,1,521,506,0,0
2.118,6,1,1,1,1,512,1,516,508,0,0
2.119,7,1,1,1,1,511,1,519,510,0,0
2.12,8,1,1,1,1,512,1,516,508,0,0
2.121,9,1,1,1,1,513,1,508,508,0,0
2.122,10,1,1,1,1,511,1,520,508,0,0
2.123,11,1,1,1,1,511,1,526,508,0,0
2.124,12,1,1,1,1,510,1,524,509,0,0
2.125,13,1,1,1,1,512,1,519,509,0,0
2.126,14,1,1,1,1,511,1,505,509,0,0
2.127,15,1,1,1,1,510,1,503,510,0,0
2.128,0,1,1,1,1,512,1,504,509,0,0
2.129,1,1,1,1,1,513,1,503,507,0,0
2.13,2,1,1,1,1,512,2,513,506,0,0
2.131,3,1,1,1,1,511,1,517,505,0,0
2.132,4,1,1,1,1,512,0,507,508,0,0
2.133,5,1,1,1,1,511,1,522,509,0,0
2.134,6,1,1,1,1,512,1,518,507,0,0
2.135,7,1,1,1,1,511,1,511,507,0,0
2.136,8,1,1,1,1,512,1,506,509,0,0
2.137,9,1,1,1,1,511,1,511,510,0,0
2.138,10,1,1,1,1,512,2,502,508,0,0
2.139,11,1,1,1,1,511,1,505,510,0,0
2.14,12,1,1,1,1,512,0,518,508,0,0
2.141,13,1,1,1,1,511,1,505,509,0,0
2.142,14,1,1,1,1,511,1,502,508,0,0
2.143,15,1,1,1,1,509,1,499,508,0,0
2.144,0,1,1,1,1,513,1,494,509,0,0
2.145,1,1,1,1,1,511,1,498,509,0,0
2.146,2,1,1,1,1,512,2,502,509,0,0
2.147,3,1,1,1,1,512,1,507,509,0,0
2.148,4,1,1,1,1,512,1,507,508,0,0
2.149,5,1,1,1,1,512,1,504,508,0,0
2.15,6,1,1,1,1,512,1,513,508,0,0
2.151,7,1,1,1,1,510,1,509,509,0,0
2.152,8,1,1,1,1,511,1,514,509,0,0
2.153,9,1,1,1,1,511,1,514,508,0,0
2.154,10,1,1,1,1,510,2,510,507,0,0
2.155,11,1,1,1,1,511,1,506,507,0,0
2.156,12,1,1,1,1,512,1,512,508,0,0
2.157,13,1,1,1,1,512,1,519,508,0,0
2.158,14,1,1,1,1,510,1,518,509,0,0
2.159,15,1,1,1,1,511,1,523,507,0,0
2.16,0,1,1,1,1,514,1,509,506,0,0
2.161,1,1,1,1,1,510,1,507,508,0,0
2.162,2,1,1,1,1,511,2,502,512,0,0
2.163,3,1,1,1,1,512,1,511,510,0,0
2.164,4,1,1,1,1,511,1,515,511,0,0
2.165,5,1,1,1,1,513,1,516,510,0,0
2.166,6,1,1,1,1,512,1,511,509,0,0
2.167,7,1,1,1,1,512,1,511,505,0,0
2.168,8,1,1,1,1,509,1,518,508,0,0
2.169,9,1,1,1,1,511,1,523,510,0,0
2.17,10,1,1,1,1,511,2,521,508,0,0
2.171,11,1,1,1,1,512,1,513,506,0,0
2.172,12,1,1,1,1,514,1,515,504,0,0
2.173,13,1,1,1,1,509,1,514,508,0,0
2.174,14,1,1,1,1,511,1,508,511,0,0
2.175,15,1,1,1,1,511,0,504,507,0,0
2.176,0,1,1,1,1,511,1,498,509,0,0
2.177,1,1,1,1,1,512,1,500,508,0,0
2.178,2,1,1,1,1,512,2,503,506,0,0
2.179,3,1,1,1,1,510,1,512,508,0,0
2.18,4,1,1,1,1,512,1,519,508,0,0
2.181,5,1,1,1,1,512,1,512,509,0,0
2.182,6,1,1,1,1,513,1,515,509,0,0
2.183,7,1,1,1,1,511,0,506,508,0,0
2.184,8,1,1,1,1,513,1,509,510,0,0
2.185,9,1,1,1,1,510,1,511,506,0,0
2.186,10,1,1,1,1,510,2,514,508,0,0
2.187,11,1,1,1,1,512,1,510,508,0,0
2.188,12,1,1,1,1,514,1,504,508,0,0
2.189,13,1,1,1,1,512,1,501,508,0,0
2.19,14,1,1,1,1,512,1,507,508,0,0
2.191,15,1,1,1,1,510,1,511,509,0,0
2.192,0,1,1,1,1,512,1,504,509,0,0
2.193,1,1,1,1,1,512,1,506,510,0,0
2.194,2,1,1,1,1,509,2,508,507,0,0
2.195,3,1,1,1,1,511,1,508,508,0,0
2.196,4,1,1,1,1,510,1,513,509,0,0
2.197,5,1,1,1,1,512,1,510,508,0,0
2.198,6,1,1,1,1,511,1,511,507,0,0
2.199,7,1,1,1,1,510,1,508,508,0,0
2.2,8,1,1,1,1,510,1,508,507,0,0
2.201,9,1,1,1,1,513,1,514,510,0,0
2.202,10,1,1,1,1,514,2,520,509,0,0
2.203,11,1,1,1,1,511,1,520,507,0,0
2.204,12,1,1,1,1,512,1,524,509,0,0
2.205,13,1,1,1,1,512,1,519,508,0,0
2.206,14,1,1,1,1,511,1,527,506,0,0
2.207,15,1,1,1,1,511,1,526,507,0,0
2.208,0,1,1,1,1,511,1,525,509,0,0
2.209,1,1,1,1,1,512,1,510,509,0,0
2.21,2,1,1,1,1,512,2,503,507,0,0
2.211,3,1,1,1,1,511,1,507,508,0,0
2.212,4,1,1,1,1,511,1,501,509,0,0
2.213,5,1,1,1,1,512,1,511,509,0,0
2.214,6,1,1,1,1,511,1,508,508,0,0
2.215,7,1,1,1,1,513,1,508,510,0,0
2.216,8,1,1,1,1,512,1,510,508,0,0
2.217,9,1,1,1,1,511,1,511,507,0,0
2.218,10,1,1,1,1,512,1,508,507,0,0
2.219,11,1,1,1,1,511,1,501,509,0,0
2.22,12,1,1,1,1,514,1,506,509,0,0
2.221,13,1,1,1,1,511,1,510,508,0,0
2.222,14,1,1,1,1,511,1,510,510,0,0
2.223,15,1,1,1,1,510,1,502,507,0,0
2.224,0,1,1,1,1,510,1,512,507,0,0
2.225,1,1,1,1,1,512,1,512,509,0,0
2.226,2,1,1,1,1,510,1,516,510,0,0
2.227,3,1,1,1,1,513,1,509,511,0,0
2.228,4,1,1,1,1,511,1,512,507,0,0
2.229,5,1,1,1,1,511,1,512,508,0,0
2.23,6,1,1,1,1,511,1,518,506,0,0
2.231,7,1,1,1,1,511,1,514,508,0,0
2.232,8,1,1,1,1,511,1,505,508,0,0
2.233,9,1,1,1,1,513,1,503,508,0,0
2.234,10,1,1,1,1,511,2,503,507,0,0
2.235,11,1,1,1,1,512,1,504,510,0,0
2.236,12,1,1,1,1,511,1,501,509,0,0
2.237,13,1,1,1,1,512,1,504,508,0,0
2.238,14,1,1,1,1,510,1,500,509,0,0
2.239,15,1,1,1,1,512,1,508,508,0,0
2.24,0,1,1,1,1,511,1,512,505,0,0
2.241,1,1,1,1,1,512,1,507,508,0,0
2.242,2,1,1,1,1,512,2,502,510,0,0
2.243,3,1,1,1,1,513,1,512,508,0,0
2.244,4,1,1,1,1,512,1,515,508,0,0
2.245,5,1,1,1,1,509,1,514,510,0,0
2.246,6,1,1,1,1,511,1,517,510,0,0
2.247,7,1,1,1,1,511,1,516,508,0,0
2.248,8,1,1,1,1,514,1,508,510,0,0
2.249,9,1,1,1,1,512,1,507,510,0,0
2.25,10,1,1,1,1,510,2,505,508,0,0
2.251,11,1,1,1,1,510,1,514,507,0,0
2.252,12,1,1,1,1,510,1,506,508,0,0
2.253,13,1,1,1,1,509,1,505,508,0,0
2.254,14,1,1,1,1,513,1,504,512,0,0
2.255,15,1,1,1,1,512,1,519,508,0,0
2.256,0,1,1,1,1,514,1,521,509,0,0
2.257,1,1,1,1,1,512,1,524,508,0,0
2.258,2,1,1,1,1,510,2,518,508,0,0
2.259,3,1,1,1,1,510,1,507,510,0,0
2.26,4,1,1,1,1,509,1,507,506,0,0
2.261,5,1,1,1,1,512,1,515,508,0,0
2.262,6,1,1,1,1,510,1,523,508,0,0
2.263,7,1,1,1,1,514,0,514,508,0,0
2.264,8,1,1,1,1,511,1,513,507,0,0
2.265,9,1,1,1,1,511,1,507,507,0,0
2.266,10,1,1,1,1,511,2,512,510,0,0
2.267,11,1,1,1,1,511,1,511,509,0,0
2.268,12,1,1,1,1,510,1,509,507,0,0
2.269,13,1,1,1,1,513,1,510,508,0,0
2.27,14,1,1,1,1,512,1,503,510,0,0
2.271,15,1,1,1,1,512,0,514,509,0,0
2.272,0,1,1,1,1,512,1,506,508,0,0
2.273,1,1,1,1,1,511,1,496,509,0,0
2.274,2,1,1,1,1,512,2,499,506,0,0
2.275,3,1,1,1,1,511,1,501,511,0,0
2.276,4,1,1,1,1,513,1,499,510,0,0
2.277,5,1,1,1,1,512,1,512,507,0,0
2.278,6,1,1,1,1,512,1,512,509,0,0
2.279,7,1,1,1,1,511,1,510,507,0,0
2.28,8,1,1,1,1,511,1,507,508,0,0
2.281,9,1,1,1,1,511,1,505,509,0,0
2.282,10,1,1,1,1,512,2,501,509,0,0
2.283,11,1,1,1,1,513,1,502,509,0,0
2.284,12,1,1,1,1,512,1,505,508,0,0
2.285,13,1,1,1,1,511,1,503,509,0,0
2.286,14,1,1,1,1,510,1,513,510,0,0
2.287,15,1,1,1,1,511,1,508,508,0,0
2.288,0,1,1,1,1,512,1,513,507,0,0
2.289,1,1,1,1,1,512,1,512,510,0,0
2.29,2,1,1,1,1,512,2,512,508,0,0
2.291,3,1,1,1,1,511,1,508,506,0,0
2.292,4,1,1,1,1,513,1,515,508,0,0
2.293,5,1,1,1,1,512,1,524,509,0,0
2.294,6,1,1,1,1,511,1,517,511,0,0
2.295,7,1,1,1,1,513,1,519,510,0,0
2.296,8,1,1,1,1,511,1,518,510,0,0
2.297,9,1,1,1,1,511,1,512,509,0,0
2.298,10,1,1,1,1,511,2,511,509,0,0
2.299,11,1,1,1,1,510,1,520,507,0,0
2.3,12,1,1,1,1,512,0,516,508,0,0
2.301,13,1,1,1,1,511,1,508,507,0,0
2.302,14,1,1,1,1,511,1,516,507,0,0
2.303,15,1,1,1,1,510,1,513,507,0,0
2.304,0,1,1,1,1,511,1,513,508,0,0
2.305,1,1,1,1,1,511,1,514,508,0,0
2.306,2,1,1,1,1,514,2,508,508,0,0
2.307,3,1,1,1,1,513,1,504,508,0,0
2.308,4,1,1,1,1,512,0,497,508,0,0
2.309,5,1,1,1,1,510,1,499,508,0,0
2.31,6,1,1,1,1,512,1,508,510,0,0
2.311,7,1,1,1,1,510,1,504,508,0,0
2.312,8,1,1,1,1,511,1,505,506,0,0
2.313,9,1,1,1,1,512,1,505,509,0,0
2.314,10,1,1,1,1,512,2,510,510,0,0
2.315,11,1,1,1,1,510,1,511,509,0,0
2.316,12,1,1,1,1,511,0,512,507,0,0
2.317,13,1,1,1,1,511,1,523,509,0,0
2.318,14,1,1,1,1,510,1,518,509,0,0
2.319,15,1,1,1,1,510,1,524,510,0,0
2.32,0,1,1,1,1,511,1,522,508,0,0
2.321,1,1,1,1,1,511,1,513,507,0,0
2.322,2,1,1,1,1,512,1,511,508,0,0
2.323,3,1,1,1,1,512,1,510,509,0,0
2.324,4,1,1,1,1,513,1,506,507,0,0
2.325,5,1,1,1,1,511,1,500,509,0,0
2.326,6,1,1,1,1,511,1,501,507,0,0
2.327,7,1,1,1,1,511,1,497,508,0,0
2.328,8,1,1,1,1,512,1,491,507,0,0
2.329,9,1,1,1,1,511,1,496,509,0,0
2.33,10,1,1,1,1,511,1,506,510,0,0
2.331,11,1,1,1,1,511,1,506,508,0,0
2.332,12,1,1,1,1,512,1,499,508,0,0
2.333,13,1,1,1,1,511,1,504,508,0,0
2.334,14,1,1,1,1,511,1,505,508,0,0
2.335,15,1,1,1,1,511,1,521,510,0,0
2.336,0,1,1,1,1,511,1,520,509,0,0
2.337,1,1,1,1,1,512,1,521,509,0,0
2.338,2,1,1,1,1,512,1,519,509,0,0
2.339,3,1,1,1,1,513,1,519,508,0,0
2.34,4,1,1,1,1,511,1,519,508,0,0
2.341,5,1,1,1,1,511,1,517,507,0,0
2.342,6,1,1,1,1,511,1,524,508,0,0
2.343,7,1,1,1,1,512,1,528,510,0,0
2.344,8,1,1,1,1,511,1,519,510,0,0
2.345,9,1,1,1,1,511,1,507,509,0,0
2.346,10,1,1,1,1,511,2,513,510,0,0
2.347,11,1,1,1,1,510,1,521,509,0,0
2.348,12,1,1,1,1,510,0,512,510,0,0
2.349,13,1,1,1,1,512,1,513,509,0,0
2.35,14,1,1,1,1,512,1,504,508,0,0
2.351,15,1,1,1,1,511,1,502,507,0,0
2.352,0,1,1,1,1,512,1,510,508,0,0
2.353,1,1,1,1,1,511,1,505,509,0,0
2.354,2,1,1,1,1,512,2,510,509,0,0
2.355,3,1,1,1,1,513,1,500,508,0,0
2.356,4,1,1,1,1,515,0,497,509,0,0
2.357,5,1,1,1,1,510,1,502,508,0,0
2.358,6,1,1,1,1,510,1,502,508,0,0
2.359,7,1,1,1,1,512,1,501,509,0,0
2.36,8,1,1,1,1,510,1,489,508,0,0
2.361,9,1,1,1,1,512,1,500,507,0,0
2.362,10,1,1,1,1,509,2,490,510,0,0
2.363,11,1,1,1,1,511,1,484,508,0,0
2.364,12,1,1,1,1,509,0,495,507,0,0
2.365,13,1,1,1,1,513,1,504,508,0,0
2.366,14,1,1,1,1,511,1,510,507,0,0
2.367,15,1,1,1,1,512,1,508,509,0,0
2.368,0,1,1,1,1,512,1,507,507,0,0
2.369,1,1,1,1,1,512,1,511,508,0,0
2.37,2,1,1,1,1,510,2,511,508,0,0
2.371,3,1,1,1,1,512,1,512,508,0,0
2.372,4,1,1,1,1,513,1,511,509,0,0
2.373,5,1,1,1,1,512,1,520,509,0,0
2.374,6,1,1,1,1,513,1,526,510,0,0
2.375,7,1,1,1,1,511,1,519,507,0,0
2.376,8,1,1,1,1,512,1,528,508,0,0
2.377,9,1,1,1,1,511,1,521,508,0,0
2.378,10,1,1,1,1,511,2,521,508,0,0
2.379,11,1,1,1,1,511,1,520,508,0,0
2.38,12,1,1,1,1,511,1,519,508,0,0
2.381,13,1,1,1,1,510,1,511,511,0,0
2.382,14,1,1,1,1,511,1,508,508,0,0
2.383,15,1,1,1,1,511,1,510,507,0,0
2.384,0,1,1,1,1,512,1,513,508,0,0
2.385,1,1,1,1,1,512,1,509,508,0,0
2.386,2,1,1,1,1,512,2,520,507,0,0
2.387,3,1,1,1,1,512,1,512,508,0,0
2.388,4,1,1,1,1,511,1,511,508,0,0
2.389,5,1,1,1,1,510,1,504,507,0,0
2.39,6,1,1,1,1,511,1,494,509,0,0
2.391,7,1,1,1,1,512,0,496,508,0,0
2.392,8,1,1,1,1,512,1,496,508,0,0
2.393,9,1,1,1,1,511,1,512,508,0,0
2.394,10,1,1,1,1,512,2,515,509,0,0
2.395,11,1,1,1,1,513,1,512,509,0,0
2.396,12,1,1,1,1,511,1,521,510,0,0
2.397,13,1,1,1,1,512,1,514,508,0,0
2.398,14,1,1,1,1,511,1,508,508,0,0
2.399,15,1,1,1,1,511,0,518,508,0,0
2.4,0,1,1,1,1,511,1,514,508,0,0
2.401,1,1,1,1,1,512,1,521,508,0,0
2.402,2,1,1,1,1,511,2,526,510,0,0
2.403,3,1,1,1,1,508,1,522,509,0,0
2.404,4,1,1,1,1,511,1,519,508,0,0
2.405,5,1,1,1,1,510,1,520,508,0,0
2.406,6,1,1,1,1,513,1,511,507,0,0
2.407,7,1,1,1,1,512,0,512,509,0,0
2.408,8,1,1,1,1,513,1,515,510,0,0
2.409,9,1,1,1,1,512,1,514,508,0,0
2.41,10,1,1,1,1,512,2,510,509,0,0
2.411,11,1,1,1,1,513,1,511,509,0,0
2.412,12,1,1,1,1,513,1,519,507,0,0
2.413,13,1,1,1,1,511,1,512,508,0,0
2.414,14,1,1,1,1,512,1,509,507,0,0
2.415,15,1,1,1,1,511,1,501,508,0,0
2.416,0,1,1,1,1,509,1,499,508,0,0
2.417,1,1,1,1,1,512,1,505,508,0,0
2.418,2,1,1,1,1,512,2,509,510,0,0
2.419,3,1,1,1,1,510,1,510,509,0,0
2.42,4,1,1,1,1,510,1,506,509,0,0
2.421,5,1,1,1,1,512,1,494,507,0,0
2.422,6,1,1,1,1,513,1,503,509,0,0
2.423,7,1,1,1,1,511,1,512,508,0,0
2.424,8,1,1,1,1,510,1,515,508,0,0
2.425,9,1,1,1,1,510,1,508,510,0,0
2.426,10,1,1,1,1,512,2,504,509,0,0
2.427,11,1,1,1,1,512,1,496,508,0,0
2.428,12,1,1,1,1,511,1,501,509,0,0
2.429,13,1,1,1,1,512,1,495,509,0,0
2.43,14,1,1,1,1,513,1,505,508,0,0
2.431,15,1,1,1,1,512,1,514,508,0,0
2.432,0,1,1,1,1,511,1,519,508,0,0
2.433,1,1,1,1,1,512,1,510,508,0,0
2.434,2,1,1,1,1,509,1,509,507,0,0
2.435,3,1,1,1,1,512,1,500,507,0,0
2.436,4,1,1,1,1,513,1,499,507,0,0
2.437,5,1,1,1,1,513,1,499,508,0,0
2.438,6,1,1,1,1,512,1,509,508,0,0
2.439,7,1,1,1,1,513,1,511,509,0,0
2.44,8,1,1,1,1,511,1,505,510,0,0
2.441,9,1,1,1,1,511,1,512,506,0,0
2.442,10,1,1,1,1,510,1,512,509,0,0
2.443,11,1,1,1,1,510,1,515,508,0,0
2.444,12,1,1,1,1,512,1,513,507,0,0
2.445,13,1,1,1,1,512,1,515,509,0,0
2.446,14,1,1,1,1,511,1,512,510,0,0
2.447,15,1,1,1,1,511,1,517,508,0,0
2.448,0,1,1,1,1,511,1,519,509,0,0
2.449,1,1,1,1,1,512,1,527,508,0,0
2.45,2,1,1,1,1,513,1,524,507,0,0
2.451,3,1,1,1,1,511,1,525,510,0,0
2.452,4,1,1,1,1,511,1,518,508,0,0
2.453,5,1,1,1,1,512,1,522,509,0,0
2.454,6,1,1,1,1,510,1,516,509,0,0
2.455,7,1,1,1,1,511,1,509,507,0,0
2.456,8,1,1,1,1,511,1,509,508,0,0
2.457,9,1,1,1,1,513,1,510,508,0,0
2.458,10,1,1,1,1,510,2,512,508,0,0
2.459,11,1,1,1,1,512,1,505,508,0,0
2.46,12,1,1,1,1,512,1,508,508,0,0
2.461,13,1,1,1,1,511,1,518,506,0,0
2.462,14,1,1,1,1,512,1,512,511,0,0
2.463,15,1,1,1,1,510,1,508,509,0,0
2.464,0,1,1,1,1,511,1,500,508,0,0
2.465,1,1,1,1,1,511,1,497,508,0,0
2.466,2,1,1,1,1,510,2,508,507,0,0
2.467,3,1,1,1,1,512,1,512,510,0,0
2.468,4,1,1,1,1,513,1,509,507,0,0
2.469,5,1,1,1,1,511,1,517,507,0,0
2.47,6,1,1,1,1,512,1,509,508,0,0
2.471,7,1,1,1,1,511,1,506,507,0,0
2.472,8,1,1,1,1,513,1,505,509,0,0
2.473,9,1,1,1,1,513,1,514,508,0,0
2.474,10,1,1,1,1,512,2,514,508,0,0
2.475,11,1,1,1,1,511,1,508,507,0,0
2.476,12,1,1,1,1,510,1,511,511,0,0
2.477,13,1,1,1,1,513,1,506,510,0,0
2.478,14,1,1,1,1,513,1,499,508,0,0
2.479,15,1,1,1,1,512,0,497,508,0,0
2.48,0,1,1,1,1,511,1,505,511,0,0
2.481,1,1,1,1,1,512,1,508,508,0,0
2.482,2,1,1,1,1,511,2,511,508,0,0
2.483,3,1,1,1,1,510,1,518,510,0,0
2.484,4,1,1,1,1,511,1,519,508,0,0
2.485,5,1,1,1,1,512,1,518,508,0,0
2.486,6,1,1,1,1,511,1,518,508,0,0
2.487,7,1,1,1,1,511,0,517,510,0,0
2.488,8,1,1,1,1,513,1,516,508,0,0
2.489,9,1,1,1,1,510,1,504,508,0,0
2.49,10,1,1,1,1,512,2,502,507,0,0
2.491,11,1,1,1,1,511,1,512,508,0,0
2.492,12,1,1,1,1,511,1,506,508,0,0
2.493,13,1,1,1,1,512,1,507,510,0,0
2.494,14,1,1,1,1,513,1,504,509,0,0
2.495,15,1,1,1,1,512,0,512,508,0,0
2.496,0,1,1,1,1,510,1,518,510,0,0
2.497,1,1,1,1,1,511,1,512,508,0,0
2.498,2,1,1,1,1,512,2,524,508,0,0
2.499,3,1,1,1,1,512,1,512,509,0,0
2.5,4,1,1,1,1,509,1,504,510,0,0
2.501,5,1,1,1,1,511,1,517,508,0,0
2.502,6,1,1,1,1,513,1,518,507,0,0
2.503,7,1,1,1,1,511,1,509,506,0,0
2.504,8,1,1,1,1,511,1,507,509,0,0
2.505,9,1,1,1,1,510,1,502,509,0,0
2.506,10,1,1,1,1,512,2,505,508,0,0
2.507,11,1,1,1,1,512,1,507,507,0,0
2.508,12,1,1,1,1,511,1,511,507,0,0
2.509,13,1,1,1,1,511,1,512,508,0,0
2.51,14,1,1,1,1,512,1,507,509,0,0
2.511,15,1,1,1,1,511,1,507,508,0,0
2.512,0,1,1,1,1,512,1,509,508,0,0
2.513,1,1,1,1,1,511,1,513,510,0,0
2.514,2,1,1,1,1,510,2,509,510,0,0
2.515,3,1,1,1,1,511,1,508,509,0,0
2.516,4,1,1,1,1,511,1,510,508,0,0
2.517,5,1,1,1,1,512,1,502,508,0,0
2.518,6,1,1,1,1,510,1,509,508,0,0
2.519,7,1,1,1,1,513,1,506,510,0,0
2.52,8,1,1,1,1,512,1,509,508,0,0
2.521,9,1,1,1,1,512,1,514,508,0,0
2.522,10,1,1,1,1,511,2,518,507,0,0
2.523,11,1,1,1,1,510,1,504,508,0,0
2.524,12,1,1,1,1,512,0,508,509,0,0
2.525,13,1,1,1,1,511,1,506,509,0,0
2.526,14,1,1,1,1,512,1,508,509,0,0
2.527,15,1,1,1,1,511,1,509,508,0,0
2.528,0,1,1,1,1,512,1,518,507,0,0
2.529,1,1,1,1,1,511,1,518,509,0,0
2.53,2,1,1,1,1,512,2,513,509,0,0
2.531,3,1,1,1,1,511,1,507,508,0,0
2.532,4,1,1,1,1,511,0,507,508,0,0
2.533,5,1,1,1,1,510,1,503,509,0,0
2.534,6,1,1,1,1,509,1,506,508,0,0
2.535,7,1,1,1,1,511,1,512,509,0,0
2.536,8,1,1,1,1,512,1,522,508,0,0
2.537,9,1,1,1,1,513,1,512,509,0,0
2.538,10,1,1,1,1,511,2,512,509,0,0
2.539,11,1,1,1,1,512,1,506,506,0,0
2.54,12,1,1,1,1,512,1,515,508,0,0
2.541,13,1,1,1,1,512,1,509,509,0,0
2.542,14,1,1,1,1,510,1,509,506,0,0
2.543,15,1,1,1,1,511,1,499,511,0,0
2.544,0,1,1,1,1,512,1,497,511,0,0
2.545,1,1,1,1,1,513,1,502,510,0,0
2.546,2,1,1,1,1,511,1,509,507,0,0
2.547,3,1,1,1,1,513,1,508,507,0,0
2.548,4,1,1,1,1,512,1,506,507,0,0
2.549,5,1,1,1,1,512,1,514,508,0,0
2.55,6,1,1,1,1,511,1,506,511,0,0
2.551,7,1,1,1,1,511,1,512,506,0,0
2.552,8,1,1,1,1,511,1,518,508,0,0
2.553,9,1,1,1,1,510,1,515,507,0,0
2.554,10,1,1,1,1,510,1,513,508,0,0
2.555,11,1,1,1,1,512,1,513,509,0,0
2.556,12,1,1,1,1,513,1,507,508,0,0
2.557,13,1,1,1,1,511,1,510,510,0,0
2.558,14,1,1,1,1,512,1,511,511,0,0
2.559,15,1,1,1,1,512,1,516,508,0,0
2.56,0,1,1,1,1,510,1,521,510,0,0
2.561,1,1,1,1,1,511,1,519,506,0,0
2.562,2,1,1,1,1,513,2,512,508,0,0
2.563,3,1,1,1,1,512,1,511,510,0,0
2.564,4,1,1,1,1,511,0,512,510,0,0
2.565,5,1,1,1,1,511,1,510,508,0,0
2.566,6,1,1,1,1,509,1,515,505,0,0
2.567,7,1,1,1,1,513,1,520,508,0,0
2.568,8,1,1,1,1,512,1,514,510,0,0
2.569,9,1,1,1,1,513,1,508,508,0,0
2.57,10,1,1,1,1,512,2,513,507,0,0
2.571,11,1,1,1,1,513,1,515,507,0,0
2.572,12,1,1,1,1,508,0,511,507,0,0
2.573,13,1,1,1,1,511,1,517,508,0,0
2.574,14,1,1,1,1,513,1,517,508,0,0
2.575,15,1,1,1,1,514,1,523,507,0,0
2.576,0,1,1,1,1,512,1,519,509,0,0
2.577,1,1,1,1,1,511,1,513,508,0,0
2.578,2,1,1,1,1,512,2,514,509,0,0
2.579,3,1,1,1,1,510,1,512,510,0,0
2.58,4,1,1,1,1,511,0,507,511,0,0
2.581,5,1,1,1,1,510,1,508,510,0,0
2.582,6,1,1,1,1,511,1,519,511,0,0
2.583,7,1,1,1,1,511,1,504,510,0,0
2.584,8,1,1,1,1,511,1,496,508,0,0
2.585,9,1,1,1,1,511,1,503,508,0,0
2.586,10,1,1,1,1,512,2,501,507,0,0
2.587,11,1,1,1,1,511,1,508,508,0,0
2.588,12,1,1,1,1,511,1,510,508,0,0
2.589,13,1,1,1,1,512,1,513,507,0,0
2.59,14,1,1,1,1,510,1,512,508,0,0
2.591,15,1,1,1,1,512,1,514,506,0,0
2.592,0,1,1,1,1,512,1,511,509,0,0
2.593,1,1,1,1,1,509,1,518,511,0,0
2.594,2,1,1,1,1,511,2,523,508,0,0
2.595,3,1,1,1,1,513,1,516,508,0,0
2.596,4,1,1,1,1,511,1,511,509,0,0
2.597,5,1,1,1,1,512,1,518,509,0,0
2.598,6,1,1,1,1,510,1,511,508,0,0
2.599,7,1,1,1,1,511,1,506,509,0,0
2.6,8,1,1,1,1,512,1,502,508,0,0
2.601,9,1,1,1,1,513,1,492,507,0,0
2.602,10,1,1,1,1,512,2,496,507,0,0
2.603,11,1,1,1,1,512,1,503,508,0,0
2.604,12,1,1,1,1,511,1,500,509,0,0
2.605,13,1,1,1,1,510,1,508,506,0,0
2.606,14,1,1,1,1,513,1,504,506,0,0
2.607,15,1,1,1,1,511,0,497,509,0,0
2.608,0,1,1,1,1,511,1,506,508,0,0
2.609,1,1,1,1,1,510,1,513,510,0,0
2.61,2,1,1,1,1,512,2,510,510,0,0
2.611,3,1,1,1,1,510,1,504,509,0,0
2.612,4,1,1,1,1,513,1,514,510,0,0
2.613,5,1,1,1,1,511,1,514,509,0,0
2.614,6,1,1,1,1,511,1,506,509,0,0
2.615,7,1,1,1,1,512,0,503,510,0,0
2.616,8,1,1,1,1,513,1,495,507,0,0
2.617,9,1,1,1,1,512,1,502,506,0,0
2.618,10,1,1,1,1,513,2,513,508,0,0
2.619,11,1,1,1,1,511,1,508,508,0,0
2.62,12,1,1,1,1,513,1,508,508,0,0
2.621,13,1,1,1,1,512,1,508,507,0,0
2.622,14,1,1,1,1,512,1,502,506,0,0
2.623,15,1,1,1,1,512,0,512,508,0,0
2.624,0,1,1,1,1,511,1,515,508,0,0
2.625,1,1,1,1,1,511,1,520,511,0,0
2.626,2,1,1,1,1,511,2,525,512,0,0
2.627,3,1,1,1,1,511,1,520,512,0,0
2.628,4,1,1,1,1,510,1,512,510,0,0
2.629,5,1,1,1,1,510,1,509,511,0,0
2.63,6,1,1,1,1,511,1,519,507,0,0
2.631,7,1,1,1,1,512,1,516,507,0,0
2.632,8,1,1,1,1,512,1,514,508,0,0
2.633,9,1,1,1,1,512,1,515,507,0,0
2.634,10,1,1,1,1,511,2,510,505,0,0
2.635,11,1,1,1,1,512,1,518,508,0,0
2.636,12,1,1,1,1,513,1,515,508,0,0
2.637,13,1,1,1,1,512,1,515,506,0,0
2.638,14,1,1,1,1,509,1,511,510,0,0
2.639,15,1,1,1,1,511,1,504,507,0,0
2.64,0,1,1,1,1,510,1,503,508,0,0
2.641,1,1,1,1,1,512,1,507,510,0,0
2.642,2,1,1,1,1,511,2,509,511,0,0
2.643,3,1,1,1,1,511,1,510,509,0,0
2.644,4,1,1,1,1,513,1,508,509,0,0
2.645,5,1,1,1,1,511,1,507,510,0,0
2.646,6,1,1,1,1,511,1,513,507,0,0
2.647,7,1,1,1,1,511,1,518,509,0,0
2.648,8,1,1,1,1,511,1,515,508,0,0
2.649,9,1,1,1,1,512,1,514,509,0,0
2.65,10,1,1,1,1,512,1,512,508,0,0
2.651,11,1,1,1,1,513,1,514,508,0,0
2.652,12,1,1,1,1,513,1,513,506,0,0
2.653,13,1,1,1,1,512,1,516,508,0,0
2.654,14,1,1,1,1,514,1,511,506,0,0
2.655,15,1,1,1,1,512,1,509,509,0,0
2.656,0,1,1,1,1,511,1,508,508,0,0
2.657,1,1,1,1,1,511,1,508,506,0,0
2.658,2,1,1,1,1,510,1,509,506,0,0
2.659,3,1,1,1,1,512,1,511,510,0,0
2.66,4,1,1,1,1,512,1,509,508,0,0
2.661,5,1,1,1,1,511,1,508,508,0,0
2.662,6,1,1,1,1,512,1,510,510,0,0
2.663,7,1,1,1,1,509,1,515,508,0,0
2.664,8,1,1,1,1,509,1,507,508,0,0
2.665,9,1,1,1,1,510,1,512,510,0,0
2.666,10,1,1,1,1,512,1,514,509,0,0
2.667,11,1,1,1,1,513,1,516,510,0,0
2.668,12,1,1,1,1,512,1,520,509,0,0
2.669,13,1,1,1,1,513,1,524,510,0,0
2.67,14,1,1,1,1,514,1,515,510,0,0
2.671,15,1,1,1,1,512,1,514,508,0,0
2.672,0,1,1,1,1,512,1,513,508,0,0
2.673,1,1,1,1,1,510,1,508,507,0,0
2.674,2,1,1,1,1,511,2,502,508,0,0
2.675,3,1,1,1,1,512,1,499,508,0,0
2.676,4,1,1,1,1,512,1,505,509,0,0
2.677,5,1,1,1,1,512,1,503,508,0,0
2.678,6,1,1,1,1,510,1,502,507,0,0
2.679,7,1,1,1,1,510,1,503,507,0,0
2.68,8,1,1,1,1,511,1,503,510,0,0
2.681,9,1,1,1,1,510,1,504,508,0,0
2.682,10,1,1,1,1,511,2,509,508,0,0
2.683,11,1,1,1,1,513,1,508,505,0,0
2.684,12,1,1,1,1,514,1,512,505,0,0
2.685,13,1,1,1,1,511,1,517,504,0,0
2.686,14,1,1,1,1,509,1,519,505,0,0
2.687,15,1,1,1,1,512,1,515,506,0,0
2.688,0,1,1,1,1,512,1,509,507,0,0
2.689,1,1,1,1,1,512,1,516,511,0,0
2.69,2,1,1,1,1,509,2,508,509,0,0
2.691,3,1,1,1,1,512,1,496,508,0,0
2.692,4,1,1,1,1,511,1,497,512,0,0
2.693,5,1,1,1,1,511,1,508,511,0,0
2.694,6,1,1,1,1,511,1,503,514,0,0
2.695,7,1,1,1,1,515,0,505,520,0,0
2.696,8,1,1,1,1,511,1,507,513,0,0
2.697,9,1,1,1,1,512,1,506,510,0,0
2.698,10,1,1,1,1,514,2,505,510,0,0
2.699,11,1,1,1,1,514,1,499,508,0,0
2.7,12,1,1,1,1,512,1,503,508,0,0
2.701,13,1,1,1,1,508,1,493,515,0,0
2.702,14,1,1,1,1,505,1,497,513,0,0
2.703,15,1,1,1,1,506,0,517,510,0,0
2.704,0,1,1,1,1,508,1,522,510,0,0
2.705,1,1,1,1,1,512,1,522,506,0,0
2.706,2,1,1,1,1,514,2,526,503,0,0
2.707,3,1,1,1,1,515,1,508,502,0,0
2.708,4,1,1,1,1,512,1,503,507,0,0
2.709,5,1,1,1,1,513,1,503,509,0,0
2.71,6,1,1,1,1,512,1,499,504,0,0
2.711,7,1,1,1,1,512,0,501,503,0,0
2.712,8,1,1,1,1,512,1,505,504,0,0
2.713,9,1,1,1,1,512,1,524,508,0,0
2.714,10,1,1,1,1,513,2,517,510,0,0
2.715,11,1,1,1,1,513,1,521,510,0,0
2.716,12,1,1,1,1,514,1,519,510,0,0
2.717,13,1,1,1,1,511,1,513,509,0,0
2.718,14,1,1,1,1,509,1,511,514,0,0
2.719,15,1,1,1,1,512,1,514,512,0,0
2.72,0,1,1,1,1,511,1,509,507,0,0
2.721,1,1,1,1,1,513,1,504,505,0,0
2.722,2,1,1,1,1,513,2,508,501,0,0
2.723,3,1,1,1,1,511,1,503,502,0,0
2.724,4,1,1,1,1,511,1,499,503,0,0
2.725,5,1,1,1,1,511,1,504,507,0,0
2.726,6,1,1,1,1,513,1,513,508,0,0
2.727,7,1,1,1,1,512,1,513,509,0,0
2.728,8,1,1,1,1,512,1,508,512,0,0
2.729,9,1,1,1,1,511,1,516,512,0,0
2.73,10,1,1,1,1,512,2,523,511,0,0
2.731,11,1,1,1,1,513,1,521,509,0,0
2.732,12,1,1,1,1,512,1,517,512,0,0
2.733,13,1,1,1,1,512,1,513,503,0,0
2.734,14,1,1,1,1,511,1,513,516,0,0
2.735,15,1,1,1,1,510,1,513,512,0,0
2.736,0,1,1,1,1,508,1,509,508,0,0
2.737,1,1,1,1,1,512,1,538,510,0,0
2.738,2,1,1,1,1,511,2,531,518,0,0
2.739,3,1,1,1,1,510,1,532,511,0,0
2.74,4,1,1,1,1,509,0,528,508,0,0
2.741,5,1,1,1,1,507,1,524,510,0,0
2.742,6,1,1,1,1,507,1,529,506,0,0
2.743,7,1,1,1,1,509,1,528,506,0,0
2.744,8,1,1,1,1,513,1,521,504,0,0
2.745,9,1,1,1,1,514,1,516,503,0,0
2.746,10,1,1,1,1,518,2,521,508,0,0
2.747,11,1,1,1,1,516,1,521,505,0,0
2.748,12,1,1,1,1,515,0,505,505,0,0
2.749,13,1,1,1,1,514,1,491,501,0,0
2.75,14,1,1,1,1,515,1,491,501,0,0
2.751,15,1,1,1,1,515,1,488,505,0,0
2.752,0,1,1,1,1,514,1,496,510,0,0
2.753,1,1,1,1,1,513,1,494,511,0,0
2.754,2,1,1,1,1,512,2,496,505,0,0
2.755,3,1,1,1,1,510,1,495,501,0,0
2.756,4,1,1,1,1,504,0,489,504,0,0
2.757,5,1,1,1,1,501,1,497,508,0,0
2.758,6,1,1,1,1,502,1,505,512,0,0
2.759,7,1,1,1,1,504,1,503,511,0,0
2.76,8,1,1,1,1,508,1,493,509,0,0
2.761,9,1,1,1,1,511,1,496,514,0,0
2.762,10,1,1,1,1,514,1,497,511,0,0
2.763,11,1,1,1,1,513,1,513,510,0,0
2.764,12,1,1,1,1,511,1,525,512,0,0
2.765,13,1,1,1,1,514,1,521,509,0,0
2.766,14,1,1,1,1,517,1,521,507,0,0
2.767,15,1,1,1,1,517,1,531,497,0,0
2.768,0,1,1,1,1,519,1,526,486,0,0
2.769,1,1,1,1,1,521,1,521,491,0,0
2.77,2,1,1,1,1,522,1,517,505,0,0
2.771,3,1,1,1,1,517,1,518,510,0,0
2.772,4,1,1,1,1,513,1,512,516,0,0
2.773,5,1,1,1,1,514,1,505,521,0,0
2.774,6,1,1,1,1,511,1,504,517,0,0
2.775,7,1,1,1,1,509,1,494,515,0,0
2.776,8,1,1,1,1,501,1,493,517,0,0
2.777,9,1,1,1,1,492,1,490,540,0,0
2.778,10,1,1,1,1,497,1,503,531,0,0
2.779,11,1,1,1,1,508,1,508,524,0,0
2.78,12,1,1,1,1,513,0,516,507,0,0
2.781,13,1,1,1,1,515,1,508,496,0,0
2.782,14,1,1,1,1,514,1,508,502,0,0
2.783,15,1,1,1,1,517,1,510,515,0,0
2.784,0,1,1,1,1,516,1,511,505,0,0
2.785,1,1,1,1,1,518,1,510,486,0,0
2.786,2,1,1,1,1,516,2,511,484,0,0
2.787,3,1,1,1,1,507,1,502,507,0,0
2.788,4,1,1,1,1,503,0,506,505,0,0
2.789,5,1,1,1,1,505,1,511,502,0,0
2.79,6,1,1,1,1,511,1,518,498,0,0
2.791,7,1,1,1,1,518,1,525,499,0,0
2.792,8,1,1,1,1,515,1,519,508,0,0
2.793,9,1,1,1,1,517,1,517,522,0,0
2.794,10,1,1,1,1,527,2,513,518,0,0
2.795,11,1,1,1,1,510,1,495,499,0,0
2.796,12,1,1,1,1,502,0,496,508,0,0
2.797,13,1,1,1,1,497,1,506,509,0,0
2.798,14,1,1,1,1,491,1,491,527,0,0
2.799,15,1,1,1,1,503,1,498,543,0,0
2.8,0,1,1,1,1,515,1,509,527,0,0
2.801,1,1,1,1,1,515,1,503,517,0,0
2.802,2,1,1,1,1,519,2,496,505,0,0
2.803,3,1,1,1,1,511,1,498,514,0,0
2.804,4,1,1,1,1,509,1,490,500,0,0
2.805,5,1,1,1,1,513,1,505,495,0,0
2.806,6,1,1,1,1,520,1,510,499,0,0
2.807,7,1,1,1,1,518,1,514,504,0,0
2.808,8,1,1,1,1,518,1,520,515,0,0
2.809,9,1,1,1,1,512,1,522,522,0,0
2.81,10,1,1,1,1,514,2,527,529,0,0
2.811,11,1,1,1,1,516,1,528,509,0,0
2.812,12,1,1,1,1,512,1,525,536,0,0
2.813,13,1,1,1,1,510,1,513,526,0,0
2.814,14,1,1,1,1,512,1,504,515,0,0
2.815,15,1,1,1,1,516,1,495,507,0,0
2.816,0,1,1,1,1,520,1,492,496,0,0
2.817,1,1,1,1,1,515,1,503,488,0,0
2.818,2,1,1,1,1,510,2,522,476,0,0
2.819,3,1,1,1,1,513,1,549,470,0,0
2.82,4,1,1,1,1,511,1,547,459,0,0
2.821,5,1,1,1,1,507,1,540,465,0,0
2.822,6,1,1,1,1,505,1,528,526,0,0
2.823,7,1,1,1,1,500,1,512,518,0,0
2.824,8,1,1,1,1,508,1,496,496,0,0
2.825,9,1,1,1,1,518,1,491,505,0,0
2.826,10,1,1,1,1,504,2,483,514,0,0
2.827,11,1,1,1,1,490,1,478,533,0,0
2.828,12,1,1,1,1,487,1,478,518,0,0
2.829,13,1,1,1,1,490,1,490,504,0,0
2.83,14,1,1,1,1,502,1,502,500,0,0
2.831,15,1,1,1,1,512,0,519,508,0,0
2.832,0,1,1,1,1,508,1,525,519,0,0
2.833,1,1,1,1,1,510,1,515,543,0,0
2.834,2,1,1,1,1,523,2,526,536,0,0
2.835,3,1,1,1,1,529,1,537,500,0,0
2.836,4,1,1,1,1,517,1,559,509,0,0
2.837,5,1,1,1,1,516,1,564,507,0,0
2.838,6,1,1,1,1,526,1,561,497,0,0
2.839,7,1,1,1,1,527,0,547,518,0,0
2.84,8,1,1,1,1,534,1,538,518,0,0
2.841,9,1,1,1,1,524,1,529,510,0,0
2.842,10,1,1,1,1,513,2,521,519,0,0
2.843,11,1,1,1,1,509,1,519,536,0,0
2.844,12,1,1,1,1,514,1,512,539,0,0
2.845,13,1,1,1,1,507,1,491,519,0,0
2.846,14,1,1,1,1,510,1,483,529,0,0
2.847,15,1,1,1,1,514,1,479,499,0,0
2.848,0,1,1,1,1,510,1,475,470,0,0
2.849,1,1,1,1,1,517,1,459,472,0,0
2.85,2,1,1,1,1,522,2,464,480,0,0
2.851,3,1,1,1,1,528,1,473,479,0,0
2.852,4,1,1,1,1,517,1,464,481,0,0
2.853,5,1,1,1,1,510,1,463,504,0,0
2.854,6,1,1,1,1,508,1,469,520,0,0
2.855,7,1,1,1,1,505,1,472,533,0,0
2.856,8,1,1,1,1,507,1,469,545,0,0
2.857,9,1,1,1,1,496,1,469,544,0,0
2.858,10,1,1,1,1,487,1,475,525,0,0
2.859,11,1,1,1,1,488,1,481,495,0,0
2.86,12,1,1,1,1,487,1,479,496,0,0
2.861,13,1,1,1,1,493,1,500,483,0,0
2.862,14,1,1,1,1,494,1,519,487,0,0
2.863,15,1,1,1,1,511,1,541,508,0,0
2.864,0,1,1,1,1,518,1,555,518,0,0
2.865,1,1,1,1,1,528,1,575,519,0,0
2.866,2,1,1,1,1,530,2,584,508,0,0
2.867,3,1,1,1,1,527,1,569,509,0,0
2.868,4,1,1,1,1,520,1,582,506,0,0
2.869,5,1,1,1,1,517,1,571,522,0,0
2.87,6,1,1,1,1,516,1,551,503,0,0
2.871,7,1,1,1,1,525,1,539,490,0,0
2.872,8,1,1,1,1,535,1,531,485,0,0
2.873,9,1,1,1,1,534,1,503,490,0,0
2.874,10,1,1,1,1,505,1,467,492,0,0
2.875,11,1,1,1,1,497,1,455,491,0,0
2.876,12,1,1,1,1,503,1,465,486,0,0
2.877,13,1,1,1,1,510,1,486,497,0,0
2.878,14,1,1,1,1,519,1,511,534,0,0
2.879,15,1,1,1,1,515,1,528,505,0,0
2.88,0,1,1,1,1,514,1,539,489,0,0
2.881,1,1,1,1,1,519,1,533,501,0,0
2.882,2,1,1,1,1,527,1,520,486,0,0
2.883,3,1,1,1,1,522,1,527,484,0,0
2.884,4,1,1,1,1,505,1,504,570,0,0
2.885,5,1,1,1,1,487,1,477,567,0,0
2.886,6,1,1,1,1,483,1,443,548,0,0
2.887,7,1,1,1,1,495,1,467,589,0,0
2.888,8,1,1,1,1,487,1,473,590,0,0
2.889,9,1,1,1,1,492,1,511,530,0,0
2.89,10,1,1,1,1,505,2,530,512,0,0
2.891,11,1,1,1,1,509,1,540,496,0,0
2.892,12,1,1,1,1,516,1,555,487,0,0
2.893,13,1,1,1,1,518,1,558,470,0,0
2.894,14,1,1,1,1,515,1,542,478,0,0
2.895,15,1,1,1,1,522,1,515,485,0,0
2.896,0,1,1,1,1,511,1,493,489,0,0
2.897,1,1,1,1,1,516,1,496,505,0,0
2.898,2,1,1,1,1,511,2,493,509,0,0
2.899,3,1,1,1,1,510,1,504,507,0,0
2.9,4,1,1,1,1,520,1,530,510,0,0
2.901,5,1,1,1,1,518,1,545,502,0,0
2.902,6,1,1,1,1,516,1,572,499,0,0
2.903,7,1,1,1,1,514,1,575,497,0,0
2.904,8,1,1,1,1,510,1,540,480,0,0
2.905,9,1,1,1,1,515,1,527,477,0,0
2.906,10,1,1,1,1,525,2,506,476,0,0
2.907,11,1,1,1,1,520,1,480,501,0,0
2.908,12,1,1,1,1,518,1,465,551,0,0
2.909,13,1,1,1,1,517,1,463,553,0,0
2.91,14,1,1,1,1,504,1,455,536,0,0
2.911,15,1,1,1,1,492,1,465,515,0,0
2.912,0,1,1,1,1,499,1,516,501,0,0
2.913,1,1,1,1,1,507,1,551,501,0,0
2.914,2,1,1,1,1,524,2,565,500,0,0
2.915,3,1,1,1,1,528,1,553,498,0,0
2.916,4,1,1,1,1,525,1,522,494,0,0
2.917,5,1,1,1,1,539,1,492,495,0,0
2.918,6,1,1,1,1,531,1,476,509,0,0
2.919,7,1,1,1,1,516,0,471,509,0,0
2.92,8,1,1,1,1,501,1,465,500,0,0
2.921,9,1,1,1,1,494,1,479,481,0,0
2.922,10,1,1,1,1,494,2,492,488,0,0
2.923,11,1,1,1,1,490,1,489,516,0,0
2.924,12,1,1,1,1,502,1,484,537,0,0
2.925,13,1,1,1,1,509,1,483,537,0,0
2.926,14,1,1,1,1,511,1,489,541,0,0
2.927,15,1,1,1,1,515,0,483,537,0,0
2.928,0,1,1,1,1,513,1,464,504,0,0
2.929,1,1,1,1,1,491,1,459,495,0,0
2.93,2,1,1,1,1,485,1,481,483,0,0
2.931,3,1,1,1,1,496,1,531,485,0,0
2.932,4,1,1,1,1,516,1,584,485,0,0
2.933,5,1,1,1,1,529,1,641,494,0,0
2.934,6,1,1,1,1,527,1,644,491,0,0
2.935,7,1,1,1,1,534,1,638,487,0,0
2.936,8,1,1,1,1,534,1,614,492,0,0
2.937,9,1,1,1,1,553,1,570,494,0,0
2.938,10,1,1,1,1,551,2,503,506,0,0
2.939,11,1,1,1,1,517,1,440,550,0,0
2.94,12,1,1,1,1,496,1,385,538,0,0
2.941,13,1,1,1,1,483,1,362,519,0,0
2.942,14,1,1,1,1,471,1,363,544,0,0
2.943,15,1,1,1,1,466,1,399,540,0,0
2.944,0,1,1,1,1,480,1,440,531,0,0
2.945,1,1,1,1,1,497,1,472,521,0,0
2.946,2,1,1,1,1,513,2,531,500,0,0
2.947,3,1,1,1,1,510,1,536,495,0,0
2.948,4,1,1,1,1,515,1,542,491,0,0
2.949,5,1,1,1,1,521,1,536,486,0,0
2.95,6,1,1,1,1,519,1,538,480,0,0
2.951,7,1,1,1,1,522,1,529,522,0,0
2.952,8,1,1,1,1,522,1,506,536,0,0
2.953,9,1,1,1,1,515,1,505,564,0,0
2.954,10,1,1,1,1,501,1,495,559,0,0
2.955,11,1,1,1,1,499,1,499,538,0,0
2.956,12,1,1,1,1,503,0,490,505,0,0
2.957,13,1,1,1,1,519,1,518,476,0,0
2.958,14,1,1,1,1,517,1,554,468,0,0
2.959,15,1,1,1,1,527,1,553,477,0,0
2.96,0,1,1,1,1,530,1,539,491,0,0
2.961,1,1,1,1,1,527,1,531,487,0,0
2.962,2,1,1,1,1,527,2,551,499,0,0
2.963,3,1,1,1,1,525,1,540,492,0,0
2.964,4,1,1,1,1,518,0,520,484,0,0
2.965,5,1,1,1,1,517,1,502,502,0,0
2.966,6,1,1,1,1,518,1,495,529,0,0
2.967,7,1,1,1,1,514,1,488,508,0,0
2.968,8,1,1,1,1,500,1,495,532,0,0
2.969,9,1,1,1,1,502,1,492,522,0,0
2.97,10,1,1,1,1,509,2,499,508,0,0
2.971,11,1,1,1,1,507,1,519,492,0,0
2.972,12,1,1,1,1,491,0,478,493,0,0
2.973,13,1,1,1,1,482,1,463,509,0,0
2.974,14,1,1,1,1,495,1,477,515,0,0
2.975,15,1,1,1,1,505,1,484,495,0,0
2.976,0,1,1,1,1,516,1,512,490,0,0
2.977,1,1,1,1,1,519,1,550,497,0,0
2.978,2,1,1,1,1,509,1,557,497,0,0
2.979,3,1,1,1,1,515,1,585,504,0,0
2.98,4,1,1,1,1,522,1,567,503,0,0
2.981,5,1,1,1,1,519,1,539,529,0,0
2.982,6,1,1,1,1,522,1,503,598,0,0
2.983,7,1,1,1,1,508,1,464,566,0,0
2.984,8,1,1,1,1,508,1,463,532,0,0
2.985,9,1,1,1,1,518,1,519,497,0,0
2.986,10,1,1,1,1,528,1,528,491,0,0
2.987,11,1,1,1,1,505,1,503,478,0,0
2.988,12,1,1,1,1,481,1,483,477,0,0
2.989,13,1,1,1,1,479,1,480,495,0,0
2.99,14,1,1,1,1,506,1,503,522,0,0
2.991,15,1,1,1,1,542,1,539,534,0,0
2.992,0,1,1,1,1,568,2,618,534,0,0
2.993,1,1,1,1,1,534,1,602,490,0,0
2.994,2,1,1,1,1,512,1,564,457,0,0
2.995,3,1,1,1,1,526,1,562,460,0,0
2.996,4,1,1,1,1,543,1,542,496,0,0
2.997,5,1,1,1,1,524,1,489,544,0,0
2.998,6,1,1,1,1,503,1,433,537,0,0
2.999,7,1,1,1,1,486,1,387,534,0,0
3.0,8,1,1,1,1,453,1,384,529,0,0
3.001,9,1,1,1,1,448,1,413,533,0,0
3.002,10,1,1,1,1,473,1,462,527,0,0
3.003,11,1,1,1,1,468,1,486,498,0,0
3.004,12,1,1,1,1,506,0,514,530,0,0
3.005,13,1,1,1,1,521,1,539,528,0,0
3.006,14,1,1,1,1,520,1,556,488,0,0
3.007,15,1,1,1,1,532,1,587,485,0,0
3.008,0,1,1,1,1,563,1,611,489,0,0
3.009,1,1,1,1,1,547,1,602,504,0,0
3.01,2,1,1,1,1,536,2,576,510,0,0
3.011,3,1,1,1,1,522,1,534,499,0,0
3.012,4,1,1,1,1,519,0,499,493,0,0
3.013,5,1,1,1,1,524,1,489,503,0,0
3.014,6,1,1,1,1,527,1,488,490,0,0
3.015,7,1,1,1,1,523,1,476,493,0,0
3.016,8,1,1,1,1,500,1,447,503,0,0
3.017,9,1,1,1,1,482,1,447,482,0,0
3.018,10,1,1,1,1,480,1,467,485,0,0
3.019,11,1,1,1,1,496,1,497,494,0,0
3.02,12,1,1,1,1,498,0,493,493,0,0
3.021,13,1,1,1,1,508,1,518,547,0,0
3.022,14,1,1,1,1,519,1,530,564,0,0
3.023,15,1,1,1,1,515,1,537,525,0,0
3.024,0,1,1,1,1,512,1,538,549,0,0
3.025,1,1,1,1,1,515,1,516,501,0,0
3.026,2,1,1,1,1,509,2,509,473,0,0
3.027,3,1,1,1,1,506,1,533,481,0,0
3.028,4,1,1,1,1,505,1,531,485,0,0
3.029,5,1,1,1,1,512,1,559,489,0,0
3.03,6,1,1,1,1,543,1,608,505,0,0
3.031,7,1,1,1,1,556,1,596,524,0,0
3.032,8,1,1,1,1,533,1,556,536,0,0
3.033,9,1,1,1,1,522,1,519,531,0,0
3.034,10,1,1,1,1,530,2,476,533,0,0
3.035,11,1,1,1,1,509,1,415,529,0,0
3.036,12,1,1,1,1,472,1,388,500,0,0
3.037,13,1,1,1,1,455,1,440,526,0,0
3.038,14,1,1,1,1,448,1,461,528,0,0
3.039,15,1,1,1,1,474,1,485,497,0,0
3.04,0,1,1,1,1,511,1,531,484,0,0
3.041,1,1,1,1,1,541,1,544,496,0,0
3.042,2,1,1,1,1,550,2,519,483,0,0
3.043,3,1,1,1,1,530,1,491,486,0,0
3.044,4,1,1,1,1,525,1,541,482,0,0
3.045,5,1,1,1,1,525,1,560,486,0,0
3.046,6,1,1,1,1,517,1,541,472,0,0
3.047,7,1,1,1,1,512,0,521,457,0,0
3.048,8,1,1,1,1,518,1,507,501,0,0
3.049,9,1,1,1,1,508,1,478,528,0,0
3.05,10,1,1,1,1,495,2,447,575,0,0
3.051,11,1,1,1,1,497,1,455,584,0,0
3.052,12,1,1,1,1,483,1,485,569,0,0
3.053,13,1,1,1,1,507,1,522,540,0,0
3.054,14,1,1,1,1,503,1,530,531,0,0
3.055,15,1,1,1,1,501,0,553,527,0,0
3.056,0,1,1,1,1,531,1,562,551,0,0
3.057,1,1,1,1,1,533,1,524,520,0,0
3.058,2,1,1,1,1,531,2,506,485,0,0
3.059,3,1,1,1,1,520,1,498,498,0,0
3.06,4,1,1,1,1,512,1,464,494,0,0
3.061,5,1,1,1,1,518,1,461,495,0,0
3.062,6,1,1,1,1,511,1,476,492,0,0
3.063,7,1,1,1,1,519,0,485,478,0,0
3.064,8,1,1,1,1,504,1,459,481,0,0
3.065,9,1,1,1,1,496,1,455,516,0,0
3.066,10,1,1,1,1,488,1,481,479,0,0
3.067,11,1,1,1,1,485,1,481,491,0,0
3.068,12,1,1,1,1,489,1,487,504,0,0
3.069,13,1,1,1,1,512,1,505,507,0,0
3.07,14,1,1,1,1,522,1,544,488,0,0
3.071,15,1,1,1,1,535,1,603,482,0,0
3.072,0,1,1,1,1,540,1,611,496,0,0
3.073,1,1,1,1,1,533,1,571,500,0,0
3.074,2,1,1,1,1,527,2,526,503,0,0
3.075,3,1,1,1,1,516,1,470,517,0,0
3.076,4,1,1,1,1,510,1,435,527,0,0
3.077,5,1,1,1,1,493,1,394,541,0,0
3.078,6,1,1,1,1,479,1,407,502,0,0
3.079,7,1,1,1,1,495,1,446,478,0,0
3.08,8,1,1,1,1,503,1,481,481,0,0
3.081,9,1,1,1,1,515,1,528,483,0,0
3.082,10,1,1,1,1,533,2,558,486,0,0
3.083,11,1,1,1,1,537,1,578,514,0,0
3.084,12,1,1,1,1,526,1,583,504,0,0
3.085,13,1,1,1,1,524,1,548,536,0,0
3.086,14,1,1,1,1,495,1,502,569,0,0
3.087,15,1,1,1,1,486,1,517,551,0,0
3.088,0,1,1,1,1,507,1,565,508,0,0
3.089,1,1,1,1,1,520,1,547,523,0,0
3.09,2,1,1,1,1,529,1,506,530,0,0
3.091,3,1,1,1,1,522,1,475,517,0,0
3.092,4,1,1,1,1,527,1,468,517,0,0
3.093,5,1,1,1,1,504,1,445,492,0,0
3.094,6,1,1,1,1,480,1,431,493,0,0
3.095,7,1,1,1,1,467,1,444,510,0,0
3.096,8,1,1,1,1,479,1,487,512,0,0
3.097,9,1,1,1,1,481,1,549,520,0,0
3.098,10,1,1,1,1,525,1,595,512,0,0
3.099,11,1,1,1,1,544,1,597,487,0,0
3.1,12,1,1,1,1,545,1,581,479,0,0
3.101,13,1,1,1,1,539,1,576,501,0,0
3.102,14,1,1,1,1,543,1,608,523,0,0
3.103,15,1,1,1,1,537,1,559,537,0,0
3.104,0,1,1,1,1,519,1,503,508,0,0
3.105,1,1,1,1,1,498,1,450,503,0,0
3.106,2,1,1,1,1,478,1,425,499,0,0
3.107,3,1,1,1,1,469,1,432,492,0,0
3.108,4,1,1,1,1,476,1,450,501,0,0
3.109,5,1,1,1,1,500,1,487,497,0,0
3.11,6,1,1,1,1,512,1,511,531,0,0
3.111,7,1,1,1,1,522,1,528,527,0,0
3.112,8,1,1,1,1,528,1,525,522,0,0
3.113,9,1,1,1,1,527,1,531,525,0,0
3.114,10,1,1,1,1,524,2,536,511,0,0
3.115,11,1,1,1,1,536,1,585,482,0,0
3.116,12,1,1,1,1,545,1,604,491,0,0
3.117,13,1,1,1,1,543,1,588,508,0,0
3.118,14,1,1,1,1,531,1,589,511,0,0
3.119,15,1,1,1,1,525,1,588,501,0,0
3.12,0,1,1,1,1,513,1,545,481,0,0
3.121,1,1,1,1,1,500,1,511,480,0,0
3.122,2,1,1,1,1,492,2,490,472,0,0
3.123,3,1,1,1,1,488,1,486,493,0,0
3.124,4,1,1,1,1,480,1,503,519,0,0
3.125,5,1,1,1,1,493,1,491,531,0,0
3.126,6,1,1,1,1,480,1,431,525,0,0
3.127,7,1,1,1,1,479,1,414,529,0,0
3.128,8,1,1,1,1,492,1,390,535,0,0
3.129,9,1,1,1,1,498,1,382,520,0,0
3.13,10,1,1,1,1,502,2,408,513,0,0
3.131,11,1,1,1,1,489,1,417,512,0,0
3.132,12,1,1,1,1,487,1,466,509,0,0
3.133,13,1,1,1,1,493,1,496,495,0,0
3.134,14,1,1,1,1,523,1,572,497,0,0
3.135,15,1,1,1,1,541,1,636,488,0,0
3.136,0,1,1,1,1,551,1,673,489,0,0
3.137,1,1,1,1,1,566,2,662,489,0,0
3.138,2,1,1,1,1,570,2,616,490,0,0
3.139,3,1,1,1,1,549,1,554,496,0,0
3.14,4,1,1,1,1,539,1,507,489,0,0
3.141,5,1,1,1,1,513,1,469,497,0,0
3.142,6,1,1,1,1,487,1,461,486,0,0
3.143,7,1,1,1,1,464,0,450,629,0,0
3.144,8,1,1,1,1,445,1,454,611,0,0
3.145,9,1,1,1,1,466,1,497,571,0,0
3.146,10,1,1,1,1,506,2,530,539,0,0
3.147,11,1,1,1,1,542,1,541,492,0,0
3.148,12,1,1,1,1,535,1,559,480,0,0
3.149,13,1,1,1,1,547,1,601,452,0,0
3.15,14,1,1,1,1,543,1,596,456,0,0
3.151,15,1,1,1,1,527,0,555,460,0,0
3.152,0,1,1,1,1,513,1,506,489,0,0
3.153,1,1,1,1,1,517,1,485,527,0,0
3.154,2,1,1,1,1,506,2,459,539,0,0
3.155,3,1,1,1,1,490,1,441,525,0,0
3.156,4,1,1,1,1,473,1,435,505,0,0
3.157,5,1,1,1,1,482,1,467,490,0,0
3.158,6,1,1,1,1,505,1,535,515,0,0
3.159,7,1,1,1,1,530,1,551,532,0,0
3.16,8,1,1,1,1,525,1,535,494,0,0
3.161,9,1,1,1,1,534,1,524,495,0,0
3.162,10,1,1,1,1,515,2,510,508,0,0
3.163,11,1,1,1,1,504,1,499,523,0,0
3.164,12,1,1,1,1,519,1,515,511,0,0
3.165,13,1,1,1,1,524,1,512,499,0,0
3.166,14,1,1,1,1,490,1,512,520,0,0
3.167,15,1,1,1,1,499,1,518,505,0,0
3.168,0,1,1,1,1,511,1,515,521,0,0
3.169,1,1,1,1,1,514,1,513,513,0,0
3.17,2,1,1,1,1,508,2,484,499,0,0
3.171,3,1,1,1,1,512,1,511,496,0,0
3.172,4,1,1,1,1,514,1,526,482,0,0
3.173,5,1,1,1,1,513,1,534,470,0,0
3.174,6,1,1,1,1,532,1,548,495,0,0
3.175,7,1,1,1,1,525,1,529,517,0,0
3.176,8,1,1,1,1,530,1,514,529,0,0
3.177,9,1,1,1,1,535,1,484,519,0,0
3.178,10,1,1,1,1,500,2,453,508,0,0
3.179,11,1,1,1,1,484,1,474,523,0,0
3.18,12,1,1,1,1,497,0,511,513,0,0
3.181,13,1,1,1,1,509,1,521,509,0,0
3.182,14,1,1,1,1,506,1,510,513,0,0
3.183,15,1,1,1,1,530,1,535,505,0,0
3.184,0,1,1,1,1,522,1,549,492,0,0
3.185,1,1,1,1,1,509,1,552,494,0,0
3.186,2,1,1,1,1,491,1,524,507,0,0
3.187,3,1,1,1,1,486,1,488,482,0,0
3.188,4,1,1,1,1,492,0,449,536,0,0
3.189,5,1,1,1,1,504,1,450,542,0,0
3.19,6,1,1,1,1,492,1,420,547,0,0
3.191,7,1,1,1,1,502,1,428,537,0,0
3.192,8,1,1,1,1,503,1,474,513,0,0
3.193,9,1,1,1,1,517,1,532,493,0,0
3.194,10,1,1,1,1,525,2,543,493,0,0
3.195,11,1,1,1,1,527,1,536,498,0,0
3.196,12,1,1,1,1,526,1,525,504,0,0
3.197,13,1,1,1,1,517,1,561,516,0,0
3.198,14,1,1,1,1,513,1,564,492,0,0
3.199,15,1,1,1,1,518,1,560,473,0,0
3.2,0,1,1,1,1,519,1,579,496,0,0
3.201,1,1,1,1,1,513,1,535,505,0,0
3.202,2,1,1,1,1,509,1,479,499,0,0
3.203,3,1,1,1,1,515,1,478,498,0,0
3.204,4,1,1,1,1,537,1,561,492,0,0
3.205,5,1,1,1,1,541,1,529,511,0,0
3.206,6,1,1,1,1,508,1,476,504,0,0
3.207,7,1,1,1,1,502,1,461,494,0,0
3.208,8,1,1,1,1,496,1,448,524,0,0
3.209,9,1,1,1,1,482,1,415,572,0,0
3.21,10,1,1,1,1,461,1,390,554,0,0
3.211,11,1,1,1,1,478,1,422,530,0,0
3.212,12,1,1,1,1,462,1,460,532,0,0
3.213,13,1,1,1,1,497,1,523,521,0,0
3.214,14,1,1,1,1,527,1,563,503,0,0
3.215,15,1,1,1,1,541,1,615,498,0,0
3.216,0,1,1,1,1,553,1,628,488,0,0
3.217,1,1,1,1,1,550,1,591,483,0,0
3.218,2,1,1,1,1,540,2,579,483,0,0
3.219,3,1,1,1,1,538,1,569,509,0,0
3.22,4,1,1,1,1,532,0,548,523,0,0
3.221,5,1,1,1,1,521,1,530,508,0,0
3.222,6,1,1,1,1,515,1,527,480,0,0
3.223,7,1,1,1,1,515,1,547,467,0,0
3.224,8,1,1,1,1,518,1,563,483,0,0
3.225,9,1,1,1,1,502,1,507,485,0,0
3.226,10,1,1,1,1,489,1,450,514,0,0
3.227,11,1,1,1,1,489,1,418,577,0,0
3.228,12,1,1,1,1,478,0,399,584,0,0
3.229,13,1,1,1,1,477,1,384,555,0,0
3.23,14,1,1,1,1,468,1,408,508,0,0
3.231,15,1,1,1,1,506,1,477,497,0,0
3.232,0,1,1,1,1,526,1,536,504,0,0
3.233,1,1,1,1,1,538,1,575,513,0,0
3.234,2,1,1,1,1,535,2,577,473,0,0
3.235,3,1,1,1,1,526,1,554,488,0,0
3.236,4,1,1,1,1,513,0,532,483,0,0
3.237,5,1,1,1,1,499,1,494,500,0,0
3.238,6,1,1,1,1,492,1,491,514,0,0
3.239,7,1,1,1,1,487,1,485,495,0,0
3.24,8,1,1,1,1,523,1,517,464,0,0
3.241,9,1,1,1,1,530,1,563,484,0,0
3.242,10,1,1,1,1,537,2,565,513,0,0
3.243,11,1,1,1,1,544,1,575,526,0,0
3.244,12,1,1,1,1,553,1,601,517,0,0
3.245,13,1,1,1,1,558,1,654,488,0,0
3.246,14,1,1,1,1,543,1,634,477,0,0
3.247,15,1,1,1,1,526,1,558,490,0,0
3.248,0,1,1,1,1,506,1,454,494,0,0
3.249,1,1,1,1,1,498,1,388,518,0,0
3.25,2,1,1,1,1,480,1,342,521,0,0
3.251,3,1,1,1,1,461,1,327,548,0,0
3.252,4,1,1,1,1,452,1,352,569,0,0
3.253,5,1,1,1,1,455,1,401,514,0,0
3.254,6,1,1,1,1,481,1,462,506,0,0
3.255,7,1,1,1,1,514,1,497,515,0,0
3.256,8,1,1,1,1,525,1,511,526,0,0
3.257,9,1,1,1,1,500,1,487,528,0,0
3.258,10,1,1,1,1,496,2,498,516,0,0
3.259,11,1,1,1,1,502,1,537,504,0,0
3.26,12,1,1,1,1,511,1,573,502,0,0
3.261,13,1,1,1,1,519,1,572,490,0,0
3.262,14,1,1,1,1,528,1,578,496,0,0
3.263,15,1,1,1,1,542,1,566,520,0,0
3.264,0,1,1,1,1,535,1,541,540,0,0
3.265,1,1,1,1,1,528,1,527,505,0,0
3.266,2,1,1,1,1,514,2,524,482,0,0
3.267,3,1,1,1,1,531,1,542,481,0,0
3.268,4,1,1,1,1,538,1,628,472,0,0
3.269,5,1,1,1,1,545,1,643,472,0,0
3.27,6,1,1,1,1,538,1,563,491,0,0
3.271,7,1,1,1,1,529,0,511,489,0,0
3.272,8,1,1,1,1,508,1,452,537,0,0
3.273,9,1,1,1,1,489,1,398,588,0,0
3.274,10,1,1,1,1,465,1,379,588,0,0
3.275,11,1,1,1,1,460,1,396,542,0,0
3.276,12,1,1,1,1,463,1,422,517,0,0
3.277,13,1,1,1,1,468,1,464,493,0,0
3.278,14,1,1,1,1,488,1,514,478,0,0
3.279,15,1,1,1,1,517,0,543,476,0,0
3.28,0,1,1,1,1,514,1,541,485,0,0
3.281,1,1,1,1,1,520,1,542,495,0,0
3.282,2,1,1,1,1,541,2,556,521,0,0
3.283,3,1,1,1,1,528,1,535,526,0,0
3.284,4,1,1,1,1,538,1,537,522,0,0
3.285,5,1,1,1,1,528,1,543,516,0,0
3.286,6,1,1,1,1,526,1,538,492,0,0
3.287,7,1,1,1,1,551,1,548,484,0,0
3.288,8,1,1,1,1,530,1,538,490,0,0
3.289,9,1,1,1,1,519,1,568,492,0,0
3.29,10,1,1,1,1,535,2,601,496,0,0
3.291,11,1,1,1,1,518,1,555,489,0,0
3.292,12,1,1,1,1,513,1,510,516,0,0
3.293,13,1,1,1,1,498,1,461,528,0,0
3.294,14,1,1,1,1,507,1,428,512,0,0
3.295,15,1,1,1,1,491,1,407,498,0,0
3.296,0,1,1,1,1,489,1,419,504,0,0
3.297,1,1,1,1,1,468,1,418,518,0,0
3.298,2,1,1,1,1,488,1,445,513,0,0
3.299,3,1,1,1,1,505,1,492,514,0,0
3.3,4,1,1,1,1,530,1,519,521,0,0
3.301,5,1,1,1,1,503,1,494,561,0,0
3.302,6,1,1,1,1,494,1,502,533,0,0
3.303,7,1,1,1,1,499,1,520,473,0,0
3.304,8,1,1,1,1,506,1,545,478,0,0
3.305,9,1,1,1,1,520,1,569,500,0,0
3.306,10,1,1,1,1,557,1,640,496,0,0
3.307,11,1,1,1,1,550,1,669,496,0,0
3.308,12,1,1,1,1,557,1,652,502,0,0
3.309,13,1,1,1,1,536,1,556,521,0,0
3.31,14,1,1,1,1,517,1,464,519,0,0
3.311,15,1,1,1,1,486,1,373,498,0,0
3.312,0,1,1,1,1,464,1,330,487,0,0
3.313,1,1,1,1,1,457,1,315,507,0,0
3.314,2,1,1,1,1,453,1,375,533,0,0
3.315,3,1,1,1,1,478,1,440,528,0,0
3.316,4,1,1,1,1,494,1,495,558,0,0
3.317,5,1,1,1,1,512,1,547,532,0,0
3.318,6,1,1,1,1,522,1,575,523,0,0
3.319,7,1,1,1,1,529,1,574,494,0,0
3.32,8,1,1,1,1,527,1,565,492,0,0
3.321,9,1,1,1,1,516,1,543,511,0,0
3.322,10,1,1,1,1,534,1,539,484,0,0
3.323,11,1,1,1,1,550,1,578,478,0,0
3.324,12,1,1,1,1,532,1,574,502,0,0
3.325,13,1,1,1,1,520,1,556,503,0,0
3.326,14,1,1,1,1,521,1,547,506,0,0
3.327,15,1,1,1,1,530,1,557,521,0,0
3.328,0,1,1,1,1,541,1,562,513,0,0
3.329,1,1,1,1,1,540,1,520,512,0,0
3.33,2,1,1,1,1,527,2,524,478,0,0
3.331,3,1,1,1,1,512,1,494,459,0,0
3.332,4,1,1,1,1,506,1,477,527,0,0
3.333,5,1,1,1,1,496,1,464,526,0,0
3.334,6,1,1,1,1,461,1,434,537,0,0
3.335,7,1,1,1,1,461,1,431,519,0,0
3.336,8,1,1,1,1,449,1,436,508,0,0
3.337,9,1,1,1,1,475,1,476,507,0,0
3.338,10,1,1,1,1,511,2,524,519,0,0
3.339,11,1,1,1,1,530,1,547,516,0,0
3.34,12,1,1,1,1,540,1,559,512,0,0
3.341,13,1,1,1,1,539,1,591,502,0,0
3.342,14,1,1,1,1,547,1,600,501,0,0
3.343,15,1,1,1,1,558,1,587,487,0,0
3.344,0,1,1,1,1,544,1,550,494,0,0
3.345,1,1,1,1,1,545,1,542,490,0,0
3.346,2,1,1,1,1,527,2,513,497,0,0
3.347,3,1,1,1,1,505,1,474,514,0,0
3.348,4,1,1,1,1,494,1,446,547,0,0
3.349,5,1,1,1,1,486,1,421,550,0,0
3.35,6,1,1,1,1,453,1,380,513,0,0
3.351,7,1,1,1,1,455,0,398,504,0,0
3.352,8,1,1,1,1,480,1,478,521,0,0
3.353,9,1,1,1,1,501,1,566,490,0,0
3.354,10,1,1,1,1,499,2,572,487,0,0
3.355,11,1,1,1,1,509,1,558,473,0,0
3.356,12,1,1,1,1,516,1,510,495,0,0
3.357,13,1,1,1,1,552,1,491,514,0,0
3.358,14,1,1,1,1,548,1,482,529,0,0
3.359,15,1,1,1,1,510,0,470,538,0,0
3.36,0,1,1,1,1,479,1,470,519,0,0
3.361,1,1,1,1,1,503,1,509,489,0,0
3.362,2,1,1,1,1,530,2,526,493,0,0
3.363,3,1,1,1,1,532,1,521,494,0,0
3.364,4,1,1,1,1,514,1,511,493,0,0
3.365,5,1,1,1,1,498,1,489,501,0,0
3.366,6,1,1,1,1,506,1,527,565,0,0
3.367,7,1,1,1,1,510,0,553,552,0,0
3.368,8,1,1,1,1,526,1,566,508,0,0
3.369,9,1,1,1,1,529,1,568,494,0,0
3.37,10,1,1,1,1,526,2,567,492,0,0
3.371,11,1,1,1,1,531,1,540,500,0,0
3.372,12,1,1,1,1,525,1,508,502,0,0
3.373,13,1,1,1,1,504,1,482,507,0,0
3.374,14,1,1,1,1,483,1,459,507,0,0
3.375,15,1,1,1,1,488,1,475,511,0,0
3.376,0,1,1,1,1,501,1,508,497,0,0
3.377,1,1,1,1,1,492,1,500,488,0,0
3.378,2,1,1,1,1,511,2,517,491,0,0
3.379,3,1,1,1,1,529,1,543,516,0,0
3.38,4,1,1,1,1,529,1,536,516,0,0
3.381,5,1,1,1,1,513,1,517,524,0,0
3.382,6,1,1,1,1,500,1,505,521,0,0
3.383,7,1,1,1,1,499,1,526,533,0,0
3.384,8,1,1,1,1,513,1,555,512,0,0
3.385,9,1,1,1,1,526,1,543,510,0,0
3.386,10,1,1,1,1,532,2,523,517,0,0
3.387,11,1,1,1,1,530,1,518,510,0,0
3.388,12,1,1,1,1,525,1,498,515,0,0
3.389,13,1,1,1,1,516,1,507,509,0,0
3.39,14,1,1,1,1,515,1,558,484,0,0
3.391,15,1,1,1,1,520,1,570,479,0,0
3.392,0,1,1,1,1,536,1,568,475,0,0
3.393,1,1,1,1,1,542,1,529,493,0,0
3.394,2,1,1,1,1,530,2,472,540,0,0
3.395,3,1,1,1,1,503,1,386,547,0,0
3.396,4,1,1,1,1,433,0,306,531,0,0
3.397,5,1,1,1,1,425,1,348,510,0,0
3.398,6,1,1,1,1,477,1,447,500,0,0
3.399,7,1,1,1,1,499,1,504,500,0,0
3.4,8,1,1,1,1,492,1,503,493,0,0
3.401,9,1,1,1,1,500,1,519,501,0,0
3.402,10,1,1,1,1,508,2,534,500,0,0
3.403,11,1,1,1,1,506,1,542,505,0,0
3.404,12,1,1,1,1,548,0,563,507,0,0
3.405,13,1,1,1,1,537,1,553,515,0,0
3.406,14,1,1,1,1,521,1,538,500,0,0
3.407,15,1,1,1,1,521,1,533,506,0,0
3.408,0,1,1,1,1,524,1,531,527,0,0
3.409,1,1,1,1,1,531,1,531,527,0,0
3.41,2,1,1,1,1,533,2,531,516,0,0
3.411,3,1,1,1,1,539,1,532,518,0,0
3.412,4,1,1,1,1,537,0,529,521,0,0
3.413,5,1,1,1,1,517,1,513,500,0,0
3.414,6,1,1,1,1,509,1,503,477,0,0
3.415,7,1,1,1,1,510,1,506,481,0,0
3.416,8,1,1,1,1,520,1,512,508,0,0
3.417,9,1,1,1,1,506,1,488,515,0,0
3.418,10,1,1,1,1,486,1,469,497,0,0
3.419,11,1,1,1,1,478,1,479,512,0,0
3.42,12,1,1,1,1,497,1,518,471,0,0
3.421,13,1,1,1,1,515,1,543,514,0,0
3.422,14,1,1,1,1,521,1,576,528,0,0
3.423,15,1,1,1,1,528,1,591,490,0,0
3.424,0,1,1,1,1,533,1,589,491,0,0
3.425,1,1,1,1,1,522,1,537,510,0,0
3.426,2,1,1,1,1,513,1,492,538,0,0
3.427,3,1,1,1,1,507,1,488,538,0,0
3.428,4,1,1,1,1,503,1,518,529,0,0
3.429,5,1,1,1,1,504,1,515,515,0,0
3.43,6,1,1,1,1,520,1,530,485,0,0
3.431,7,1,1,1,1,536,1,543,467,0,0
3.432,8,1,1,1,1,545,1,511,515,0,0
3.433,9,1,1,1,1,508,1,429,527,0,0
3.434,10,1,1,1,1,470,1,378,540,0,0
3.435,11,1,1,1,1,448,1,348,577,0,0
3.436,12,1,1,1,1,445,0,363,559,0,0
3.437,13,1,1,1,1,453,1,416,505,0,0
3.438,14,1,1,1,1,491,1,491,466,0,0
3.439,15,1,1,1,1,508,1,524,459,0,0
3.44,0,1,1,1,1,523,1,555,491,0,0
3.441,1,1,1,1,1,543,1,589,497,0,0
3.442,2,1,1,1,1,549,2,598,483,0,0
3.443,3,1,1,1,1,537,1,573,477,0,0
3.444,4,1,1,1,1,553,0,556,503,0,0
3.445,5,1,1,1,1,530,1,515,530,0,0
3.446,6,1,1,1,1,516,1,501,538,0,0
3.447,7,1,1,1,1,504,1,486,534,0,0
3.448,8,1,1,1,1,494,1,464,519,0,0
3.449,9,1,1,1,1,495,1,476,510,0,0
3.45,10,1,1,1,1,489,1,495,503,0,0
3.451,11,1,1,1,1,506,1,536,506,0,0
3.452,12,1,1,1,1,521,0,560,514,0,0
3.453,13,1,1,1,1,523,1,549,515,0,0
3.454,14,1,1,1,1,523,1,547,507,0,0
3.455,15,1,1,1,1,521,1,551,497,0,0
3.456,0,1,1,1,1,531,1,577,492,0,0
3.457,1,1,1,1,1,529,1,577,477,0,0
3.458,2,1,1,1,1,531,2,569,486,0,0
3.459,3,1,1,1,1,534,1,540,516,0,0
3.46,4,1,1,1,1,524,1,503,533,0,0
3.461,5,1,1,1,1,518,1,465,547,0,0
3.462,6,1,1,1,1,492,1,429,551,0,0
3.463,7,1,1,1,1,455,1,406,527,0,0
3.464,8,1,1,1,1,460,1,429,479,0,0
3.465,9,1,1,1,1,487,1,462,455,0,0
3.466,10,1,1,1,1,518,2,499,460,0,0
3.467,11,1,1,1,1,522,1,516,464,0,0
3.468,12,1,1,1,1,521,1,529,505,0,0
3.469,13,1,1,1,1,527,1,541,527,0,0
3.47,14,1,1,1,1,515,1,551,540,0,0
3.471,15,1,1,1,1,513,1,548,550,0,0
3.472,0,1,1,1,1,518,1,539,531,0,0
3.473,1,1,1,1,1,511,1,515,513,0,0
3.474,2,1,1,1,1,510,2,519,504,0,0
3.475,3,1,1,1,1,510,1,514,499,0,0
3.476,4,1,1,1,1,506,1,506,503,0,0
3.477,5,1,1,1,1,512,1,506,496,0,0
3.478,6,1,1,1,1,515,1,534,494,0,0
3.479,7,1,1,1,1,522,1,546,515,0,0
3.48,8,1,1,1,1,545,1,567,518,0,0
3.481,9,1,1,1,1,547,1,555,491,0,0
3.482,10,1,1,1,1,531,2,524,519,0,0
3.483,11,1,1,1,1,501,1,488,524,0,0
3.484,12,1,1,1,1,503,1,486,539,0,0
3.485,13,1,1,1,1,494,1,459,512,0,0
3.486,14,1,1,1,1,490,1,461,528,0,0
3.487,15,1,1,1,1,483,0,475,524,0,0
3.488,0,1,1,1,1,490,1,480,512,0,0
3.489,1,1,1,1,1,510,1,487,499,0,0
3.49,2,1,1,1,1,497,2,509,497,0,0
3.491,3,1,1,1,1,500,1,522,501,0,0
3.492,4,1,1,1,1,495,1,495,467,0,0
3.493,5,1,1,1,1,488,1,486,459,0,0
3.494,6,1,1,1,1,514,1,534,473,0,0
3.495,7,1,1,1,1,539,1,606,509,0,0
3.496,8,1,1,1,1,543,1,616,524,0,0
3.497,9,1,1,1,1,546,1,591,527,0,0
3.498,10,1,1,1,1,547,2,549,528,0,0
3.499,11,1,1,1,1,546,1,508,548,0,0
3.5,12,1,1,1,1,524,1,454,551,0,0
3.501,13,1,1,1,1,496,1,423,528,0,0
3.502,14,1,1,1,1,469,1,409,484,0,0
3.503,15,1,1,1,1,481,1,466,476,0,0
3.504,0,1,1,1,1,499,1,512,480,0,0
3.505,1,1,1,1,1,503,1,508,489,0,0
3.506,2,1,1,1,1,499,1,487,493,0,0
3.507,3,1,1,1,1,511,1,496,504,0,0
3.508,4,1,1,1,1,499,1,473,519,0,0
3.509,5,1,1,1,1,492,1,469,524,0,0
3.51,6,1,1,1,1,480,1,486,517,0,0
3.511,7,1,1,1,1,489,1,498,498,0,0
3.512,8,1,1,1,1,505,1,520,519,0,0
3.513,9,1,1,1,1,531,1,543,527,0,0
3.514,10,1,1,1,1,536,2,545,500,0,0
3.515,11,1,1,1,1,542,1,555,489,0,0
3.516,12,1,1,1,1,547,1,566,492,0,0
3.517,13,1,1,1,1,547,1,586,496,0,0
3.518,14,1,1,1,1,543,1,624,510,0,0
3.519,15,1,1,1,1,535,1,631,524,0,0
3.52,0,1,1,1,1,530,1,614,536,0,0
3.521,1,1,1,1,1,531,1,560,515,0,0
3.522,2,1,1,1,1,518,2,475,505,0,0
3.523,3,1,1,1,1,506,1,406,491,0,0
3.524,4,1,1,1,1,482,1,363,541,0,0
3.525,5,1,1,1,1,468,1,367,541,0,0
3.526,6,1,1,1,1,464,1,382,518,0,0
3.527,7,1,1,1,1,465,1,433,502,0,0
3.528,8,1,1,1,1,480,1,464,494,0,0
3.529,9,1,1,1,1,493,1,482,503,0,0
3.53,10,1,1,1,1,505,1,509,525,0,0
3.531,11,1,1,1,1,515,1,524,526,0,0
3.532,12,1,1,1,1,520,1,522,505,0,0
3.533,13,1,1,1,1,508,1,511,512,0,0
3.534,14,1,1,1,1,497,1,532,505,0,0
3.535,15,1,1,1,1,519,1,556,485,0,0
3.536,0,1,1,1,1,547,1,569,488,0,0
3.537,1,1,1,1,1,543,1,625,516,0,0
3.538,2,1,1,1,1,549,1,615,517,0,0
3.539,3,1,1,1,1,545,1,579,499,0,0
3.54,4,1,1,1,1,531,1,535,492,0,0
3.541,5,1,1,1,1,514,1,481,471,0,0
3.542,6,1,1,1,1,490,1,434,512,0,0
3.543,7,1,1,1,1,478,1,432,515,0,0
3.544,8,1,1,1,1,494,1,462,504,0,0
3.545,9,1,1,1,1,496,1,489,500,0,0
3.546,10,1,1,1,1,506,2,522,515,0,0
3.547,11,1,1,1,1,505,1,531,508,0,0
3.548,12,1,1,1,1,515,1,542,541,0,0
3.549,13,1,1,1,1,531,1,534,519,0,0
3.55,14,1,1,1,1,540,1,531,514,0,0
3.551,15,1,1,1,1,519,1,520,506,0,0
3.552,0,1,1,1,1,510,1,513,511,0,0
3.553,1,1,1,1,1,498,1,508,488,0,0
3.554,2,1,1,1,1,515,2,507,466,0,0
3.555,3,1,1,1,1,510,1,510,518,0,0
3.556,4,1,1,1,1,501,1,510,524,0,0
3.557,5,1,1,1,1,526,1,524,492,0,0
3.558,6,1,1,1,1,529,1,503,503,0,0
3.559,7,1,1,1,1,525,1,537,509,0,0
3.56,8,1,1,1,1,524,1,547,507,0,0
3.561,9,1,1,1,1,516,1,528,491,0,0
3.562,10,1,1,1,1,512,2,513,509,0,0
3.563,11,1,1,1,1,512,1,484,535,0,0
3.564,12,1,1,1,1,504,1,454,568,0,0
3.565,13,1,1,1,1,489,1,442,529,0,0
3.566,14,1,1,1,1,473,1,407,504,0,0
3.567,15,1,1,1,1,478,0,414,480,0,0
3.568,0,1,1,1,1,489,1,464,495,0,0
3.569,1,1,1,1,1,496,1,483,514,0,0
3.57,2,1,1,1,1,497,2,489,496,0,0
3.571,3,1,1,1,1,508,1,520,500,0,0
3.572,4,1,1,1,1,531,1,604,499,0,0
3.573,5,1,1,1,1,543,1,617,516,0,0
3.574,6,1,1,1,1,533,1,575,519,0,0
3.575,7,1,1,1,1,525,0,539,513,0,0
3.576,8,1,1,1,1,527,1,500,516,0,0
3.577,9,1,1,1,1,523,1,471,526,0,0
3.578,10,1,1,1,1,507,2,460,516,0,0
3.579,11,1,1,1,1,490,1,467,482,0,0
3.58,12,1,1,1,1,487,1,492,480,0,0
3.581,13,1,1,1,1,507,1,544,492,0,0
3.582,14,1,1,1,1,521,1,560,508,0,0
3.583,15,1,1,1,1,527,1,550,517,0,0
3.584,0,1,1,1,1,530,1,528,533,0,0
3.585,1,1,1,1,1,509,1,489,527,0,0
3.586,2,1,1,1,1,503,2,501,515,0,0
3.587,3,1,1,1,1,492,1,515,507,0,0
3.588,4,1,1,1,1,495,1,533,507,0,0
3.589,5,1,1,1,1,510,1,524,486,0,0
3.59,6,1,1,1,1,519,1,518,471,0,0
3.591,7,1,1,1,1,506,1,500,493,0,0
3.592,8,1,1,1,1,507,1,497,507,0,0
3.593,9,1,1,1,1,514,1,506,519,0,0
3.594,10,1,1,1,1,517,2,522,529,0,0
3.595,11,1,1,1,1,529,1,542,541,0,0
3.596,12,1,1,1,1,529,1,542,509,0,0
3.597,13,1,1,1,1,531,1,549,501,0,0
3.598,14,1,1,1,1,521,1,550,500,0,0
3.599,15,1,1,1,1,513,1,543,502,0,0
3.6,0,1,1,1,1,505,1,526,504,0,0
3.601,1,1,1,1,1,510,1,539,514,0,0
3.602,2,1,1,1,1,521,2,549,547,0,0
3.603,3,1,1,1,1,524,1,515,524,0,0
3.604,4,1,1,1,1,539,1,492,476,0,0
3.605,5,1,1,1,1,529,1,448,488,0,0
3.606,6,1,1,1,1,503,1,413,505,0,0
3.607,7,1,1,1,1,480,1,405,547,0,0
3.608,8,1,1,1,1,471,1,399,535,0,0
3.609,9,1,1,1,1,462,1,408,516,0,0
3.61,10,1,1,1,1,455,1,432,487,0,0
3.611,11,1,1,1,1,460,1,456,471,0,0
3.612,12,1,1,1,1,505,0,526,452,0,0
3.613,13,1,1,1,1,544,1,582,533,0,0
3.614,14,1,1,1,1,541,1,585,544,0,0
3.615,15,1,1,1,1,534,1,575,489,0,0
3.616,0,1,1,1,1,527,1,571,489,0,0
3.617,1,1,1,1,1,524,1,564,510,0,0
3.618,2,1,1,1,1,519,2,551,568,0,0
3.619,3,1,1,1,1,520,1,539,529,0,0
3.62,4,1,1,1,1,531,0,546,497,0,0
3.621,5,1,1,1,1,529,1,557,494,0,0
3.622,6,1,1,1,1,527,1,548,488,0,0
3.623,7,1,1,1,1,518,1,511,489,0,0
3.624,8,1,1,1,1,513,1,485,497,0,0
3.625,9,1,1,1,1,515,1,464,528,0,0
3.626,10,1,1,1,1,500,2,445,532,0,0
3.627,11,1,1,1,1,478,1,422,523,0,0
3.628,12,1,1,1,1,474,0,443,500,0,0
3.629,13,1,1,1,1,483,1,476,499,0,0
3.63,14,1,1,1,1,496,1,523,495,0,0
3.631,15,1,1,1,1,532,1,569,501,0,0
3.632,0,1,1,1,1,547,1,580,504,0,0
3.633,1,1,1,1,1,541,1,552,502,0,0
3.634,2,1,1,1,1,524,1,513,506,0,0
3.635,3,1,1,1,1,520,1,500,516,0,0
3.636,4,1,1,1,1,519,1,507,514,0,0
3.637,5,1,1,1,1,512,1,509,512,0,0
3.638,6,1,1,1,1,500,1,493,506,0,0
3.639,7,1,1,1,1,492,1,494,509,0,0
3.64,8,1,1,1,1,492,1,490,500,0,0
3.641,9,1,1,1,1,497,1,493,486,0,0
3.642,10,1,1,1,1,499,1,502,532,0,0
3.643,11,1,1,1,1,505,1,517,548,0,0
3.644,12,1,1,1,1,512,1,511,518,0,0
3.645,13,1,1,1,1,515,1,500,504,0,0
3.646,14,1,1,1,1,505,1,498,495,0,0
3.647,15,1,1,1,1,506,1,511,495,0,0
3.648,0,1,1,1,1,522,1,553,507,0,0
3.649,1,1,1,1,1,554,1,603,498,0,0
3.65,2,1,1,1,1,555,2,617,489,0,0
3.651,3,1,1,1,1,542,1,627,498,0,0
3.652,4,1,1,1,1,543,1,597,509,0,0
3.653,5,1,1,1,1,535,1,519,521,0,0
3.654,6,1,1,1,1,520,1,437,550,0,0
3.655,7,1,1,1,1,494,1,371,559,0,0
3.656,8,1,1,1,1,444,1,314,507,0,0
3.657,9,1,1,1,1,424,1,343,466,0,0
3.658,10,1,1,1,1,459,1,433,464,0,0
3.659,11,1,1,1,1,481,1,511,518,0,0
3.66,12,1,1,1,1,524,0,618,503,0,0
3.661,13,1,1,1,1,540,1,629,504,0,0
3.662,14,1,1,1,1,544,1,596,493,0,0
3.663,15,1,1,1,1,542,1,572,500,0,0
3.664,0,1,1,1,1,534,1,515,521,0,0
3.665,1,1,1,1,1,516,1,445,536,0,0
3.666,2,1,1,1,1,504,2,446,530,0,0
3.667,3,1,1,1,1,502,1,453,508,0,0
3.668,4,1,1,1,1,493,0,467,524,0,0
3.669,5,1,1,1,1,498,1,483,510,0,0
3.67,6,1,1,1,1,490,1,489,484,0,0
3.671,7,1,1,1,1,492,1,484,488,0,0
3.672,8,1,1,1,1,508,1,510,535,0,0
3.673,9,1,1,1,1,499,1,536,549,0,0
3.674,10,1,1,1,1,509,2,552,514,0,0
3.675,11,1,1,1,1,534,1,566,491,0,0
3.676,12,1,1,1,1,538,1,568,483,0,0
3.677,13,1,1,1,1,540,1,550,484,0,0
3.678,14,1,1,1,1,535,1,516,503,0,0
3.679,15,1,1,1,1,545,1,496,508,0,0
3.68,0,1,1,1,1,493,1,459,515,0,0
3.681,1,1,1,1,1,479,1,461,522,0,0
3.682,2,1,1,1,1,495,1,519,512,0,0
3.683,3,1,1,1,1,513,1,553,516,0,0
3.684,4,1,1,1,1,532,1,567,509,0,0
3.685,5,1,1,1,1,541,1,566,501,0,0
3.686,6,1,1,1,1,551,1,559,544,0,0
3.687,7,1,1,1,1,540,1,525,536,0,0
3.688,8,1,1,1,1,507,1,476,505,0,0
3.689,9,1,1,1,1,481,1,454,482,0,0
3.69,10,1,1,1,1,473,1,458,485,0,0
3.691,11,1,1,1,1,492,1,482,502,0,0
3.692,12,1,1,1,1,499,1,499,494,0,0
3.693,13,1,1,1,1,492,1,483,470,0,0
3.694,14,1,1,1,1,498,1,489,493,0,0
3.695,15,1,1,1,1,505,1,512,506,0,0
3.696,0,1,1,1,1,508,1,522,527,0,0
3.697,1,1,1,1,1,514,1,518,543,0,0
3.698,2,1,1,1,1,513,2,527,534,0,0
3.699,3,1,1,1,1,517,1,524,507,0,0
3.7,4,1,1,1,1,518,1,512,507,0,0
3.701,5,1,1,1,1,505,1,500,526,0,0
3.702,6,1,1,1,1,512,1,489,479,0,0
3.703,7,1,1,1,1,513,0,489,492,0,0
3.704,8,1,1,1,1,503,1,470,516,0,0
3.705,9,1,1,1,1,518,1,505,530,0,0
3.706,10,1,1,1,1,523,2,528,510,0,0
3.707,11,1,1,1,1,524,1,556,496,0,0
3.708,12,1,1,1,1,524,1,579,485,0,0
3.709,13,1,1,1,1,537,1,585,496,0,0
3.71,14,1,1,1,1,533,1,564,508,0,0
3.711,15,1,1,1,1,513,0,508,523,0,0
3.712,0,1,1,1,1,501,1,464,527,0,0
3.713,1,1,1,1,1,495,1,436,515,0,0
3.714,2,1,1,1,1,502,2,462,512,0,0
3.715,3,1,1,1,1,488,1,462,502,0,0
3.716,4,1,1,1,1,487,1,492,498,0,0
3.717,5,1,1,1,1,503,1,512,534,0,0
3.718,6,1,1,1,1,507,1,516,520,0,0
3.719,7,1,1,1,1,515,0,525,509,0,0
3.72,8,1,1,1,1,520,1,528,514,0,0
3.721,9,1,1,1,1,511,1,525,522,0,0
3.722,10,1,1,1,1,507,2,533,508,0,0
3.723,11,1,1,1,1,510,1,535,491,0,0
3.724,12,1,1,1,1,522,1,555,496,0,0
3.725,13,1,1,1,1,531,1,566,494,0,0
3.726,14,1,1,1,1,531,1,553,486,0,0
3.727,15,1,1,1,1,529,1,525,491,0,0
3.728,0,1,1,1,1,532,1,500,504,0,0
3.729,1,1,1,1,1,516,1,464,512,0,0
3.73,2,1,1,1,1,482,1,432,500,0,0
3.731,3,1,1,1,1,482,1,445,521,0,0
3.732,4,1,1,1,1,492,1,470,538,0,0
3.733,5,1,1,1,1,518,1,545,511,0,0
3.734,6,1,1,1,1,530,1,583,503,0,0
3.735,7,1,1,1,1,537,1,582,496,0,0
3.736,8,1,1,1,1,538,1,555,487,0,0
3.737,9,1,1,1,1,537,1,530,494,0,0
3.738,10,1,1,1,1,515,2,489,499,0,0
3.739,11,1,1,1,1,505,1,453,503,0,0
3.74,12,1,1,1,1,492,1,455,534,0,0
3.741,13,1,1,1,1,479,1,460,556,0,0
3.742,14,1,1,1,1,484,1,467,553,0,0
3.743,15,1,1,1,1,500,1,472,509,0,0
3.744,0,1,1,1,1,500,1,465,500,0,0
3.745,1,1,1,1,1,487,1,442,520,0,0
3.746,2,1,1,1,1,469,1,430,497,0,0
3.747,3,1,1,1,1,476,1,471,482,0,0
3.748,4,1,1,1,1,516,1,544,492,0,0
3.749,5,1,1,1,1,544,1,586,509,0,0
3.75,6,1,1,1,1,540,1,579,518,0,0
3.751,7,1,1,1,1,531,1,602,509,0,0
3.752,8,1,1,1,1,515,1,571,493,0,0
3.753,9,1,1,1,1,533,1,584,501,0,0
3.754,10,1,1,1,1,543,1,583,519,0,0
3.755,11,1,1,1,1,543,1,536,524,0,0
3.756,12,1,1,1,1,524,1,466,527,0,0
3.757,13,1,1,1,1,518,1,451,512,0,0
3.758,14,1,1,1,1,487,1,409,518,0,0
3.759,15,1,1,1,1,455,1,400,512,0,0
3.76,0,1,1,1,1,472,1,445,491,0,0
3.761,1,1,1,1,1,480,1,483,497,0,0
3.762,2,1,1,1,1,497,1,526,507,0,0
3.763,3,1,1,1,1,512,1,543,524,0,0
3.764,4,1,1,1,1,530,1,543,508,0,0
3.765,5,1,1,1,1,527,1,534,504,0,0
3.766,6,1,1,1,1,508,1,522,509,0,0
3.767,7,1,1,1,1,519,1,530,495,0,0
3.768,8,1,1,1,1,531,1,540,499,0,0
3.769,9,1,1,1,1,532,1,560,497,0,0
3.77,10,1,1,1,1,536,2,577,492,0,0
3.771,11,1,1,1,1,537,1,584,489,0,0
3.772,12,1,1,1,1,536,1,562,499,0,0
3.773,13,1,1,1,1,534,1,516,509,0,0
3.774,14,1,1,1,1,520,1,469,570,0,0
3.775,15,1,1,1,1,496,1,424,532,0,0
3.776,0,1,1,1,1,475,1,407,521,0,0
3.777,1,1,1,1,1,476,1,446,505,0,0
3.778,2,1,1,1,1,489,1,493,483,0,0
3.779,3,1,1,1,1,508,1,520,476,0,0
3.78,4,1,1,1,1,514,1,531,488,0,0
3.781,5,1,1,1,1,525,1,535,504,0,0
3.782,6,1,1,1,1,524,1,528,516,0,0
3.783,7,1,1,1,1,521,1,546,513,0,0
3.784,8,1,1,1,1,506,1,515,509,0,0
3.785,9,1,1,1,1,497,1,495,504,0,0
3.786,10,1,1,1,1,506,2,490,524,0,0
3.787,11,1,1,1,1,513,1,494,526,0,0
3.788,12,1,1,1,1,510,1,500,514,0,0
3.789,13,1,1,1,1,510,1,498,504,0,0
3.79,14,1,1,1,1,513,1,518,505,0,0
3.791,15,1,1,1,1,520,0,535,503,0,0
3.792,0,1,1,1,1,519,1,530,488,0,0
3.793,1,1,1,1,1,518,1,512,503,0,0
3.794,2,1,1,1,1,496,1,480,497,0,0
3.795,3,1,1,1,1,503,1,490,499,0,0
3.796,4,1,1,1,1,491,1,473,549,0,0
3.797,5,1,1,1,1,489,1,481,539,0,0
3.798,6,1,1,1,1,502,1,515,508,0,0
3.799,7,1,1,1,1,513,0,547,494,0,0
3.8,8,1,1,1,1,515,1,554,502,0,0
3.801,9,1,1,1,1,513,1,544,520,0,0
3.802,10,1,1,1,1,519,2,532,509,0,0
3.803,11,1,1,1,1,532,1,543,514,0,0
3.804,12,1,1,1,1,539,1,534,508,0,0
3.805,13,1,1,1,1,537,1,515,484,0,0
3.806,14,1,1,1,1,510,1,511,515,0,0
3.807,15,1,1,1,1,513,1,568,513,0,0
3.808,0,1,1,1,1,527,1,577,494,0,0
3.809,1,1,1,1,1,526,1,553,494,0,0
3.81,2,1,1,1,1,522,2,516,521,0,0
3.811,3,1,1,1,1,516,1,483,522,0,0
3.812,4,1,1,1,1,502,1,441,523,0,0
3.813,5,1,1,1,1,496,1,436,512,0,0
3.814,6,1,1,1,1,476,1,435,507,0,0
3.815,7,1,1,1,1,465,1,433,504,0,0
3.816,8,1,1,1,1,491,1,459,509,0,0
3.817,9,1,1,1,1,509,1,456,500,0,0
3.818,10,1,1,1,1,519,2,459,519,0,0
3.819,11,1,1,1,1,524,1,493,518,0,0
3.82,12,1,1,1,1,517,1,530,492,0,0
3.821,13,1,1,1,1,504,1,536,478,0,0
3.822,14,1,1,1,1,524,1,561,512,0,0
3.823,15,1,1,1,1,531,1,559,534,0,0
3.824,0,1,1,1,1,535,1,527,515,0,0
3.825,1,1,1,1,1,523,1,481,504,0,0
3.826,2,1,1,1,1,493,1,444,518,0,0
3.827,3,1,1,1,1,477,1,447,500,0,0
3.828,4,1,1,1,1,478,1,459,500,0,0
3.829,5,1,1,1,1,489,1,483,497,0,0
3.83,6,1,1,1,1,503,1,525,495,0,0
3.831,7,1,1,1,1,528,1,591,492,0,0
3.832,8,1,1,1,1,547,1,654,529,0,0
3.833,9,1,1,1,1,550,1,686,497,0,0
3.834,10,1,1,1,1,561,2,632,482,0,0
3.835,11,1,1,1,1,547,1,544,504,0,0
3.836,12,1,1,1,1,528,0,460,525,0,0
3.837,13,1,1,1,1,507,1,396,568,0,0
3.838,14,1,1,1,1,480,1,341,548,0,0
3.839,15,1,1,1,1,457,1,360,516,0,0
3.84,0,1,1,1,1,447,1,413,507,0,0
3.841,1,1,1,1,1,466,1,464,513,0,0
3.842,2,1,1,1,1,485,1,494,486,0,0
3.843,3,1,1,1,1,502,1,519,503,0,0
3.844,4,1,1,1,1,516,0,543,521,0,0
3.845,5,1,1,1,1,532,1,560,524,0,0
3.846,6,1,1,1,1,532,1,558,512,0,0
3.847,7,1,1,1,1,530,1,572,516,0,0
3.848,8,1,1,1,1,525,1,571,495,0,0
3.849,9,1,1,1,1,528,1,566,502,0,0
3.85,10,1,1,1,1,527,2,549,495,0,0
3.851,11,1,1,1,1,515,1,516,487,0,0
3.852,12,1,1,1,1,516,1,497,496,0,0
3.853,13,1,1,1,1,522,1,510,478,0,0
3.854,14,1,1,1,1,537,1,556,472,0,0
3.855,15,1,1,1,1,531,1,570,509,0,0
3.856,0,1,1,1,1,517,1,553,524,0,0
3.857,1,1,1,1,1,501,1,508,528,0,0
3.858,2,1,1,1,1,505,1,482,534,0,0
3.859,3,1,1,1,1,512,1,454,522,0,0
3.86,4,1,1,1,1,496,1,447,511,0,0
3.861,5,1,1,1,1,474,1,447,516,0,0
3.862,6,1,1,1,1,489,1,477,500,0,0
3.863,7,1,1,1,1,506,1,500,487,0,0
3.864,8,1,1,1,1,519,1,510,495,0,0
3.865,9,1,1,1,1,519,1,520,505,0,0
3.866,10,1,1,1,1,520,1,530,536,0,0
3.867,11,1,1,1,1,517,1,519,522,0,0
3.868,12,1,1,1,1,522,1,545,479,0,0
3.869,13,1,1,1,1,530,1,572,480,0,0
3.87,14,1,1,1,1,531,1,576,468,0,0
3.871,15,1,1,1,1,527,1,569,481,0,0
3.872,0,1,1,1,1,518,1,544,495,0,0
3.873,1,1,1,1,1,511,1,510,560,0,0
3.874,2,1,1,1,1,497,1,478,575,0,0
3.875,3,1,1,1,1,486,1,460,540,0,0
3.876,4,1,1,1,1,490,0,474,536,0,0
3.877,5,1,1,1,1,482,1,468,515,0,0
3.878,6,1,1,1,1,486,1,464,500,0,0
3.879,7,1,1,1,1,512,1,480,496,0,0
3.88,8,1,1,1,1,518,1,491,502,0,0
3.881,9,1,1,1,1,521,1,495,513,0,0
3.882,10,1,1,1,1,511,2,502,498,0,0
3.883,11,1,1,1,1,511,1,520,497,0,0
3.884,12,1,1,1,1,513,0,547,486,0,0
3.885,13,1,1,1,1,521,1,572,492,0,0
3.886,14,1,1,1,1,541,1,572,498,0,0
3.887,15,1,1,1,1,552,1,557,509,0,0
3.888,0,1,1,1,1,552,1,536,525,0,0
3.889,1,1,1,1,1,529,1,494,507,0,0
3.89,2,1,1,1,1,502,2,482,481,0,0
3.891,3,1,1,1,1,490,1,473,505,0,0
3.892,4,1,1,1,1,486,0,504,512,0,0
3.893,5,1,1,1,1,490,1,519,506,0,0
3.894,6,1,1,1,1,519,1,543,528,0,0
3.895,7,1,1,1,1,511,1,487,515,0,0
3.896,8,1,1,1,1,494,1,430,537,0,0
3.897,9,1,1,1,1,481,1,392,524,0,0
3.898,10,1,1,1,1,486,1,409,516,0,0
3.899,11,1,1,1,1,493,1,447,532,0,0
3.9,12,1,1,1,1,504,1,511,517,0,0
3.901,13,1,1,1,1,509,1,545,483,0,0
3.902,14,1,1,1,1,521,1,565,486,0,0
3.903,15,1,1,1,1,526,1,572,494,0,0
3.904,0,1,1,1,1,530,1,570,504,0,0
3.905,1,1,1,1,1,519,1,541,525,0,0
3.906,2,1,1,1,1,516,2,534,520,0,0
3.907,3,1,1,1,1,504,1,524,515,0,0
3.908,4,1,1,1,1,513,1,566,495,0,0
3.909,5,1,1,1,1,524,1,614,488,0,0
3.91,6,1,1,1,1,539,1,620,494,0,0
3.911,7,1,1,1,1,542,1,566,507,0,0
3.912,8,1,1,1,1,541,1,502,520,0,0
3.913,9,1,1,1,1,517,1,415,539,0,0
3.914,10,1,1,1,1,483,1,337,540,0,0
3.915,11,1,1,1,1,463,1,339,481,0,0
3.916,12,1,1,1,1,462,1,382,472,0,0
3.917,13,1,1,1,1,473,1,470,490,0,0
3.918,14,1,1,1,1,494,1,519,487,0,0
3.919,15,1,1,1,1,520,0,546,492,0,0
3.92,0,1,1,1,1,524,1,556,483,0,0
3.921,1,1,1,1,1,524,1,579,505,0,0
3.922,2,1,1,1,1,530,2,568,552,0,0
3.923,3,1,1,1,1,538,1,571,536,0,0
3.924,4,1,1,1,1,538,1,578,529,0,0
3.925,5,1,1,1,1,534,1,550,517,0,0
3.926,6,1,1,1,1,530,1,530,501,0,0
3.927,7,1,1,1,1,510,0,510,471,0,0
3.928,8,1,1,1,1,496,1,519,483,0,0
3.929,9,1,1,1,1,499,1,521,529,0,0
3.93,10,1,1,1,1,509,2,543,533,0,0
3.931,11,1,1,1,1,523,1,578,532,0,0
3.932,12,1,1,1,1,540,1,611,508,0,0
3.933,13,1,1,1,1,537,1,573,500,0,0
3.934,14,1,1,1,1,527,1,501,519,0,0
3.935,15,1,1,1,1,500,0,414,534,0,0
3.936,0,1,1,1,1,473,1,356,524,0,0
3.937,1,1,1,1,1,456,1,326,508,0,0
3.938,2,1,1,1,1,460,1,371,498,0,0
3.939,3,1,1,1,1,478,1,446,502,0,0
3.94,4,1,1,1,1,493,1,487,498,0,0
3.941,5,1,1,1,1,516,1,520,472,0,0
3.942,6,1,1,1,1,522,1,537,488,0,0
3.943,7,1,1,1,1,513,1,560,521,0,0
3.944,8,1,1,1,1,522,1,553,518,0,0
3.945,9,1,1,1,1,531,1,548,500,0,0
3.946,10,1,1,1,1,532,2,529,502,0,0
3.947,11,1,1,1,1,527,1,536,531,0,0
3.948,12,1,1,1,1,526,1,568,527,0,0
3.949,13,1,1,1,1,535,1,602,485,0,0
3.95,14,1,1,1,1,528,1,585,484,0,0
3.951,15,1,1,1,1,520,1,553,504,0,0
3.952,0,1,1,1,1,527,1,536,529,0,0
3.953,1,1,1,1,1,528,1,497,538,0,0
3.954,2,1,1,1,1,516,2,467,534,0,0
3.955,3,1,1,1,1,504,1,433,510,0,0
3.956,4,1,1,1,1,461,1,405,470,0,0
3.957,5,1,1,1,1,486,1,462,511,0,0
3.958,6,1,1,1,1,500,1,497,510,0,0
3.959,7,1,1,1,1,489,1,502,500,0,0
3.96,8,1,1,1,1,496,1,518,496,0,0
3.961,9,1,1,1,1,509,1,518,500,0,0
3.962,10,1,1,1,1,517,1,519,495,0,0
3.963,11,1,1,1,1,527,1,529,499,0,0
3.964,12,1,1,1,1,522,1,535,503,0,0
3.965,13,1,1,1,1,528,1,540,503,0,0
3.966,14,1,1,1,1,520,1,527,565,0,0
3.967,15,1,1,1,1,514,1,520,525,0,0
3.968,0,1,1,1,1,527,1,543,505,0,0
3.969,1,1,1,1,1,538,1,572,509,0,0
3.97,2,1,1,1,1,525,1,545,490,0,0
3.971,3,1,1,1,1,528,1,534,485,0,0
3.972,4,1,1,1,1,555,1,549,492,0,0
3.973,5,1,1,1,1,531,1,574,508,0,0
3.974,6,1,1,1,1,518,1,543,512,0,0
3.975,7,1,1,1,1,500,1,492,503,0,0
3.976,8,1,1,1,1,492,1,453,536,0,0
3.977,9,1,1,1,1,478,1,397,543,0,0
3.978,10,1,1,1,1,468,1,357,555,0,0
3.979,11,1,1,1,1,455,1,392,477,0,0
3.98,12,1,1,1,1,464,1,464,491,0,0
3.981,13,1,1,1,1,487,1,499,501,0,0
3.982,14,1,1,1,1,515,1,527,508,0,0
3.983,15,1,1,1,1,523,1,525,503,0,0
3.984,0,1,1,1,1,527,1,515,508,0,0
3.985,1,1,1,1,1,508,1,481,506,0,0
3.986,2,1,1,1,1,502,2,482,480,0,0
3.987,3,1,1,1,1,512,1,511,494,0,0
3.988,4,1,1,1,1,528,1,583,508,0,0
3.989,5,1,1,1,1,541,1,598,505,0,0
3.99,6,1,1,1,1,542,1,584,504,0,0
3.991,7,1,1,1,1,526,1,552,519,0,0
3.992,8,1,1,1,1,528,1,544,530,0,0
3.993,9,1,1,1,1,518,1,519,531,0,0
3.994,10,1,1,1,1,492,1,485,533,0,0
3.995,11,1,1,1,1,464,1,443,485,0,0
3.996,12,1,1,1,1,465,1,435,498,0,0
3.997,13,1,1,1,1,512,1,488,529,0,0
3.998,14,1,1,1,1,513,1,499,521,0,0
3.999,15,1,1,1,1,518,1,524,501,0,0
4.0,0,1,1,1,1,524,1,547,504,0,0
4.001,1,1,1,1,1,524,1,548,505,0,0
4.002,2,1,1,1,1,527,2,541,505,0,0
4.003,3,1,1,1,1,529,1,536,499,0,0
4.004,4,1,1,1,1,517,1,513,508,0,0
4.005,5,1,1,1,1,519,1,508,515,0,0
4.006,6,1,1,1,1,523,1,518,541,0,0
4.007,7,1,1,1,1,522,0,541,494,0,0
4.008,8,1,1,1,1,518,1,539,470,0,0
4.009,9,1,1,1,1,522,1,532,493,0,0
4.01,10,1,1,1,1,526,2,523,507,0,0
4.011,11,1,1,1,1,519,1,501,520,0,0
4.012,12,1,1,1,1,514,1,507,523,0,0
4.013,13,1,1,1,1,486,1,475,523,0,0
4.014,14,1,1,1,1,482,1,472,517,0,0
4.015,15,1,1,1,1,502,0,501,512,0,0
4.016,0,1,1,1,1,504,1,479,497,0,0
4.017,1,1,1,1,1,500,1,465,488,0,0
4.018,2,1,1,1,1,510,2,483,480,0,0
4.019,3,1,1,1,1,522,1,547,505,0,0
4.02,4,1,1,1,1,523,1,557,527,0,0
4.021,5,1,1,1,1,537,1,553,524,0,0
4.022,6,1,1,1,1,528,1,526,519,0,0
4.023,7,1,1,1,1,513,0,489,528,0,0
4.024,8,1,1,1,1,494,1,444,519,0,0
4.025,9,1,1,1,1,473,1,414,496,0,0
4.026,10,1,1,1,1,464,1,415,474,0,0
4.027,11,1,1,1,1,471,1,452,465,0,0
4.028,12,1,1,1,1,498,1,505,508,0,0
4.029,13,1,1,1,1,523,1,556,534,0,0
4.03,14,1,1,1,1,538,1,588,523,0,0
4.031,15,1,1,1,1,544,1,603,513,0,0
4.032,0,1,1,1,1,540,1,582,501,0,0
4.033,1,1,1,1,1,542,1,556,510,0,0
4.034,2,1,1,1,1,540,2,531,529,0,0
4.035,3,1,1,1,1,529,1,519,543,0,0
4.036,4,1,1,1,1,505,1,488,518,0,0
4.037,5,1,1,1,1,481,1,488,495,0,0
4.038,6,1,1,1,1,496,1,513,501,0,0
4.039,7,1,1,1,1,517,1,512,505,0,0
4.04,8,1,1,1,1,512,1,497,488,0,0
4.041,9,1,1,1,1,504,1,490,480,0,0
4.042,10,1,1,1,1,491,1,486,505,0,0
4.043,11,1,1,1,1,487,1,473,489,0,0
4.044,12,1,1,1,1,495,1,481,477,0,0
4.045,13,1,1,1,1,505,1,487,525,0,0
4.046,14,1,1,1,1,502,1,477,535,0,0
4.047,15,1,1,1,1,511,1,486,541,0,0
4.048,0,1,1,1,1,514,1,493,525,0,0
4.049,1,1,1,1,1,508,1,502,503,0,0
4.05,2,1,1,1,1,515,2,525,506,0,0
4.051,3,1,1,1,1,515,1,533,519,0,0
4.052,4,1,1,1,1,521,0,546,508,0,0
4.053,5,1,1,1,1,522,1,546,499,0,0
4.054,6,1,1,1,1,527,1,547,506,0,0
4.055,7,1,1,1,1,521,1,546,511,0,0
4.056,8,1,1,1,1,513,1,534,506,0,0
4.057,9,1,1,1,1,515,1,541,507,0,0
4.058,10,1,1,1,1,513,2,534,514,0,0
4.059,11,1,1,1,1,520,1,526,518,0,0
4.06,12,1,1,1,1,519,0,519,502,0,0
4.061,13,1,1,1,1,531,1,527,493,0,0
4.062,14,1,1,1,1,535,1,554,486,0,0
4.063,15,1,1,1,1,541,1,579,495,0,0
4.064,0,1,1,1,1,524,1,540,495,0,0
4.065,1,1,1,1,1,519,1,504,492,0,0
4.066,2,1,1,1,1,535,2,528,511,0,0
4.067,3,1,1,1,1,500,1,526,512,0,0
4.068,4,1,1,1,1,493,0,483,524,0,0
4.069,5,1,1,1,1,491,1,455,494,0,0
4.07,6,1,1,1,1,493,1,412,508,0,0
4.071,7,1,1,1,1,489,1,391,560,0,0
4.072,8,1,1,1,1,486,1,366,562,0,0
4.073,9,1,1,1,1,423,1,345,537,0,0
4.074,10,1,1,1,1,444,1,425,508,0,0
4.075,11,1,1,1,1,517,1,514,500,0,0
4.076,12,1,1,1,1,531,1,551,504,0,0
4.077,13,1,1,1,1,536,1,584,496,0,0
4.078,14,1,1,1,1,551,1,611,483,0,0
4.079,15,1,1,1,1,556,1,620,492,0,0
4.08,0,1,1,1,1,556,1,594,493,0,0
4.081,1,1,1,1,1,543,1,567,471,0,0
4.082,2,1,1,1,1,524,1,537,483,0,0
4.083,3,1,1,1,1,504,1,485,550,0,0
4.084,4,1,1,1,1,472,1,441,533,0,0
4.085,5,1,1,1,1,462,1,428,492,0,0
4.086,6,1,1,1,1,480,1,447,498,0,0
4.087,7,1,1,1,1,504,1,482,498,0,0
4.088,8,1,1,1,1,524,1,542,521,0,0
4.089,9,1,1,1,1,513,1,526,503,0,0
4.09,10,1,1,1,1,499,1,536,523,0,0
4.091,11,1,1,1,1,539,1,611,516,0,0
4.092,12,1,1,1,1,564,0,640,519,0,0
4.093,13,1,1,1,1,549,1,572,514,0,0
4.094,14,1,1,1,1,545,1,557,475,0,0
4.095,15,1,1,1,1,543,1,513,485,0,0
4.096,0,1,1,1,1,524,1,439,520,0,0
4.097,1,1,1,1,1,483,1,369,545,0,0
4.098,2,1,1,1,1,443,1,321,519,0,0
4.099,3,1,1,1,1,415,0,339,518,0,0
4.1,4,1,1,1,1,444,0,422,544,0,0
4.101,5,1,1,1,1,481,1,483,519,0,0
4.102,6,1,1,1,1,498,1,524,503,0,0
4.103,7,1,1,1,1,501,1,541,495,0,0
4.104,8,1,1,1,1,527,1,560,501,0,0
4.105,9,1,1,1,1,538,1,574,503,0,0
4.106,10,1,1,1,1,535,2,574,499,0,0
4.107,11,1,1,1,1,543,1,569,504,0,0
4.108,12,1,1,1,1,542,0,552,503,0,0
4.109,13,1,1,1,1,537,1,548,503,0,0
4.11,14,1,1,1,1,540,1,562,508,0,0
4.111,15,1,1,1,1,538,1,581,506,0,0
4.112,0,1,1,1,1,538,1,578,497,0,0
4.113,1,1,1,1,1,530,1,544,493,0,0
4.114,2,1,1,1,1,513,2,517,502,0,0
4.115,3,1,1,1,1,510,1,477,524,0,0
4.116,4,1,1,1,1,503,1,454,527,0,0
4.117,5,1,1,1,1,480,1,426,508,0,0
4.118,6,1,1,1,1,463,1,432,525,0,0
4.119,7,1,1,1,1,476,1,462,521,0,0
4.12,8,1,1,1,1,490,1,501,499,0,0
4.121,9,1,1,1,1,508,1,524,514,0,0
4.122,10,1,1,1,1,518,2,537,510,0,0
4.123,11,1,1,1,1,519,1,531,492,0,0
4.124,12,1,1,1,1,530,1,524,479,0,0
4.125,13,1,1,1,1,526,1,516,490,0,0
4.126,14,1,1,1,1,512,1,514,501,0,0
4.127,15,1,1,1,1,508,1,510,506,0,0
4.128,0,1,1,1,1,519,1,527,514,0,0
4.129,1,1,1,1,1,535,1,550,543,0,0
4.13,2,1,1,1,1,535,2,542,551,0,0
4.131,3,1,1,1,1,535,1,526,530,0,0
4.132,4,1,1,1,1,525,1,512,515,0,0
4.133,5,1,1,1,1,519,1,519,477,0,0
4.134,6,1,1,1,1,521,1,516,464,0,0
4.135,7,1,1,1,1,501,0,507,459,0,0
4.136,8,1,1,1,1,492,1,499,500,0,0
4.137,9,1,1,1,1,494,1,511,521,0,0
4.138,10,1,1,1,1,498,2,521,526,0,0
4.139,11,1,1,1,1,503,1,505,532,0,0
4.14,12,1,1,1,1,500,1,474,530,0,0
4.141,13,1,1,1,1,515,1,487,527,0,0
4.142,14,1,1,1,1,506,1,479,509,0,0
4.143,15,1,1,1,1,499,0,468,520,0,0
4.144,0,1,1,1,1,488,1,471,498,0,0
4.145,1,1,1,1,1,482,1,476,476,0,0
4.146,2,1,1,1,1,502,2,509,490,0,0
4.147,3,1,1,1,1,526,1,575,492,0,0
4.148,4,1,1,1,1,542,1,612,492,0,0
4.149,5,1,1,1,1,550,1,588,504,0,0
4.15,6,1,1,1,1,527,1,544,534,0,0
4.151,7,1,1,1,1,512,0,519,538,0,0
4.152,8,1,1,1,1,520,1,510,527,0,0
4.153,9,1,1,1,1,516,1,493,527,0,0
4.154,10,1,1,1,1,492,2,474,503,0,0
4.155,11,1,1,1,1,503,1,525,490,0,0
4.156,12,1,1,1,1,529,1,586,496,0,0
4.157,13,1,1,1,1,515,1,545,476,0,0
4.158,14,1,1,1,1,496,1,474,482,0,0
4.159,15,1,1,1,1,493,1,436,507,0,0
4.16,0,1,1,1,1,491,1,424,535,0,0
4.161,1,1,1,1,1,495,1,430,542,0,0
4.162,2,1,1,1,1,477,1,424,524,0,0
4.163,3,1,1,1,1,486,1,460,494,0,0
4.164,4,1,1,1,1,513,1,538,487,0,0
4.165,5,1,1,1,1,521,1,581,499,0,0
4.166,6,1,1,1,1,544,1,606,507,0,0
4.167,7,1,1,1,1,564,1,619,507,0,0
4.168,8,1,1,1,1,555,1,576,508,0,0
4.169,9,1,1,1,1,547,1,513,504,0,0
4.17,10,1,1,1,1,511,2,466,495,0,0
4.171,11,1,1,1,1,472,1,425,544,0,0
4.172,12,1,1,1,1,468,1,410,540,0,0
4.173,13,1,1,1,1,476,1,420,515,0,0
4.174,14,1,1,1,1,460,1,439,532,0,0
4.175,15,1,1,1,1,484,1,478,507,0,0
4.176,0,1,1,1,1,507,1,530,504,0,0
4.177,1,1,1,1,1,522,1,558,506,0,0
4.178,2,1,1,1,1,531,2,550,506,0,0
4.179,3,1,1,1,1,529,1,540,508,0,0
4.18,4,1,1,1,1,525,1,542,510,0,0
4.181,5,1,1,1,1,520,1,535,501,0,0
4.182,6,1,1,1,1,525,1,536,499,0,0
4.183,7,1,1,1,1,532,1,532,499,0,0
4.184,8,1,1,1,1,524,1,525,504,0,0
4.185,9,1,1,1,1,519,1,516,508,0,0
4.186,10,1,1,1,1,522,1,528,513,0,0
4.187,11,1,1,1,1,523,1,524,516,0,0
4.188,12,1,1,1,1,520,1,524,501,0,0
4.189,13,1,1,1,1,518,1,514,484,0,0
4.19,14,1,1,1,1,513,1,506,486,0,0
4.191,15,1,1,1,1,516,1,514,499,0,0
4.192,0,1,1,1,1,510,1,499,492,0,0
4.193,1,1,1,1,1,499,1,491,489,0,0
4.194,2,1,1,1,1,493,1,483,503,0,0
4.195,3,1,1,1,1,498,1,492,554,0,0
4.196,4,1,1,1,1,505,1,501,530,0,0
4.197,5,1,1,1,1,512,1,513,528,0,0
4.198,6,1,1,1,1,514,1,515,521,0,0
4.199,7,1,1,1,1,511,1,507,515,0,0
4.2,8,1,1,1,1,504,1,500,517,0,0
4.201,9,1,1,1,1,507,1,506,504,0,0
4.202,10,1,1,1,1,511,2,521,498,0,0
4.203,11,1,1,1,1,511,1,521,508,0,0
4.204,12,1,1,1,1,512,1,512,505,0,0
4.205,13,1,1,1,1,512,1,510,499,0,0
4.206,14,1,1,1,1,512,1,508,500,0,0
4.207,15,1,1,1,1,511,1,508,503,0,0
4.208,0,1,1,1,1,513,1,508,504,0,0
4.209,1,1,1,1,1,514,1,514,505,0,0
4.21,2,1,1,1,1,512,2,509,510,0,0
4.211,3,1,1,1,1,513,1,516,517,0,0
4.212,4,1,1,1,1,517,1,507,511,0,0
4.213,5,1,1,1,1,515,1,516,509,0,0
4.214,6,1,1,1,1,512,1,517,507,0,0
4.215,7,1,1,1,1,511,1,515,512,0,0
4.216,8,1,1,1,1,511,1,506,514,0,0
4.217,9,1,1,1,1,512,1,510,506,0,0
4.218,10,1,1,1,1,510,2,519,504,0,0
4.219,11,1,1,1,1,508,1,515,507,0,0
4.22,12,1,1,1,1,510,1,514,510,0,0
4.221,13,1,1,1,1,508,1,505,509,0,0
4.222,14,1,1,1,1,511,1,512,508,0,0
4.223,15,1,1,1,1,512,0,513,511,0,0
4.224,0,1,1,1,1,508,1,513,505,0,0
4.225,1,1,1,1,1,513,1,521,507,0,0
4.226,2,1,1,1,1,512,2,515,508,0,0
4.227,3,1,1,1,1,508,1,516,509,0,0
4.228,4,1,1,1,1,508,1,515,507,0,0
4.229,5,1,1,1,1,510,1,510,507,0,0
4.23,6,1,1,1,1,511,1,503,506,0,0
4.231,7,1,1,1,1,509,0,503,508,0,0
4.232,8,1,1,1,1,512,1,511,509,0,0
4.233,9,1,1,1,1,513,1,514,510,0,0
4.234,10,1,1,1,1,515,2,511,511,0,0
4.235,11,1,1,1,1,512,1,519,510,0,0
4.236,12,1,1,1,1,513,1,526,508,0,0
4.237,13,1,1,1,1,512,1,517,506,0,0
4.238,14,1,1,1,1,512,1,514,508,0,0
4.239,15,1,1,1,1,512,0,509,509,0,0
4.24,0,1,1,1,1,513,1,506,508,0,0
4.241,1,1,1,1,1,510,1,499,509,0,0
4.242,2,1,1,1,1,513,2,501,511,0,0
4.243,3,1,1,1,1,514,1,510,512,0,0
4.244,4,1,1,1,1,516,1,515,509,0,0
4.245,5,1,1,1,1,513,1,516,507,0,0
4.246,6,1,1,1,1,509,1,513,508,0,0
4.247,7,1,1,1,1,510,1,510,509,0,0
4.248,8,1,1,1,1,511,1,511,509,0,0
4.249,9,1,1,1,1,511,1,508,508,0,0
4.25,10,1,1,1,1,511,2,515,509,0,0
4.251,11,1,1,1,1,507,1,508,505,0,0
4.252,12,1,1,1,1,508,1,505,507,0,0
4.253,13,1,1,1,1,510,1,513,508,0,0
4.254,14,1,1,1,1,510,1,516,508,0,0
4.255,15,1,1,1,1,511,1,525,508,0,0
4.256,0,1,1,1,1,507,1,521,505,0,0
4.257,1,1,1,1,1,507,1,515,507,0,0
4.258,2,1,1,1,1,511,2,518,509,0,0
4.259,3,1,1,1,1,515,1,519,509,0,0
4.26,4,1,1,1,1,515,1,513,507,0,0
4.261,5,1,1,1,1,512,1,512,512,0,0
4.262,6,1,1,1,1,518,1,516,511,0,0
4.263,7,1,1,1,1,522,1,519,505,0,0
4.264,8,1,1,1,1,513,1,488,509,0,0
4.265,9,1,1,1,1,507,1,477,511,0,0
4.266,10,1,1,1,1,515,2,494,509,0,0
4.267,11,1,1,1,1,519,1,517,512,0,0
4.268,12,1,1,1,1,514,0,528,508,0,0
4.269,13,1,1,1,1,508,1,526,505,0,0
4.27,14,1,1,1,1,503,1,528,507,0,0
4.271,15,1,1,1,1,506,1,530,505,0,0
4.272,0,1,1,1,1,510,1,525,509,0,0
4.273,1,1,1,1,1,514,1,526,514,0,0
4.274,2,1,1,1,1,510,2,504,510,0,0
4.275,3,1,1,1,1,506,1,494,506,0,0
4.276,4,1,1,1,1,509,0,495,509,0,0
4.277,5,1,1,1,1,516,1,503,511,0,0
4.278,6,1,1,1,1,515,1,503,512,0,0
4.279,7,1,1,1,1,520,1,500,515,0,0
4.28,8,1,1,1,1,510,1,484,509,0,0
4.281,9,1,1,1,1,507,1,493,504,0,0
4.282,10,1,1,1,1,511,2,505,507,0,0
4.283,11,1,1,1,1,509,1,502,504,0,0
4.284,12,1,1,1,1,509,0,504,504,0,0
4.285,13,1,1,1,1,513,1,508,506,0,0
4.286,14,1,1,1,1,516,1,511,503,0,0
4.287,15,1,1,1,1,513,1,517,501,0,0
4.288,0,1,1,1,1,512,1,527,506,0,0
4.289,1,1,1,1,1,512,1,525,512,0,0
4.29,2,1,1,1,1,508,1,519,513,0,0
4.291,3,1,1,1,1,506,1,511,513,0,0
4.292,4,1,1,1,1,508,1,503,512,0,0
4.293,5,1,1,1,1,506,1,502,508,0,0
4.294,6,1,1,1,1,506,1,506,506,0,0
4.295,7,1,1,1,1,504,1,503,504,0,0
4.296,8,1,1,1,1,507,1,507,506,0,0
4.297,9,1,1,1,1,511,1,518,508,0,0
4.298,10,1,1,1,1,515,1,521,511,0,0
4.299,11,1,1,1,1,518,1,520,514,0,0
4.3,12,1,1,1,1,514,1,512,511,0,0
4.301,13,1,1,1,1,513,1,510,510,0,0
4.302,14,1,1,1,1,516,1,512,509,0,0
4.303,15,1,1,1,1,517,1,516,508,0,0
4.304,0,1,1,1,1,517,1,517,508,0,0
4.305,1,1,1,1,1,512,1,515,510,0,0
4.306,2,1,1,1,1,510,1,510,509,0,0
4.307,3,1,1,1,1,512,1,519,508,0,0
4.308,4,1,1,1,1,512,1,515,507,0,0
4.309,5,1,1,1,1,511,1,513,508,0,0
4.31,6,1,1,1,1,510,1,515,509,0,0
4.311,7,1,1,1,1,511,1,516,508,0,0
4.312,8,1,1,1,1,512,1,519,509,0,0
4.313,9,1,1,1,1,512,1,532,510,0,0
4.314,10,1,1,1,1,513,2,531,510,0,0
4.315,11,1,1,1,1,511,1,524,510,0,0
4.316,12,1,1,1,1,512,0,516,508,0,0
4.317,13,1,1,1,1,511,1,520,508,0,0
4.318,14,1,1,1,1,512,1,523,510,0,0
4.319,15,1,1,1,1,511,1,521,510,0,0
4.32,0,1,1,1,1,512,1,517,509,0,0
4.321,1,1,1,1,1,510,1,518,506,0,0
4.322,2,1,1,1,1,511,2,518,508,0,0
4.323,3,1,1,1,1,511,1,521,507,0,0
4.324,4,1,1,1,1,511,0,524,505,0,0
4.325,5,1,1,1,1,511,1,522,510,0,0
4.326,6,1,1,1,1,513,1,523,510,0,0
4.327,7,1,1,1,1,513,1,511,510,0,0
4.328,8,1,1,1,1,508,1,512,507,0,0
4.329,9,1,1,1,1,506,1,514,508,0,0
4.33,10,1,1,1,1,511,2,513,508,0,0
4.331,11,1,1,1,1,513,1,508,508,0,0
4.332,12,1,1,1,1,512,1,507,507,0,0
4.333,13,1,1,1,1,511,1,505,510,0,0
4.334,14,1,1,1,1,512,1,497,508,0,0
4.335,15,1,1,1,1,513,1,502,509,0,0
4.336,0,1,1,1,1,512,1,499,508,0,0
4.337,1,1,1,1,1,511,1,494,503,0,0
4.338,2,1,1,1,1,513,2,494,502,0,0
4.339,3,1,1,1,1,511,1,490,504,0,0
4.34,4,1,1,1,1,513,1,486,507,0,0
4.341,5,1,1,1,1,505,1,487,508,0,0
4.342,6,1,1,1,1,508,1,480,511,0,0
4.343,7,1,1,1,1,510,1,490,515,0,0
4.344,8,1,1,1,1,509,1,499,519,0,0
4.345,9,1,1,1,1,511,1,491,514,0,0
4.346,10,1,1,1,1,508,2,490,516,0,0
4.347,11,1,1,1,1,521,1,496,509,0,0
4.348,12,1,1,1,1,527,1,505,507,0,0
4.349,13,1,1,1,1,513,1,515,506,0,0
4.35,14,1,1,1,1,511,1,522,504,0,0
4.351,15,1,1,1,1,508,1,529,508,0,0
4.352,0,1,1,1,1,513,1,533,506,0,0
4.353,1,1,1,1,1,510,1,547,505,0,0
4.354,2,1,1,1,1,510,2,558,508,0,0
4.355,3,1,1,1,1,512,1,553,507,0,0
4.356,4,1,1,1,1,511,1,544,508,0,0
4.357,5,1,1,1,1,510,1,529,507,0,0
4.358,6,1,1,1,1,513,1,523,507,0,0
4.359,7,1,1,1,1,512,0,517,509,0,0
4.36,8,1,1,1,1,511,1,521,506,0,0
4.361,9,1,1,1,1,511,1,521,509,0,0
4.362,10,1,1,1,1,510,2,513,507,0,0
4.363,11,1,1,1,1,512,1,502,508,0,0
4.364,12,1,1,1,1,509,1,497,510,0,0
4.365,13,1,1,1,1,509,1,503,509,0,0
4.366,14,1,1,1,1,510,1,503,508,0,0
4.367,15,1,1,1,1,508,0,513,506,0,0
4.368,0,1,1,1,1,510,1,518,508,0,0
4.369,1,1,1,1,1,512,1,517,510,0,0
4.37,2,1,1,1,1,512,2,515,508,0,0
4.371,3,1,1,1,1,511,1,509,512,0,0
4.372,4,1,1,1,1,513,1,508,508,0,0
4.373,5,1,1,1,1,511,1,501,506,0,0
4.374,6,1,1,1,1,510,1,496,505,0,0
4.375,7,1,1,1,1,512,1,492,508,0,0
4.376,8,1,1,1,1,512,1,491,512,0,0
4.377,9,1,1,1,1,511,1,487,510,0,0
4.378,10,1,1,1,1,509,2,489,511,0,0
4.379,11,1,1,1,1,507,1,489,508,0,0
4.38,12,1,1,1,1,511,1,503,507,0,0
4.381,13,1,1,1,1,512,1,506,509,0,0
4.382,14,1,1,1,1,510,1,513,511,0,0
4.383,15,1,1,1,1,512,1,505,508,0,0
4.384,0,1,1,1,1,512,1,502,509,0,0
4.385,1,1,1,1,1,514,1,509,508,0,0
4.386,2,1,1,1,1,513,2,504,509,0,0
4.387,3,1,1,1,1,512,1,514,507,0,0
4.388,4,1,1,1,1,513,1,512,508,0,0
4.389,5,1,1,1,1,513,1,506,507,0,0
4.39,6,1,1,1,1,511,1,507,508,0,0
4.391,7,1,1,1,1,511,1,505,508,0,0
4.392,8,1,1,1,1,513,1,497,508,0,0
4.393,9,1,1,1,1,511,1,491,511,0,0
4.394,10,1,1,1,1,512,2,495,511,0,0
4.395,11,1,1,1,1,512,1,503,513,0,0
4.396,12,1,1,1,1,511,1,497,509,0,0
4.397,13,1,1,1,1,508,1,482,508,0,0
4.398,14,1,1,1,1,509,1,481,506,0,0
4.399,15,1,1,1,1,510,1,492,509,0,0
4.4,0,1,1,1,1,511,1,490,510,0,0
4.401,1,1,1,1,1,511,1,497,508,0,0
4.402,2,1,1,1,1,512,1,502,507,0,0
4.403,3,1,1,1,1,512,1,508,510,0,0
4.404,4,1,1,1,1,511,1,508,506,0,0
4.405,5,1,1,1,1,514,1,515,506,0,0
4.406,6,1,1,1,1,514,1,527,504,0,0
4.407,7,1,1,1,1,511,1,536,506,0,0
4.408,8,1,1,1,1,512,1,542,507,0,0
4.409,9,1,1,1,1,513,1,546,506,0,0
4.41,10,1,1,1,1,512,1,552,508,0,0
4.411,11,1,1,1,1,515,1,550,511,0,0
4.412,12,1,1,1,1,512,1,543,509,0,0
4.413,13,1,1,1,1,512,1,530,507,0,0
4.414,14,1,1,1,1,510,1,527,507,0,0
4.415,15,1,1,1,1,511,1,531,504,0,0
4.416,0,1,1,1,1,511,1,525,508,0,0
4.417,1,1,1,1,1,511,1,538,510,0,0
4.418,2,1,1,1,1,512,1,527,507,0,0
4.419,3,1,1,1,1,511,1,518,507,0,0
4.42,4,1,1,1,1,511,1,511,514,0,0
4.421,5,1,1,1,1,510,1,512,514,0,0
4.422,6,1,1,1,1,512,1,517,513,0,0
4.423,7,1,1,1,1,508,1,517,513,0,0
4.424,8,1,1,1,1,508,1,516,514,0,0
4.425,9,1,1,1,1,508,1,507,511,0,0
4.426,10,1,1,1,1,510,2,504,510,0,0
4.427,11,1,1,1,1,511,1,502,510,0,0
4.428,12,1,1,1,1,512,1,500,509,0,0
4.429,13,1,1,1,1,512,1,498,506,0,0
4.43,14,1,1,1,1,512,1,505,501,0,0
4.431,15,1,1,1,1,511,1,510,504,0,0
4.432,0,1,1,1,1,512,1,516,505,0,0
4.433,1,1,1,1,1,513,1,519,505,0,0
4.434,2,1,1,1,1,512,2,519,505,0,0
4.435,3,1,1,1,1,511,1,506,504,0,0
4.436,4,1,1,1,1,511,1,508,506,0,0
4.437,5,1,1,1,1,510,1,499,513,0,0
4.438,6,1,1,1,1,511,1,499,518,0,0
4.439,7,1,1,1,1,512,1,496,514,0,0
4.44,8,1,1,1,1,515,1,497,510,0,0
4.441,9,1,1,1,1,513,1,502,509,0,0
4.442,10,1,1,1,1,513,2,499,510,0,0
4.443,11,1,1,1,1,511,1,505,507,0,0
4.444,12,1,1,1,1,512,1,509,508,0,0
4.445,13,1,1,1,1,511,1,511,507,0,0
4.446,14,1,1,1,1,512,1,516,507,0,0
4.447,15,1,1,1,1,511,0,512,508,0,0
4.448,0,1,1,1,1,511,1,510,507,0,0
4.449,1,1,1,1,1,512,1,512,505,0,0
4.45,2,1,1,1,1,513,2,510,506,0,0
4.451,3,1,1,1,1,512,1,506,506,0,0
4.452,4,1,1,1,1,513,1,507,510,0,0
4.453,5,1,1,1,1,511,1,512,509,0,0
4.454,6,1,1,1,1,511,1,510,508,0,0
4.455,7,1,1,1,1,513,0,512,508,0,0
4.456,8,1,1,1,1,512,1,513,507,0,0
4.457,9,1,1,1,1,511,1,514,507,0,0
4.458,10,1,1,1,1,510,2,512,508,0,0
4.459,11,1,1,1,1,512,1,517,507,0,0
4.46,12,1,1,1,1,510,1,515,510,0,0
4.461,13,1,1,1,1,510,1,515,511,0,0
4.462,14,1,1,1,1,511,1,513,510,0,0
4.463,15,1,1,1,1,510,1,524,510,0,0
4.464,0,1,1,1,1,513,1,527,509,0,0
4.465,1,1,1,1,1,512,1,526,508,0,0
4.466,2,1,1,1,1,510,2,528,508,0,0
4.467,3,1,1,1,1,513,1,520,512,0,0
4.468,4,1,1,1,1,511,1,513,510,0,0
4.469,5,1,1,1,1,512,1,503,507,0,0
4.47,6,1,1,1,1,510,1,489,507,0,0
4.471,7,1,1,1,1,510,1,483,508,0,0
4.472,8,1,1,1,1,513,1,490,506,0,0
4.473,9,1,1,1,1,513,1,490,508,0,0
4.474,10,1,1,1,1,510,2,497,509,0,0
4.475,11,1,1,1,1,512,1,494,508,0,0
4.476,12,1,1,1,1,510,1,500,508,0,0
4.477,13,1,1,1,1,511,1,494,505,0,0
4.478,14,1,1,1,1,511,1,505,507,0,0
4.479,15,1,1,1,1,510,1,509,505,0,0
4.48,0,1,1,1,1,511,1,501,507,0,0
4.481,1,1,1,1,1,512,1,494,505,0,0
4.482,2,1,1,1,1,511,2,499,507,0,0
4.483,3,1,1,1,1,510,1,501,510,0,0
4.484,4,1,1,1,1,508,0,505,509,0,0
4.485,5,1,1,1,1,511,1,504,511,0,0
4.486,6,1,1,1,1,511,1,509,520,0,0
4.487,7,1,1,1,1,512,1,516,519,0,0
4.488,8,1,1,1,1,512,1,508,515,0,0
4.489,9,1,1,1,1,512,1,510,507,0,0
4.49,10,1,1,1,1,512,2,516,507,0,0
4.491,11,1,1,1,1,513,1,510,505,0,0
4.492,12,1,1,1,1,510,0,513,506,0,0
4.493,13,1,1,1,1,511,1,518,504,0,0
4.494,14,1,1,1,1,512,1,511,508,0,0
4.495,15,1,1,1,1,511,1,515,508,0,0
4.496,0,1,1,1,1,512,1,512,508,0,0
4.497,1,1,1,1,1,512,1,520,506,0,0
4.498,2,1,1,1,1,509,2,524,505,0,0
4.499,3,1,1,1,1,510,1,513,508,0,0
4.5,4,1,1,1,1,511,0,509,508,0,0
4.501,5,1,1,1,1,510,1,508,510,0,0
4.502,6,1,1,1,1,512,1,512,510,0,0
4.503,7,1,1,1,1,513,1,513,509,0,0
4.504,8,1,1,1,1,513,1,510,507,0,0
4.505,9,1,1,1,1,511,1,507,503,0,0
4.506,10,1,1,1,1,511,1,510,506,0,0
4.507,11,1,1,1,1,512,1,524,507,0,0
4.508,12,1,1,1,1,509,1,524,508,0,0
4.509,13,1,1,1,1,511,1,518,510,0,0
4.51,14,1,1,1,1,509,1,508,507,0,0
4.511,15,1,1,1,1,511,1,508,505,0,0
4.512,0,1,1,1,1,510,1,516,505,0,0
4.513,1,1,1,1,1,511,1,508,505,0,0
4.514,2,1,1,1,1,512,1,506,508,0,0
4.515,3,1,1,1,1,513,1,504,509,0,0
4.516,4,1,1,1,1,514,1,499,509,0,0
4.517,5,1,1,1,1,513,1,503,512,0,0
4.518,6,1,1,1,1,511,1,499,514,0,0
4.519,7,1,1,1,1,511,1,512,518,0,0
4.52,8,1,1,1,1,511,1,518,519,0,0
4.521,9,1,1,1,1,512,1,521,511,0,0
4.522,10,1,1,1,1,511,1,517,509,0,0
4.523,11,1,1,1,1,507,1,513,503,0,0
4.524,12,1,1,1,1,511,1,518,502,0,0
4.525,13,1,1,1,1,513,1,515,506,0,0
4.526,14,1,1,1,1,513,1,520,510,0,0
4.527,15,1,1,1,1,514,1,528,511,0,0
4.528,0,1,1,1,1,508,1,521,510,0,0
4.529,1,1,1,1,1,510,1,519,508,0,0
4.53,2,1,1,1,1,511,2,520,508,0,0
4.531,3,1,1,1,1,511,1,514,505,0,0
4.532,4,1,1,1,1,512,0,508,508,0,0
4.533,5,1,1,1,1,514,1,515,507,0,0
4.534,6,1,1,1,1,510,1,508,507,0,0
4.535,7,1,1,1,1,512,1,499,509,0,0
4.536,8,1,1,1,1,511,1,494,509,0,0
4.537,9,1,1,1,1,514,1,500,509,0,0
4.538,10,1,1,1,1,512,2,497,507,0,0
4.539,11,1,1,1,1,512,1,496,505,0,0
4.54,12,1,1,1,1,511,0,494,507,0,0
4.541,13,1,1,1,1,513,1,489,507,0,0
4.542,14,1,1,1,1,511,1,496,509,0,0
4.543,15,1,1,1,1,510,1,498,507,0,0
4.544,0,1,1,1,1,511,1,494,508,0,0
4.545,1,1,1,1,1,510,1,499,507,0,0
4.546,2,1,1,1,1,512,2,506,508,0,0
4.547,3,1,1,1,1,511,1,504,511,0,0
4.548,4,1,1,1,1,510,0,507,511,0,0
4.549,5,1,1,1,1,512,1,510,508,0,0
4.55,6,1,1,1,1,511,1,509,509,0,0
4.551,7,1,1,1,1,513,1,500,510,0,0
4.552,8,1,1,1,1,511,1,504,509,0,0
4.553,9,1,1,1,1,510,1,508,506,0,0
4.554,10,1,1,1,1,511,2,514,509,0,0
4.555,11,1,1,1,1,512,1,519,508,0,0
4.556,12,1,1,1,1,511,1,512,509,0,0
4.557,13,1,1,1,1,512,1,511,509,0,0
4.558,14,1,1,1,1,513,1,506,509,0,0
4.559,15,1,1,1,1,512,1,501,509,0,0
4.56,0,1,1,1,1,513,1,518,508,0,0
4.561,1,1,1,1,1,513,1,525,506,0,0
4.562,2,1,1,1,1,510,2,521,506,0,0
4.563,3,1,1,1,1,511,1,516,505,0,0
4.564,4,1,1,1,1,514,1,517,505,0,0
4.565,5,1,1,1,1,512,1,514,513,0,0
4.566,6,1,1,1,1,511,1,522,513,0,0
4.567,7,1,1,1,1,508,1,516,513,0,0
4.568,8,1,1,1,1,511,1,512,512,0,0
4.569,9,1,1,1,1,511,1,509,511,0,0
4.57,10,1,1,1,1,511,2,515,509,0,0
4.571,11,1,1,1,1,509,1,515,510,0,0
4.572,12,1,1,1,1,512,1,508,508,0,0
4.573,13,1,1,1,1,510,1,502,508,0,0
4.574,14,1,1,1,1,512,1,491,508,0,0
4.575,15,1,1,1,1,512,0,487,506,0,0
4.576,0,1,1,1,1,511,1,482,507,0,0
4.577,1,1,1,1,1,511,1,489,505,0,0
4.578,2,1,1,1,1,511,2,499,506,0,0
4.579,3,1,1,1,1,512,1,509,509,0,0
4.58,4,1,1,1,1,512,1,513,509,0,0
4.581,5,1,1,1,1,512,1,522,508,0,0
4.582,6,1,1,1,1,510,1,531,510,0,0
4.583,7,1,1,1,1,511,0,518,510,0,0
4.584,8,1,1,1,1,512,1,517,508,0,0
4.585,9,1,1,1,1,511,1,518,507,0,0
4.586,10,1,1,1,1,511,2,525,508,0,0
4.587,11,1,1,1,1,513,1,529,509,0,0
4.588,12,1,1,1,1,515,1,528,508,0,0
4.589,13,1,1,1,1,512,1,517,508,0,0
4.59,14,1,1,1,1,511,1,514,507,0,0
4.591,15,1,1,1,1,510,0,511,507,0,0
4.592,0,1,1,1,1,510,1,505,508,0,0
4.593,1,1,1,1,1,510,1,503,509,0,0
4.594,2,1,1,1,1,510,2,499,511,0,0
4.595,3,1,1,1,1,511,1,496,508,0,0
4.596,4,1,1,1,1,511,1,488,507,0,0
4.597,5,1,1,1,1,511,1,505,510,0,0
4.598,6,1,1,1,1,511,1,510,508,0,0
4.599,7,1,1,1,1,511,1,507,509,0,0
4.6,8,1,1,1,1,512,1,517,509,0,0
4.601,9,1,1,1,1,510,1,502,506,0,0
4.602,10,1,1,1,1,511,2,501,507,0,0
4.603,11,1,1,1,1,513,1,502,507,0,0
4.604,12,1,1,1,1,509,1,503,507,0,0
4.605,13,1,1,1,1,513,1,494,507,0,0
4.606,14,1,1,1,1,512,1,501,508,0,0
4.607,15,1,1,1,1,512,1,490,509,0,0
4.608,0,1,1,1,1,511,1,499,511,0,0
4.609,1,1,1,1,1,513,1,522,512,0,0
4.61,2,1,1,1,1,512,2,530,512,0,0
4.611,3,1,1,1,1,510,1,525,510,0,0
4.612,4,1,1,1,1,510,1,516,511,0,0
4.613,5,1,1,1,1,512,1,519,507,0,0
4.614,6,1,1,1,1,515,1,516,509,0,0
4.615,7,1,1,1,1,513,1,518,509,0,0
4.616,8,1,1,1,1,511,1,515,507,0,0
4.617,9,1,1,1,1,510,1,520,508,0,0
4.618,10,1,1,1,1,511,1,507,508,0,0
4.619,11,1,1,1,1,511,1,508,508,0,0
4.62,12,1,1,1,1,512,1,501,507,0,0
4.621,13,1,1,1,1,511,1,502,508,0,0
4.622,14,1,1,1,1,509,1,494,509,0,0
4.623,15,1,1,1,1,513,1,509,510,0,0
4.624,0,1,1,1,1,514,1,509,508,0,0
4.625,1,1,1,1,1,512,1,506,507,0,0
4.626,2,1,1,1,1,511,1,504,508,0,0
4.627,3,1,1,1,1,512,1,507,508,0,0
4.628,4,1,1,1,1,510,1,513,508,0,0
4.629,5,1,1,1,1,510,1,511,511,0,0
4.63,6,1,1,1,1,511,1,517,507,0,0
4.631,7,1,1,1,1,512,1,519,510,0,0
4.632,8,1,1,1,1,512,1,512,508,0,0
4.633,9,1,1,1,1,511,1,510,507,0,0
4.634,10,1,1,1,1,510,1,506,508,0,0
4.635,11,1,1,1,1,512,1,516,508,0,0
4.636,12,1,1,1,1,512,1,515,507,0,0
4.637,13,1,1,1,1,512,1,503,504,0,0
4.638,14,1,1,1,1,512,1,504,509,0,0
4.639,15,1,1,1,1,512,1,512,507,0,0
4.64,0,1,1,1,1,510,1,516,508,0,0
4.641,1,1,1,1,1,511,1,503,509,0,0
4.642,2,1,1,1,1,511,2,496,507,0,0
4.643,3,1,1,1,1,512,1,501,508,0,0
4.644,4,1,1,1,1,512,1,509,511,0,0
4.645,5,1,1,1,1,512,1,501,511,0,0
4.646,6,1,1,1,1,510,1,494,511,0,0
4.647,7,1,1,1,1,511,1,499,509,0,0
4.648,8,1,1,1,1,513,1,503,509,0,0
4.649,9,1,1,1,1,511,1,505,508,0,0
4.65,10,1,1,1,1,512,2,513,506,0,0
4.651,11,1,1,1,1,512,1,500,506,0,0
4.652,12,1,1,1,1,512,1,499,507,0,0
4.653,13,1,1,1,1,511,1,500,509,0,0
4.654,14,1,1,1,1,513,1,502,509,0,0
4.655,15,1,1,1,1,510,1,508,508,0,0
4.656,0,1,1,1,1,510,1,512,510,0,0
4.657,1,1,1,1,1,511,1,514,509,0,0
4.658,2,1,1,1,1,512,2,517,508,0,0
4.659,3,1,1,1,1,512,1,517,508,0,0
4.66,4,1,1,1,1,512,1,520,506,0,0
4.661,5,1,1,1,1,512,1,521,505,0,0
4.662,6,1,1,1,1,512,1,524,505,0,0
4.663,7,1,1,1,1,514,0,512,507,0,0
4.664,8,1,1,1,1,512,1,508,507,0,0
4.665,9,1,1,1,1,512,1,509,511,0,0
4.666,10,1,1,1,1,509,2,510,508,0,0
4.667,11,1,1,1,1,512,1,516,511,0,0
4.668,12,1,1,1,1,512,1,514,511,0,0
4.669,13,1,1,1,1,510,1,512,513,0,0
4.67,14,1,1,1,1,511,1,515,515,0,0
4.671,15,1,1,1,1,509,0,511,511,0,0
4.672,0,1,1,1,1,508,1,510,507,0,0
4.673,1,1,1,1,1,509,1,500,504,0,0
4.674,2,1,1,1,1,510,2,501,506,0,0
4.675,3,1,1,1,1,512,1,506,509,0,0
4.676,4,1,1,1,1,514,1,508,509,0,0
4.677,5,1,1,1,1,512,1,512,511,0,0
4.678,6,1,1,1,1,510,1,512,507,0,0
4.679,7,1,1,1,1,512,0,511,508,0,0
4.68,8,1,1,1,1,512,1,517,507,0,0
4.681,9,1,1,1,1,515,1,515,508,0,0
4.682,10,1,1,1,1,512,2,516,505,0,0
4.683,11,1,1,1,1,512,1,510,507,0,0
4.684,12,1,1,1,1,511,1,512,508,0,0
4.685,13,1,1,1,1,511,1,512,508,0,0
4.686,14,1,1,1,1,512,1,509,507,0,0
4.687,15,1,1,1,1,512,1,504,508,0,0
4.688,0,1,1,1,1,512,1,503,508,0,0
4.689,1,1,1,1,1,510,1,505,507,0,0
4.69,2,1,1,1,1,510,2,511,509,0,0
4.691,3,1,1,1,1,512,1,515,510,0,0
4.692,4,1,1,1,1,511,1,506,510,0,0
4.693,5,1,1,1,1,511,1,500,508,0,0
4.694,6,1,1,1,1,511,1,500,508,0,0
4.695,7,1,1,1,1,511,1,512,508,0,0
4.696,8,1,1,1,1,512,1,512,511,0,0
4.697,9,1,1,1,1,512,1,510,508,0,0
4.698,10,1,1,1,1,512,2,519,510,0,0
4.699,11,1,1,1,1,512,1,509,507,0,0
4.7,12,1,1,1,1,512,1,513,508,0,0
4.701,13,1,1,1,1,510,1,514,509,0,0
4.702,14,1,1,1,1,511,1,531,508,0,0
4.703,15,1,1,1,1,513,1,530,508,0,0
4.704,0,1,1,1,1,511,1,517,504,0,0
4.705,1,1,1,1,1,513,1,518,506,0,0
4.706,2,1,1,1,1,512,2,512,508,0,0
4.707,3,1,1,1,1,512,1,510,508,0,0
4.708,4,1,1,1,1,511,0,513,511,0,0
4.709,5,1,1,1,1,510,1,513,511,0,0
4.71,6,1,1,1,1,508,1,502,510,0,0
4.711,7,1,1,1,1,511,1,507,510,0,0
4.712,8,1,1,1,1,512,1,513,510,0,0
4.713,9,1,1,1,1,509,1,518,512,0,0
4.714,10,1,1,1,1,511,2,519,510,0,0
4.715,11,1,1,1,1,510,1,519,509,0,0
4.716,12,1,1,1,1,512,0,522,506,0,0
4.717,13,1,1,1,1,512,1,513,508,0,0
4.718,14,1,1,1,1,511,1,507,507,0,0
4.719,15,1,1,1,1,510,1,506,507,0,0
4.72,0,1,1,1,1,512,1,506,507,0,0
4.721,1,1,1,1,1,512,1,510,508,0,0
4.722,2,1,1,1,1,513,2,511,506,0,0
4.723,3,1,1,1,1,513,1,511,507,0,0
4.724,4,1,1,1,1,512,0,509,504,0,0
4.725,5,1,1,1,1,511,1,508,508,0,0
4.726,6,1,1,1,1,512,1,510,508,0,0
4.727,7,1,1,1,1,513,1,521,508,0,0
4.728,8,1,1,1,1,512,1,519,509,0,0
4.729,9,1,1,1,1,511,1,508,509,0,0
4.73,10,1,1,1,1,511,1,502,510,0,0
4.731,11,1,1,1,1,511,1,503,511,0,0
4.732,12,1,1,1,1,513,1,496,511,0,0
4.733,13,1,1,1,1,511,1,495,511,0,0
4.734,14,1,1,1,1,509,1,491,510,0,0
4.735,15,1,1,1,1,511,1,497,510,0,0
4.736,0,1,1,1,1,511,1,512,510,0,0
4.737,1,1,1,1,1,511,1,516,507,0,0
4.738,2,1,1,1,1,511,1,520,507,0,0
4.739,3,1,1,1,1,509,1,515,507,0,0
4.74,4,1,1,1,1,512,1,507,508,0,0
4.741,5,1,1,1,1,511,1,511,507,0,0
4.742,6,1,1,1,1,512,1,511,506,0,0
4.743,7,1,1,1,1,512,1,494,508,0,0
4.744,8,1,1,1,1,512,1,497,510,0,0
4.745,9,1,1,1,1,511,1,508,511,0,0
4.746,10,1,1,1,1,512,1,510,509,0,0
4.747,11,1,1,1,1,513,1,512,507,0,0
4.748,12,1,1,1,1,513,0,507,508,0,0
4.749,13,1,1,1,1,511,1,506,507,0,0
4.75,14,1,1,1,1,513,1,513,508,0,0
4.751,15,1,1,1,1,511,1,509,508,0,0
4.752,0,1,1,1,1,513,1,509,509,0,0
4.753,1,1,1,1,1,513,1,510,511,0,0
4.754,2,1,1,1,1,511,2,516,509,0,0
4.755,3,1,1,1,1,510,1,514,510,0,0
4.756,4,1,1,1,1,512,0,505,508,0,0
4.757,5,1,1,1,1,512,1,508,509,0,0
4.758,6,1,1,1,1,511,1,512,510,0,0
4.759,7,1,1,1,1,512,1,510,508,0,0
4.76,8,1,1,1,1,511,1,512,508,0,0
4.761,9,1,1,1,1,512,1,512,509,0,0
4.762,10,1,1,1,1,511,2,515,511,0,0
4.763,11,1,1,1,1,511,1,510,507,0,0
4.764,12,1,1,1,1,511,0,502,507,0,0
4.765,13,1,1,1,1,511,1,507,508,0,0
4.766,14,1,1,1,1,510,1,509,509,0,0
4.767,15,1,1,1,1,511,1,504,508,0,0
4.768,0,1,1,1,1,511,1,501,511,0,0
4.769,1,1,1,1,1,512,1,502,508,0,0
4.77,2,1,1,1,1,512,2,501,508,0,0
4.771,3,1,1,1,1,511,1,508,508,0,0
4.772,4,1,1,1,1,512,1,514,508,0,0
4.773,5,1,1,1,1,512,1,517,509,0,0
4.774,6,1,1,1,1,512,1,508,508,0,0
4.775,7,1,1,1,1,511,1,503,508,0,0
4.776,8,1,1,1,1,511,1,507,509,0,0
4.777,9,1,1,1,1,513,1,514,508,0,0
4.778,10,1,1,1,1,511,2,514,509,0,0
4.779,11,1,1,1,1,512,1,518,509,0,0
4.78,12,1,1,1,1,511,1,517,511,0,0
4.781,13,1,1,1,1,510,1,518,509,0,0
4.782,14,1,1,1,1,512,1,518,509,0,0
4.783,15,1,1,1,1,513,1,513,508,0,0
4.784,0,1,1,1,1,510,1,512,508,0,0
4.785,1,1,1,1,1,511,1,512,509,0,0
4.786,2,1,1,1,1,509,2,512,509,0,0
4.787,3,1,1,1,1,513,1,502,508,0,0
4.788,4,1,1,1,1,510,1,508,508,0,0
4.789,5,1,1,1,1,512,1,506,506,0,0
4.79,6,1,1,1,1,512,1,514,506,0,0
4.791,7,1,1,1,1,511,0,519,510,0,0
4.792,8,1,1,1,1,511,1,509,510,0,0
4.793,9,1,1,1,1,509,1,498,509,0,0
4.794,10,1,1,1,1,510,2,500,509,0,0
4.795,11,1,1,1,1,512,1,498,509,0,0
4.796,12,1,1,1,1,513,1,509,510,0,0
4.797,13,1,1,1,1,512,1,505,509,0,0
4.798,14,1,1,1,1,512,1,506,508,0,0
4.799,15,1,1,1,1,512,0,508,507,0,0
4.8,0,1,1,1,1,512,1,519,506,0,0
4.801,1,1,1,1,1,511,1,526,509,0,0
4.802,2,1,1,1,1,511,2,530,509,0,0
4.803,3,1,1,1,1,511,1,523,509,0,0
4.804,4,1,1,1,1,510,1,516,508,0,0
4.805,5,1,1,1,1,511,1,511,510,0,0
4.806,6,1,1,1,1,510,1,515,509,0,0
4.807,7,1,1,1,1,515,0,518,507,0,0
4.808,8,1,1,1,1,513,1,515,508,0,0
4.809,9,1,1,1,1,512,1,505,510,0,0
4.81,10,1,1,1,1,511,2,506,508,0,0
4.811,11,1,1,1,1,510,1,499,507,0,0
4.812,12,1,1,1,1,510,1,495,506,0,0
4.813,13,1,1,1,1,511,1,500,508,0,0
4.814,14,1,1,1,1,512,1,509,507,0,0
4.815,15,1,1,1,1,512,1,513,510,0,0
4.816,0,1,1,1,1,512,1,516,510,0,0
4.817,1,1,1,1,1,512,1,517,507,0,0
4.818,2,1,1,1,1,510,2,516,507,0,0
4.819,3,1,1,1,1,512,1,509,508,0,0
4.82,4,1,1,1,1,511,1,499,511,0,0
4.821,5,1,1,1,1,511,1,504,509,0,0
4.822,6,1,1,1,1,511,1,501,508,0,0
4.823,7,1,1,1,1,512,1,504,508,0,0
4.824,8,1,1,1,1,512,1,499,510,0,0
4.825,9,1,1,1,1,511,1,508,508,0,0
4.826,10,1,1,1,1,510,2,520,509,0,0
4.827,11,1,1,1,1,511,1,525,507,0,0
4.828,12,1,1,1,1,513,1,519,508,0,0
4.829,13,1,1,1,1,511,1,510,509,0,0
4.83,14,1,1,1,1,513,1,515,511,0,0
4.831,15,1,1,1,1,512,1,516,511,0,0
4.832,0,1,1,1,1,512,1,519,509,0,0
4.833,1,1,1,1,1,510,1,509,505,0,0
4.834,2,1,1,1,1,510,1,505,506,0,0
4.835,3,1,1,1,1,511,1,512,509,0,0
4.836,4,1,1,1,1,511,1,508,508,0,0
4.837,5,1,1,1,1,512,1,513,507,0,0
4.838,6,1,1,1,1,510,1,517,509,0,0
4.839,7,1,1,1,1,511,1,509,510,0,0
4.84,8,1,1,1,1,512,1,500,508,0,0
4.841,9,1,1,1,1,511,1,502,508,0,0
4.842,10,1,1,1,1,512,1,501,508,0,0
4.843,11,1,1,1,1,513,1,507,509,0,0
4.844,12,1,1,1,1,511,1,507,506,0,0
4.845,13,1,1,1,1,510,1,506,508,0,0
4.846,14,1,1,1,1,511,1,502,508,0,0
4.847,15,1,1,1,1,510,1,508,509,0,0
4.848,0,1,1,1,1,512,1,510,508,0,0
4.849,1,1,1,1,1,511,1,513,509,0,0
4.85,2,1,1,1,1,511,1,514,509,0,0
4.851,3,1,1,1,1,512,1,516,510,0,0
4.852,4,1,1,1,1,512,1,522,510,0,0
4.853,5,1,1,1,1,513,1,526,509,0,0
4.854,6,1,1,1,1,511,1,528,506,0,0
4.855,7,1,1,1,1,512,1,519,510,0,0
4.856,8,1,1,1,1,512,1,509,510,0,0
4.857,9,1,1,1,1,512,1,504,506,0,0
4.858,10,1,1,1,1,511,2,502,507,0,0
4.859,11,1,1,1,1,510,1,512,506,0,0
4.86,12,1,1,1,1,511,1,515,508,0,0
4.861,13,1,1,1,1,512,1,517,509,0,0
4.862,14,1,1,1,1,513,1,523,509,0,0
4.863,15,1,1,1,1,512,1,527,509,0,0
4.864,0,1,1,1,1,511,1,525,508,0,0
4.865,1,1,1,1,1,512,1,516,509,0,0
4.866,2,1,1,1,1,511,2,515,509,0,0
4.867,3,1,1,1,1,512,1,521,505,0,0
4.868,4,1,1,1,1,511,1,515,508,0,0
4.869,5,1,1,1,1,509,1,516,508,0,0
4.87,6,1,1,1,1,510,1,511,509,0,0
4.871,7,1,1,1,1,511,1,517,508,0,0
4.872,8,1,1,1,1,511,1,516,510,0,0
4.873,9,1,1,1,1,514,1,515,505,0,0
4.874,10,1,1,1,1,514,2,501,509,0,0
4.875,11,1,1,1,1,511,1,499,512,0,0
4.876,12,1,1,1,1,513,1,501,511,0,0
4.877,13,1,1,1,1,511,1,503,511,0,0
4.878,14,1,1,1,1,511,1,512,511,0,0
4.879,15,1,1,1,1,512,0,511,508,0,0
4.88,0,1,1,1,1,511,1,510,507,0,0
4.881,1,1,1,1,1,511,1,513,509,0,0
4.882,2,1,1,1,1,508,2,504,509,0,0
4.883,3,1,1,1,1,506,1,503,505,0,0
4.884,4,1,1,1,1,507,1,504,504,0,0
4.885,5,1,1,1,1,511,1,511,502,0,0
4.886,6,1,1,1,1,512,1,511,507,0,0
4.887,7,1,1,1,1,511,0,511,507,0,0
4.888,8,1,1,1,1,513,1,511,510,0,0
4.889,9,1,1,1,1,513,1,509,513,0,0
4.89,10,1,1,1,1,511,2,512,514,0,0
4.891,11,1,1,1,1,511,1,518,509,0,0
4.892,12,1,1,1,1,512,1,517,510,0,0
4.893,13,1,1,1,1,513,1,508,507,0,0
4.894,14,1,1,1,1,513,1,503,507,0,0
4.895,15,1,1,1,1,513,0,496,508,0,0
4.896,0,1,1,1,1,513,1,504,508,0,0
4.897,1,1,1,1,1,512,1,510,510,0,0
4.898,2,1,1,1,1,511,2,510,510,0,0
4.899,3,1,1,1,1,511,1,508,507,0,0
4.9,4,1,1,1,1,511,1,502,506,0,0
4.901,5,1,1,1,1,510,1,512,508,0,0
4.902,6,1,1,1,1,511,1,512,507,0,0
4.903,7,1,1,1,1,512,1,521,508,0,0
4.904,8,1,1,1,1,510,1,522,508,0,0
4.905,9,1,1,1,1,512,1,517,508,0,0
4.906,10,1,1,1,1,512,2,498,510,0,0
4.907,11,1,1,1,1,511,1,503,509,0,0
4.908,12,1,1,1,1,511,1,502,510,0,0
4.909,13,1,1,1,1,512,1,502,510,0,0
4.91,14,1,1,1,1,510,1,507,510,0,0
4.911,15,1,1,1,1,510,1,503,508,0,0
4.912,0,1,1,1,1,511,1,499,510,0,0
4.913,1,1,1,1,1,512,1,498,509,0,0
4.914,2,1,1,1,1,511,2,505,508,0,0
4.915,3,1,1,1,1,513,1,504,506,0,0
4.916,4,1,1,1,1,511,1,502,507,0,0
4.917,5,1,1,1,1,512,1,504,507,0,0
4.918,6,1,1,1,1,511,1,509,508,0,0
4.919,7,1,1,1,1,510,1,515,509,0,0
4.92,8,1,1,1,1,510,1,516,509,0,0
4.921,9,1,1,1,1,511,1,519,509,0,0
4.922,10,1,1,1,1,511,2,525,507,0,0
4.923,11,1,1,1,1,511,1,528,511,0,0
4.924,12,1,1,1,1,512,0,520,511,0,0
4.925,13,1,1,1,1,512,1,513,510,0,0
4.926,14,1,1,1,1,510,1,506,509,0,0
4.927,15,1,1,1,1,512,1,508,508,0,0
4.928,0,1,1,1,1,511,1,501,506,0,0
4.929,1,1,1,1,1,513,1,503,507,0,0
4.93,2,1,1,1,1,512,2,503,508,0,0
4.931,3,1,1,1,1,513,1,514,510,0,0
4.932,4,1,1,1,1,512,0,515,510,0,0
4.933,5,1,1,1,1,512,1,510,508,0,0
4.934,6,1,1,1,1,512,1,511,508,0,0
4.935,7,1,1,1,1,512,1,515,508,0,0
4.936,8,1,1,1,1,510,1,524,508,0,0
4.937,9,1,1,1,1,511,1,526,511,0,0
4.938,10,1,1,1,1,512,2,531,509,0,0
4.939,11,1,1,1,1,511,1,520,508,0,0
4.94,12,1,1,1,1,511,0,510,509,0,0
4.941,13,1,1,1,1,511,1,500,510,0,0
4.942,14,1,1,1,1,511,1,489,512,0,0
4.943,15,1,1,1,1,512,1,491,510,0,0
4.944,0,1,1,1,1,512,1,493,508,0,0
4.945,1,1,1,1,1,512,1,499,505,0,0
4.946,2,1,1,1,1,512,1,507,508,0,0
4.947,3,1,1,1,1,512,1,517,506,0,0
4.948,4,1,1,1,1,511,1,510,506,0,0
4.949,5,1,1,1,1,512,1,510,508,0,0
4.95,6,1,1,1,1,511,1,520,509,0,0
4.951,7,1,1,1,1,510,1,518,508,0,0
4.952,8,1,1,1,1,512,1,528,508,0,0
4.953,9,1,1,1,1,510,1,530,508,0,0
4.954,10,1,1,1,1,512,1,520,506,0,0
4.955,11,1,1,1,1,511,1,521,509,0,0
4.956,12,1,1,1,1,510,1,514,510,0,0
4.957,13,1,1,1,1,511,1,515,508,0,0
4.958,14,1,1,1,1,512,1,503,509,0,0
4.959,15,1,1,1,1,511,1,505,509,0,0
4.96,0,1,1,1,1,511,1,503,506,0,0
4.961,1,1,1,1,1,512,1,507,510,0,0
4.962,2,1,1,1,1,512,1,511,510,0,0
4.963,3,1,1,1,1,511,1,509,511,0,0
4.964,4,1,1,1,1,511,1,502,511,0,0
4.965,5,1,1,1,1,511,1,504,507,0,0
4.966,6,1,1,1,1,511,1,513,509,0,0
4.967,7,1,1,1,1,511,1,515,509,0,0
4.968,8,1,1,1,1,511,1,517,508,0,0
4.969,9,1,1,1,1,511,1,514,509,0,0
4.97,10,1,1,1,1,512,2,501,506,0,0
4.971,11,1,1,1,1,512,1,502,507,0,0
4.972,12,1,1,1,1,512,0,507,507,0,0
4.973,13,1,1,1,1,513,1,501,509,0,0
4.974,14,1,1,1,1,512,1,500,506,0,0
4.975,15,1,1,1,1,514,1,508,509,0,0
4.976,0,1,1,1,1,513,1,510,507,0,0
4.977,1,1,1,1,1,512,1,508,507,0,0
4.978,2,1,1,1,1,510,2,512,507,0,0
4.979,3,1,1,1,1,512,1,515,506,0,0
4.98,4,1,1,1,1,510,0,519,507,0,0
4.981,5,1,1,1,1,510,1,520,507,0,0
4.982,6,1,1,1,1,510,1,513,508,0,0
4.983,7,1,1,1,1,511,1,509,507,0,0
4.984,8,1,1,1,1,512,1,510,509,0,0
4.985,9,1,1,1,1,510,1,513,510,0,0
4.986,10,1,1,1,1,515,2,507,510,0,0
4.987,11,1,1,1,1,513,1,512,508,0,0
4.988,12,1,1,1,1,511,1,515,513,0,0
4.989,13,1,1,1,1,510,1,510,508,0,0
4.99,14,1,1,1,1,510,1,512,509,0,0
4.991,15,1,1,1,1,511,1,504,510,0,0
4.992,0,1,1,1,1,511,1,510,509,0,0
4.993,1,1,1,1,1,511,1,512,510,0,0
4.994,2,1,1,1,1,512,2,512,509,0,0
4.995,3,1,1,1,1,511,1,502,509,0,0
4.996,4,1,1,1,1,511,1,508,507,0,0
4.997,5,1,1,1,1,512,1,515,506,0,0
4.998,6,1,1,1,1,511,1,521,507,0,0
4.999,7,1,1,1,1,512,1,517,507,0,0
5.0,8,1,1,1,1,513,1,516,509,0,0
5.001,9,1,1,1,1,512,1,506,509,0,0
5.002,10,1,1,1,1,511,2,509,511,0,0
5.003,11,1,1,1,1,511,1,501,508,0,0
5.004,12,1,1,1,1,511,1,501,507,0,0
5.005,13,1,1,1,1,510,1,501,508,0,0
5.006,14,1,1,1,1,510,1,508,505,0,0
5.007,15,1,1,1,1,512,1,498,507,0,0
5.008,0,1,1,1,1,512,1,495,510,0,0
5.009,1,1,1,1,1,512,1,496,509,0,0
5.01,2,1,1,1,1,510,2,493,509,0,0
5.011,3,1,1,1,1,511,1,503,508,0,0
5.012,4,1,1,1,1,512,1,508,510,0,0
5.013,5,1,1,1,1,510,1,518,508,0,0
5.014,6,1,1,1,1,511,1,526,510,0,0
5.015,7,1,1,1,1,512,0,526,508,0,0
5.016,8,1,1,1,1,511,1,521,509,0,0
5.017,9,1,1,1,1,512,1,520,508,0,0
5.018,10,1,1,1,1,511,2,518,510,0,0
5.019,11,1,1,1,1,513,1,523,510,0,0
5.02,12,1,1,1,1,512,1,521,509,0,0
5.021,13,1,1,1,1,512,1,518,507,0,0
5.022,14,1,1,1,1,512,1,510,506,0,0
5.023,15,1,1,1,1,510,0,516,505,0,0
5.024,0,1,1,1,1,512,1,514,503,0,0
5.025,1,1,1,1,1,511,1,506,503,0,0
5.026,2,1,1,1,1,512,2,505,504,0,0
5.027,3,1,1,1,1,514,1,497,507,0,0
5.028,4,1,1,1,1,512,1,496,508,0,0
5.029,5,1,1,1,1,512,1,493,511,0,0
5.03,6,1,1,1,1,510,1,487,510,0,0
5.031,7,1,1,1,1,511,1,494,514,0,0
5.032,8,1,1,1,1,511,1,494,514,0,0
5.033,9,1,1,1,1,511,1,498,515,0,0
5.034,10,1,1,1,1,511,2,503,514,0,0
5.035,11,1,1,1,1,510,1,507,512,0,0
5.036,12,1,1,1,1,510,1,510,511,0,0
5.037,13,1,1,1,1,510,1,504,508,0,0
5.038,14,1,1,1,1,510,1,505,505,0,0
5.039,15,1,1,1,1,511,1,511,504,0,0
5.04,0,1,1,1,1,512,1,519,505,0,0
5.041,1,1,1,1,1,512,1,511,508,0,0
5.042,2,1,1,1,1,511,2,512,510,0,0
5.043,3,1,1,1,1,512,1,511,508,0,0
5.044,4,1,1,1,1,510,1,510,510,0,0
5.045,5,1,1,1,1,511,1,515,505,0,0
5.046,6,1,1,1,1,511,1,522,507,0,0
5.047,7,1,1,1,1,511,1,527,510,0,0
5.048,8,1,1,1,1,512,1,526,507,0,0
5.049,9,1,1,1,1,511,1,524,507,0,0
5.05,10,1,1,1,1,512,2,514,507,0,0
5.051,11,1,1,1,1,513,1,511,507,0,0
5.052,12,1,1,1,1,512,1,513,507,0,0
5.053,13,1,1,1,1,509,1,513,509,0,0
5.054,14,1,1,1,1,513,1,517,509,0,0
5.055,15,1,1,1,1,512,1,512,510,0,0
5.056,0,1,1,1,1,513,1,511,508,0,0
5.057,1,1,1,1,1,511,1,512,511,0,0
5.058,2,1,1,1,1,512,1,512,509,0,0
5.059,3,1,1,1,1,511,1,506,509,0,0
5.06,4,1,1,1,1,511,1,507,509,0,0
5.061,5,1,1,1,1,513,1,505,510,0,0
5.062,6,1,1,1,1,513,1,504,510,0,0
5.063,7,1,1,1,1,510,1,506,510,0,0
5.064,8,1,1,1,1,511,1,512,507,0,0
5.065,9,1,1,1,1,512,1,512,509,0,0
5.066,10,1,1,1,1,511,1,511,508,0,0
5.067,11,1,1,1,1,509,1,519,508,0,0
5.068,12,1,1,1,1,511,1,513,506,0,0
5.069,13,1,1,1,1,511,1,501,506,0,0
5.07,14,1,1,1,1,512,1,501,507,0,0
5.071,15,1,1,1,1,512,1,503,508,0,0
5.072,0,1,1,1,1,511,1,506,507,0,0
5.073,1,1,1,1,1,512,1,509,504,0,0
5.074,2,1,1,1,1,512,2,513,508,0,0
5.075,3,1,1,1,1,510,1,507,508,0,0
5.076,4,1,1,1,1,512,1,500,507,0,0
5.077,5,1,1,1,1,512,1,497,509,0,0
5.078,6,1,1,1,1,512,1,505,510,0,0
5.079,7,1,1,1,1,511,1,509,510,0,0
5.08,8,1,1,1,1,511,1,506,511,0,0
5.081,9,1,1,1,1,513,1,508,511,0,0
5.082,10,1,1,1,1,512,2,505,508,0,0
5.083,11,1,1,1,1,509,1,514,510,0,0
5.084,12,1,1,1,1,510,1,517,508,0,0
5.085,13,1,1,1,1,514,1,514,509,0,0
5.086,14,1,1,1,1,514,1,513,508,0,0
5.087,15,1,1,1,1,510,1,513,507,0,0
5.088,0,1,1,1,1,512,1,510,508,0,0
5.089,1,1,1,1,1,512,1,512,508,0,0
5.09,2,1,1,1,1,512,2,512,510,0,0
5.091,3,1,1,1,1,510,1,515,510,0,0
5.092,4,1,1,1,1,512,1,515,508,0,0
5.093,5,1,1,1,1,510,1,512,508,0,0
5.094,6,1,1,1,1,511,1,504,510,0,0
5.095,7,1,1,1,1,511,1,495,506,0,0
5.096,8,1,1,1,1,512,1,507,506,0,0
5.097,9,1,1,1,1,511,1,507,509,0,0
5.098,10,1,1,1,1,511,2,502,510,0,0
5.099,11,1,1,1,1,511,1,505,509,0,0
5.1,12,1,1,1,1,513,1,511,507,0,0
5.101,13,1,1,1,1,512,1,516,508,0,0
5.102,14,1,1,1,1,511,1,518,509,0,0
5.103,15,1,1,1,1,512,0,513,508,0,0
5.104,0,1,1,1,1,512,1,508,510,0,0
5.105,1,1,1,1,1,512,1,505,511,0,0
5.106,2,1,1,1,1,512,2,510,508,0,0
5.107,3,1,1,1,1,512,1,505,508,0,0
5.108,4,1,1,1,1,510,1,504,508,0,0
5.109,5,1,1,1,1,511,1,508,509,0,0
5.11,6,1,1,1,1,512,1,507,508,0,0
5.111,7,1,1,1,1,512,0,509,507,0,0
5.112,8,1,1,1,1,512,1,504,507,0,0
5.113,9,1,1,1,1,513,1,501,507,0,0
5.114,10,1,1,1,1,510,2,508,508,0,0
5.115,11,1,1,1,1,512,1,514,508,0,0
5.116,12,1,1,1,1,509,1,510,508,0,0
5.117,13,1,1,1,1,511,1,510,510,0,0
5.118,14,1,1,1,1,510,1,510,510,0,0
5.119,15,1,1,1,1,510,1,521,508,0,0
5.12,0,1,1,1,1,513,1,522,508,0,0
5.121,1,1,1,1,1,513,1,522,508,0,0
5.122,2,1,1,1,1,512,2,515,511,0,0
5.123,3,1,1,1,1,512,1,519,510,0,0
5.124,4,1,1,1,1,512,1,516,510,0,0
5.125,5,1,1,1,1,511,1,520,505,0,0
5.126,6,1,1,1,1,512,1,519,508,0,0
5.127,7,1,1,1,1,510,1,515,505,0,0
5.128,8,1,1,1,1,512,1,510,509,0,0
5.129,9,1,1,1,1,511,1,504,510,0,0
5.13,10,1,1,1,1,514,2,503,508,0,0
5.131,11,1,1,1,1,509,1,496,508,0,0
5.132,12,1,1,1,1,512,1,503,508,0,0
5.133,13,1,1,1,1,512,1,507,508,0,0
5.134,14,1,1,1,1,510,1,511,507,0,0
5.135,15,1,1,1,1,512,1,516,508,0,0
5.136,0,1,1,1,1,511,1,513,506,0,0
5.137,1,1,1,1,1,512,1,510,508,0,0
5.138,2,1,1,1,1,513,2,507,505,0,0
5.139,3,1,1,1,1,512,1,506,505,0,0
5.14,4,1,1,1,1,512,0,512,508,0,0
5.141,5,1,1,1,1,512,1,509,508,0,0
5.142,6,1,1,1,1,511,1,511,508,0,0
5.143,7,1,1,1,1,512,1,515,508,0,0
5.144,8,1,1,1,1,511,1,512,508,0,0
5.145,9,1,1,1,1,512,1,520,508,0,0
5.146,10,1,1,1,1,512,2,517,509,0,0
5.147,11,1,1,1,1,511,1,509,510,0,0
5.148,12,1,1,1,1,512,0,508,512,0,0
5.149,13,1,1,1,1,511,1,508,513,0,0
5.15,14,1,1,1,1,511,1,508,511,0,0
5.151,15,1,1,1,1,510,1,503,511,0,0
5.152,0,1,1,1,1,510,1,517,511,0,0
5.153,1,1,1,1,1,511,1,508,509,0,0
5.154,2,1,1,1,1,511,2,505,508,0,0
5.155,3,1,1,1,1,511,1,502,509,0,0
5.156,4,1,1,1,1,512,0,510,506,0,0
5.157,5,1,1,1,1,511,1,503,504,0,0
5.158,6,1,1,1,1,511,1,505,503,0,0
5.159,7,1,1,1,1,512,1,508,506,0,0
5.16,8,1,1,1,1,510,1,521,508,0,0
5.161,9,1,1,1,1,508,1,520,508,0,0
5.162,10,1,1,1,1,512,1,520,509,0,0
5.163,11,1,1,1,1,511,1,523,508,0,0
5.164,12,1,1,1,1,512,1,515,512,0,0
5.165,13,1,1,1,1,512,1,513,510,0,0
5.166,14,1,1,1,1,512,1,512,511,0,0
5.167,15,1,1,1,1,511,1,514,510,0,0
5.168,0,1,1,1,1,510,1,510,506,0,0
5.169,1,1,1,1,1,512,1,508,506,0,0
5.17,2,1,1,1,1,510,1,513,510,0,0
5.171,3,1,1,1,1,512,1,513,509,0,0
5.172,4,1,1,1,1,512,1,514,507,0,0
5.173,5,1,1,1,1,512,1,512,508,0,0
5.174,6,1,1,1,1,511,1,514,510,0,0
5.175,7,1,1,1,1,511,1,519,507,0,0
5.176,8,1,1,1,1,511,1,515,507,0,0
5.177,9,1,1,1,1,513,1,518,508,0,0
5.178,10,1,1,1,1,512,1,513,508,0,0
5.179,11,1,1,1,1,510,1,515,508,0,0
5.18,12,1,1,1,1,511,1,516,509,0,0
5.181,13,1,1,1,1,511,1,513,507,0,0
5.182,14,1,1,1,1,511,1,517,510,0,0
5.183,15,1,1,1,1,511,1,513,510,0,0
5.184,0,1,1,1,1,510,1,510,510,0,0
5.185,1,1,1,1,1,512,1,512,509,0,0
5.186,2,1,1,1,1,512,2,502,510,0,0
5.187,3,1,1,1,1,512,1,504,508,0,0
5.188,4,1,1,1,1,510,0,509,508,0,0
5.189,5,1,1,1,1,511,1,508,506,0,0
5.19,6,1,1,1,1,513,1,508,508,0,0
5.191,7,1,1,1,1,512,1,504,507,0,0
5.192,8,1,1,1,1,512,1,501,508,0,0
5.193,9,1,1,1,1,512,1,493,508,0,0
5.194,10,1,1,1,1,510,2,497,507,0,0
5.195,11,1,1,1,1,512,1,508,508,0,0
5.196,12,1,1,1,1,510,0,500,507,0,0
5.197,13,1,1,1,1,511,1,497,509,0,0
5.198,14,1,1,1,1,512,1,499,510,0,0
5.199,15,1,1,1,1,512,1,506,510,0,0
5.2,0,1,1,1,1,511,1,509,510,0,0
5.201,1,1,1,1,1,510,1,511,508,0,0
5.202,2,1,1,1,1,512,2,518,507,0,0
5.203,3,1,1,1,1,512,1,518,506,0,0
5.204,4,1,1,1,1,511,0,511,509,0,0
5.205,5,1,1,1,1,512,1,515,509,0,0
5.206,6,1,1,1,1,511,1,509,508,0,0
5.207,7,1,1,1,1,510,1,513,508,0,0
5.208,8,1,1,1,1,511,1,517,508,0,0
5.209,9,1,1,1,1,511,1,521,508,0,0
5.21,10,1,1,1,1,511,2,518,509,0,0
5.211,11,1,1,1,1,512,1,512,507,0,0
5.212,12,1,1,1,1,513,1,510,510,0,0
5.213,13,1,1,1,1,510,1,513,510,0,0
5.214,14,1,1,1,1,512,1,508,510,0,0
5.215,15,1,1,1,1,512,1,511,510,0,0
5.216,0,1,1,1,1,511,1,512,508,0,0
5.217,1,1,1,1,1,511,1,515,507,0,0
5.218,2,1,1,1,1,513,2,517,506,0,0
5.219,3,1,1,1,1,511,1,513,512,0,0
5.22,4,1,1,1,1,510,1,512,511,0,0
5.221,5,1,1,1,1,510,1,516,510,0,0
5.222,6,1,1,1,1,513,1,518,509,0,0
5.223,7,1,1,1,1,513,1,516,506,0,0
5.224,8,1,1,1,1,512,1,513,508,0,0
5.225,9,1,1,1,1,513,1,514,508,0,0
5.226,10,1,1,1,1,511,2,510,507,0,0
5.227,11,1,1,1,1,511,1,505,507,0,0
5.228,12,1,1,1,1,512,1,501,507,0,0
5.229,13,1,1,1,1,511,1,507,508,0,0
5.23,14,1,1,1,1,512,1,508,509,0,0
5.231,15,1,1,1,1,511,0,515,508,0,0
5.232,0,1,1,1,1,511,1,508,510,0,0
5.233,1,1,1,1,1,510,1,512,509,0,0
5.234,2,1,1,1,1,512,2,513,506,0,0
5.235,3,1,1,1,1,512,1,513,508,0,0
5.236,4,1,1,1,1,512,1,507,509,0,0
5.237,5,1,1,1,1,512,1,491,506,0,0
5.238,6,1,1,1,1,512,1,493,508,0,0
5.239,7,1,1,1,1,514,0,495,508,0,0
5.24,8,1,1,1,1,511,1,489,508,0,0
5.241,9,1,1,1,1,510,1,495,508,0,0
5.242,10,1,1,1,1,512,2,504,509,0,0
5.243,11,1,1,1,1,510,1,512,511,0,0
5.244,12,1,1,1,1,512,1,511,508,0,0
5.245,13,1,1,1,1,511,1,508,508,0,0
5.246,14,1,1,1,1,511,1,504,509,0,0
5.247,15,1,1,1,1,512,0,510,510,0,0
5.248,0,1,1,1,1,510,1,506,509,0,0
5.249,1,1,1,1,1,512,1,511,508,0,0
5.25,2,1,1,1,1,513,2,516,508,0,0
5.251,3,1,1,1,1,510,1,514,508,0,0
5.252,4,1,1,1,1,511,1,521,509,0,0
5.253,5,1,1,1,1,512,1,511,508,0,0
5.254,6,1,1,1,1,511,1,515,508,0,0
5.255,7,1,1,1,1,511,1,510,508,0,0
5.256,8,1,1,1,1,511,1,509,509,0,0
5.257,9,1,1,1,1,511,1,511,505,0,0
5.258,10,1,1,1,1,510,2,512,506,0,0
5.259,11,1,1,1,1,512,1,514,508,0,0
5.26,12,1,1,1,1,511,1,504,507,0,0
5.261,13,1,1,1,1,511,1,502,507,0,0
5.262,14,1,1,1,1,512,1,509,508,0,0
5.263,15,1,1,1,1,511,1,517,510,0,0
5.264,0,1,1,1,1,515,1,517,509,0,0
5.265,1,1,1,1,1,510,1,514,509,0,0
5.266,2,1,1,1,1,511,2,511,509,0,0
5.267,3,1,1,1,1,512,1,512,510,0,0
5.268,4,1,1,1,1,508,1,516,510,0,0
5.269,5,1,1,1,1,511,1,512,510,0,0
5.27,6,1,1,1,1,509,1,516,508,0,0
5.271,7,1,1,1,1,511,1,519,507,0,0
5.272,8,1,1,1,1,511,1,524,509,0,0
5.273,9,1,1,1,1,512,1,514,508,0,0
5.274,10,1,1,1,1,511,1,523,508,0,0
5.275,11,1,1,1,1,511,1,518,508,0,0
5.276,12,1,1,1,1,512,1,510,509,0,0
5.277,13,1,1,1,1,511,1,513,509,0,0
5.278,14,1,1,1,1,510,1,509,509,0,0
5.279,15,1,1,1,1,511,1,510,508,0,0
5.28,0,1,1,1,1,511,1,513,506,0,0
5.281,1,1,1,1,1,511,1,504,509,0,0
5.282,2,1,1,1,1,512,1,506,508,0,0
5.283,3,1,1,1,1,513,1,508,509,0,0
5.284,4,1,1,1,1,512,1,512,507,0,0
5.285,5,1,1,1,1,511,1,516,508,0,0
5.286,6,1,1,1,1,512,1,512,505,0,0
5.287,7,1,1,1,1,511,1,512,506,0,0
5.288,8,1,1,1,1,512,1,518,507,0,0
5.289,9,1,1,1,1,512,1,512,508,0,0
5.29,10,1,1,1,1,511,1,511,509,0,0
5.291,11,1,1,1,1,508,1,510,512,0,0
5.292,12,1,1,1,1,512,1,508,510,0,0
5.293,13,1,1,1,1,513,1,507,512,0,0
5.294,14,1,1,1,1,511,1,512,512,0,0
5.295,15,1,1,1,1,511,1,510,511,0,0
5.296,0,1,1,1,1,511,1,506,507,0,0
5.297,1,1,1,1,1,511,1,508,507,0,0
5.298,2,1,1,1,1,513,2,522,506,0,0
5.299,3,1,1,1,1,512,1,527,508,0,0
5.3,4,1,1,1,1,511,1,526,508,0,0
5.301,5,1,1,1,1,511,1,524,510,0,0
5.302,6,1,1,1,1,514,1,521,509,0,0
5.303,7,1,1,1,1,511,1,519,509,0,0
5.304,8,1,1,1,1,511,1,513,507,0,0
5.305,9,1,1,1,1,512,1,519,506,0,0
5.306,10,1,1,1,1,512,2,524,505,0,0
5.307,11,1,1,1,1,513,1,520,509,0,0
5.308,12,1,1,1,1,512,1,515,508,0,0
5.309,13,1,1,1,1,511,1,503,509,0,0
5.31,14,1,1,1,1,510,1,506,507,0,0
5.311,15,1,1,1,1,512,1,503,507,0,0
5.312,0,1,1,1,1,513,1,490,510,0,0
5.313,1,1,1,1,1,511,1,487,511,0,0
5.314,2,1,1,1,1,511,2,491,506,0,0
5.315,3,1,1,1,1,512,1,495,508,0,0
5.316,4,1,1,1,1,509,1,497,507,0,0
5.317,5,1,1,1,1,510,1,502,509,0,0
5.318,6,1,1,1,1,511,1,508,509,0,0
5.319,7,1,1,1,1,512,0,507,509,0,0
5.32,8,1,1,1,1,511,1,505,507,0,0
5.321,9,1,1,1,1,511,1,506,508,0,0
5.322,10,1,1,1,1,513,2,515,512,0,0
5.323,11,1,1,1,1,512,1,508,510,0,0
5.324,12,1,1,1,1,512,1,511,510,0,0
5.325,13,1,1,1,1,511,1,507,509,0,0
5.326,14,1,1,1,1,511,1,512,508,0,0
5.327,15,1,1,1,1,512,0,515,507,0,0
5.328,0,1,1,1,1,511,1,508,508,0,0
5.329,1,1,1,1,1,511,1,501,507,0,0
5.33,2,1,1,1,1,512,2,504,508,0,0
5.331,3,1,1,1,1,512,1,503,508,0,0
5.332,4,1,1,1,1,512,1,510,508,0,0
5.333,5,1,1,1,1,511,1,520,508,0,0
5.334,6,1,1,1,1,512,1,520,507,0,0
5.335,7,1,1,1,1,512,0,515,508,0,0
5.336,8,1,1,1,1,514,1,513,508,0,0
5.337,9,1,1,1,1,513,1,512,508,0,0
5.338,10,1,1,1,1,511,2,520,507,0,0
5.339,11,1,1,1,1,512,1,515,508,0,0
5.34,12,1,1,1,1,510,1,515,510,0,0
5.341,13,1,1,1,1,511,1,517,509,0,0
5.342,14,1,1,1,1,511,1,514,509,0,0
5.343,15,1,1,1,1,511,1,508,508,0,0
5.344,0,1,1,1,1,510,1,506,508,0,0
5.345,1,1,1,1,1,512,1,503,508,0,0
5.346,2,1,1,1,1,510,2,506,508,0,0
5.347,3,1,1,1,1,512,1,508,510,0,0
5.348,4,1,1,1,1,511,1,515,510,0,0
5.349,5,1,1,1,1,512,1,512,506,0,0
5.35,6,1,1,1,1,511,1,500,508,0,0
5.351,7,1,1,1,1,510,1,492,510,0,0
5.352,8,1,1,1,1,512,1,503,506,0,0
5.353,9,1,1,1,1,513,1,517,507,0,0
5.354,10,1,1,1,1,512,2,518,509,0,0
5.355,11,1,1,1,1,511,1,513,509,0,0
5.356,12,1,1,1,1,511,1,516,510,0,0
5.357,13,1,1,1,1,512,1,508,508,0,0
5.358,14,1,1,1,1,510,1,510,507,0,0
5.359,15,1,1,1,1,511,1,509,508,0,0
5.36,0,1,1,1,1,512,1,504,507,0,0
5.361,1,1,1,1,1,511,1,504,508,0,0
5.362,2,1,1,1,1,512,2,510,509,0,0
5.363,3,1,1,1,1,511,1,515,510,0,0
5.364,4,1,1,1,1,509,0,509,508,0,0
5.365,5,1,1,1,1,511,1,506,508,0,0
5.366,6,1,1,1,1,511,1,500,510,0,0
5.367,7,1,1,1,1,511,1,508,508,0,0
5.368,8,1,1,1,1,512,1,501,509,0,0
5.369,9,1,1,1,1,514,1,505,507,0,0
5.37,10,1,1,1,1,512,2,522,508,0,0
5.371,11,1,1,1,1,514,1,533,507,0,0
5.372,12,1,1,1,1,511,0,519,509,0,0
5.373,13,1,1,1,1,511,1,526,510,0,0
5.374,14,1,1,1,1,512,1,520,509,0,0
5.375,15,1,1,1,1,512,1,519,510,0,0
5.376,0,1,1,1,1,511,1,521,506,0,0
5.377,1,1,1,1,1,509,1,523,507,0,0
5.378,2,1,1,1,1,508,2,523,510,0,0
5.379,3,1,1,1,1,512,1,520,510,0,0
5.38,4,1,1,1,1,511,1,520,511,0,0
5.381,5,1,1,1,1,511,1,520,509,0,0
5.382,6,1,1,1,1,512,1,509,508,0,0
5.383,7,1,1,1,1,512,1,502,508,0,0
5.384,8,1,1,1,1,512,1,500,506,0,0
5.385,9,1,1,1,1,513,1,496,509,0,0
5.386,10,1,1,1,1,509,1,497,508,0,0
5.387,11,1,1,1,1,510,1,496,508,0,0
5.388,12,1,1,1,1,509,1,495,509,0,0
5.389,13,1,1,1,1,511,1,496,509,0,0
5.39,14,1,1,1,1,513,1,502,509,0,0
5.391,15,1,1,1,1,513,1,507,509,0,0
5.392,0,1,1,1,1,512,1,498,508,0,0
5.393,1,1,1,1,1,513,1,506,507,0,0
5.394,2,1,1,1,1,511,1,502,505,0,0
5.395,3,1,1,1,1,511,1,503,507,0,0
5.396,4,1,1,1,1,512,1,498,510,0,0
5.397,5,1,1,1,1,510,1,509,507,0,0
5.398,6,1,1,1,1,511,1,507,509,0,0
5.399,7,1,1,1,1,514,1,513,510,0,0
5.4,8,1,1,1,1,513,1,509,508,0,0
5.401,9,1,1,1,1,511,1,509,508,0,0
5.402,10,1,1,1,1,511,2,503,510,0,0
5.403,11,1,1,1,1,510,1,500,511,0,0
5.404,12,1,1,1,1,510,0,511,510,0,0
5.405,13,1,1,1,1,511,1,518,509,0,0
5.406,14,1,1,1,1,511,1,515,508,0,0
5.407,15,1,1,1,1,511,1,511,507,0,0
5.408,0,1,1,1,1,513,1,518,507,0,0
5.409,1,1,1,1,1,514,1,515,509,0,0
5.41,2,1,1,1,1,513,2,507,508,0,0
5.411,3,1,1,1,1,511,1,508,508,0,0
5.412,4,1,1,1,1,512,0,518,507,0,0
5.413,5,1,1,1,1,511,1,510,507,0,0
5.414,6,1,1,1,1,510,1,507,509,0,0
5.415,7,1,1,1,1,511,1,516,509,0,0
5.416,8,1,1,1,1,512,1,512,510,0,0
5.417,9,1,1,1,1,512,1,514,510,0,0
5.418,10,1,1,1,1,511,2,508,509,0,0
5.419,11,1,1,1,1,511,1,511,510,0,0
5.42,12,1,1,1,1,511,0,514,511,0,0
5.421,13,1,1,1,1,511,1,510,508,0,0
5.422,14,1,1,1,1,511,1,505,507,0,0
5.423,15,1,1,1,1,512,1,503,505,0,0
5.424,0,1,1,1,1,512,1,503,508,0,0
5.425,1,1,1,1,1,511,1,507,508,0,0
5.426,2,1,1,1,1,511,2,504,509,0,0
5.427,3,1,1,1,1,512,1,511,509,0,0
5.428,4,1,1,1,1,511,1,514,508,0,0
5.429,5,1,1,1,1,511,1,517,508,0,0
5.43,6,1,1,1,1,513,1,515,511,0,0
5.431,7,1,1,1,1,512,1,512,508,0,0
5.432,8,1,1,1,1,511,1,510,509,0,0
5.433,9,1,1,1,1,512,1,504,508,0,0
5.434,10,1,1,1,1,511,2,503,508,0,0
5.435,11,1,1,1,1,511,1,510,508,0,0
5.436,12,1,1,1,1,512,1,514,507,0,0
5.437,13,1,1,1,1,511,1,519,509,0,0
5.438,14,1,1,1,1,511,1,521,508,0,0
5.439,15,1,1,1,1,511,1,513,509,0,0
5.44,0,1,1,1,1,513,1,508,507,0,0
5.441,1,1,1,1,1,512,1,517,510,0,0
5.442,2,1,1,1,1,512,2,512,509,0,0
5.443,3,1,1,1,1,512,1,505,510,0,0
5.444,4,1,1,1,1,511,1,504,508,0,0
5.445,5,1,1,1,1,511,1,508,508,0,0
5.446,6,1,1,1,1,511,1,510,507,0,0
5.447,7,1,1,1,1,510,0,513,507,0,0
5.448,8,1,1,1,1,510,1,515,505,0,0
5.449,9,1,1,1,1,511,1,510,508,0,0
5.45,10,1,1,1,1,513,2,512,509,0,0
5.451,11,1,1,1,1,514,1,509,510,0,0
5.452,12,1,1,1,1,512,1,517,509,0,0
5.453,13,1,1,1,1,510,1,521,508,0,0
5.454,14,1,1,1,1,511,1,522,509,0,0
5.455,15,1,1,1,1,513,0,519,512,0,0
5.456,0,1,1,1,1,511,1,510,511,0,0
5.457,1,1,1,1,1,510,1,512,510,0,0
5.458,2,1,1,1,1,511,2,509,508,0,0
5.459,3,1,1,1,1,511,1,507,507,0,0
5.46,4,1,1,1,1,511,1,503,506,0,0
5.461,5,1,1,1,1,511,1,499,507,0,0
5.462,6,1,1,1,1,513,1,504,509,0,0
5.463,7,1,1,1,1,511,0,510,508,0,0
5.464,8,1,1,1,1,511,1,504,509,0,0
5.465,9,1,1,1,1,511,1,487,510,0,0
5.466,10,1,1,1,1,510,2,482,509,0,0
5.467,11,1,1,1,1,511,1,485,509,0,0
5.468,12,1,1,1,1,511,1,497,508,0,0
5.469,13,1,1,1,1,511,1,503,510,0,0
5.47,14,1,1,1,1,512,1,510,508,0,0
5.471,15,1,1,1,1,511,1,501,506,0,0
5.472,0,1,1,1,1,511,1,511,509,0,0
5.473,1,1,1,1,1,512,1,516,509,0,0
5.474,2,1,1,1,1,511,2,515,509,0,0
5.475,3,1,1,1,1,512,1,518,505,0,0
5.476,4,1,1,1,1,510,1,514,507,0,0
5.477,5,1,1,1,1,514,1,512,510,0,0
5.478,6,1,1,1,1,513,1,515,510,0,0
5.479,7,1,1,1,1,514,1,513,508,0,0
5.48,8,1,1,1,1,510,1,513,508,0,0
5.481,9,1,1,1,1,512,1,519,508,0,0
5.482,10,1,1,1,1,511,2,523,508,0,0
5.483,11,1,1,1,1,512,1,527,508,0,0
5.484,12,1,1,1,1,511,1,524,506,0,0
5.485,13,1,1,1,1,511,1,524,508,0,0
5.486,14,1,1,1,1,510,1,521,509,0,0
5.487,15,1,1,1,1,513,1,512,508,0,0
5.488,0,1,1,1,1,513,1,509,506,0,0
5.489,1,1,1,1,1,511,1,507,509,0,0
5.49,2,1,1,1,1,512,1,509,509,0,0
5.491,3,1,1,1,1,513,1,515,509,0,0
5.492,4,1,1,1,1,513,1,517,510,0,0
5.493,5,1,1,1,1,512,1,509,509,0,0
5.494,6,1,1,1,1,510,1,510,509,0,0
5.495,7,1,1,1,1,512,1,510,508,0,0
5.496,8,1,1,1,1,508,1,504,510,0,0
5.497,9,1,1,1,1,511,1,504,510,0,0
5.498,10,1,1,1,1,511,1,498,508,0,0
5.499,11,1,1,1,1,511,1,502,510,0,0
5.5,12,1,1,1,1,512,1,508,508,0,0
5.501,13,1,1,1,1,511,1,512,508,0,0
5.502,14,1,1,1,1,510,1,511,506,0,0
5.503,15,1,1,1,1,510,1,513,510,0,0
5.504,0,1,1,1,1,511,1,506,507,0,0
5.505,1,1,1,1,1,513,1,502,505,0,0
5.506,2,1,1,1,1,512,1,511,509,0,0
5.507,3,1,1,1,1,511,1,522,509,0,0
5.508,4,1,1,1,1,510,1,516,508,0,0
5.509,5,1,1,1,1,512,1,510,508,0,0
5.51,6,1,1,1,1,511,1,507,509,0,0
5.511,7,1,1,1,1,511,1,508,510,0,0
5.512,8,1,1,1,1,511,1,510,507,0,0
5.513,9,1,1,1,1,511,1,513,508,0,0
5.514,10,1,1,1,1,510,2,516,509,0,0
5.515,11,1,1,1,1,511,1,512,508,0,0
5.516,12,1,1,1,1,510,1,517,509,0,0
5.517,13,1,1,1,1,511,1,517,506,0,0
5.518,14,1,1,1,1,511,1,515,508,0,0
5.519,15,1,1,1,1,511,1,517,509,0,0
5.52,0,1,1,1,1,512,1,520,510,0,0
5.521,1,1,1,1,1,512,1,517,509,0,0
5.522,2,1,1,1,1,511,2,511,509,0,0
5.523,3,1,1,1,1,511,1,511,510,0,0
5.524,4,1,1,1,1,510,1,513,509,0,0
5.525,5,1,1,1,1,512,1,509,509,0,0
5.526,6,1,1,1,1,512,1,508,507,0,0
5.527,7,1,1,1,1,512,1,505,508,0,0
5.528,8,1,1,1,1,512,1,504,508,0,0
5.529,9,1,1,1,1,511,1,505,509,0,0
5.53,10,1,1,1,1,513,2,503,509,0,0
5.531,11,1,1,1,1,511,1,508,512,0,0
5.532,12,1,1,1,1,509,1,500,511,0,0
5.533,13,1,1,1,1,511,1,506,508,0,0
5.534,14,1,1,1,1,509,1,508,507,0,0
5.535,15,1,1,1,1,511,0,515,508,0,0
5.536,0,1,1,1,1,513,1,510,508,0,0
5.537,1,1,1,1,1,512,1,505,509,0,0
5.538,2,1,1,1,1,512,2,508,508,0,0
5.539,3,1,1,1,1,512,1,513,507,0,0
5.54,4,1,1,1,1,514,1,501,505,0,0
5.541,5,1,1,1,1,512,1,502,509,0,0
5.542,6,1,1,1,1,511,1,503,509,0,0
5.543,7,1,1,1,1,510,0,512,508,0,0
5.544,8,1,1,1,1,511,1,512,509,0,0
5.545,9,1,1,1,1,510,1,512,508,0,0
5.546,10,1,1,1,1,511,2,521,510,0,0
5.547,11,1,1,1,1,512,1,515,507,0,0
5.548,12,1,1,1,1,513,1,507,510,0,0
5.549,13,1,1,1,1,512,1,510,509,0,0
5.55,14,1,1,1,1,512,1,507,508,0,0
5.551,15,1,1,1,1,512,0,508,510,0,0
5.552,0,1,1,1,1,511,1,518,507,0,0
5.553,1,1,1,1,1,511,1,520,507,0,0
5.554,2,1,1,1,1,511,2,509,506,0,0
5.555,3,1,1,1,1,511,1,507,510,0,0
5.556,4,1,1,1,1,511,1,510,508,0,0
5.557,5,1,1,1,1,510,1,508,509,0,0
5.558,6,1,1,1,1,511,1,510,508,0,0
5.559,7,1,1,1,1,511,1,506,510,0,0
5.56,8,1,1,1,1,514,1,510,507,0,0
5.561,9,1,1,1,1,512,1,503,510,0,0
5.562,10,1,1,1,1,514,2,499,510,0,0
5.563,11,1,1,1,1,511,1,500,509,0,0
5.564,12,1,1,1,1,511,1,508,511,0,0
5.565,13,1,1,1,1,512,1,510,508,0,0
5.566,14,1,1,1,1,510,1,521,505,0,0
5.567,15,1,1,1,1,511,1,529,508,0,0
5.568,0,1,1,1,1,511,1,529,508,0,0
5.569,1,1,1,1,1,513,1,519,506,0,0
5.57,2,1,1,1,1,510,2,526,508,0,0
5.571,3,1,1,1,1,512,1,510,509,0,0
5.572,4,1,1,1,1,511,1,499,508,0,0
5.573,5,1,1,1,1,511,1,502,509,0,0
5.574,6,1,1,1,1,511,1,503,511,0,0
5.575,7,1,1,1,1,514,1,512,508,0,0
5.576,8,1,1,1,1,512,1,511,507,0,0
5.577,9,1,1,1,1,510,1,510,508,0,0
5.578,10,1,1,1,1,509,2,513,508,0,0
5.579,11,1,1,1,1,512,1,514,510,0,0
5.58,12,1,1,1,1,512,0,519,509,0,0
5.581,13,1,1,1,1,510,1,516,508,0,0
5.582,14,1,1,1,1,513,1,515,509,0,0
5.583,15,1,1,1,1,511,1,512,510,0,0
5.584,0,1,1,1,1,512,1,511,508,0,0
5.585,1,1,1,1,1,511,1,515,507,0,0
5.586,2,1,1,1,1,511,2,506,509,0,0
5.587,3,1,1,1,1,511,1,510,509,0,0
5.588,4,1,1,1,1,512,0,499,510,0,0
5.589,5,1,1,1,1,511,1,497,508,0,0
5.59,6,1,1,1,1,512,1,499,509,0,0
5.591,7,1,1,1,1,512,1,500,508,0,0
5.592,8,1,1,1,1,512,1,498,508,0,0
5.593,9,1,1,1,1,511,1,502,508,0,0
5.594,10,1,1,1,1,511,2,501,507,0,0
5.595,11,1,1,1,1,511,1,505,506,0,0
5.596,12,1,1,1,1,512,0,513,507,0,0
5.597,13,1,1,1,1,513,1,524,509,0,0
5.598,14,1,1,1,1,511,1,521,509,0,0
5.599,15,1,1,1,1,510,1,508,510,0,0
5.6,0,1,1,1,1,510,1,509,512,0,0
5.601,1,1,1,1,1,510,1,503,511,0,0
5.602,2,1,1,1,1,511,1,505,508,0,0
5.603,3,1,1,1,1,510,1,511,508,0,0
5.604,4,1,1,1,1,511,1,515,506,0,0
5.605,5,1,1,1,1,512,1,512,504,0,0
5.606,6,1,1,1,1,510,1,521,507,0,0
5.607,7,1,1,1,1,511,1,519,511,0,0
5.608,8,1,1,1,1,511,1,515,507,0,0
5.609,9,1,1,1,1,510,1,517,508,0,0
5.61,10,1,1,1,1,511,1,515,509,0,0
5.611,11,1,1,1,1,511,1,508,508,0,0
5.612,12,1,1,1,1,510,1,505,510,0,0
5.613,13,1,1,1,1,514,1,510,509,0,0
5.614,14,1,1,1,1,512,1,503,509,0,0
5.615,15,1,1,1,1,512,1,507,509,0,0
5.616,0,1,1,1,1,511,1,512,510,0,0
5.617,1,1,1,1,1,511,1,516,511,0,0
5.618,2,1,1,1,1,511,1,519,508,0,0
5.619,3,1,1,1,1,512,1,515,507,0,0
5.62,4,1,1,1,1,512,0,513,506,0,0
5.621,5,1,1,1,1,510,1,516,509,0,0
5.622,6,1,1,1,1,512,1,503,507,0,0
5.623,7,1,1,1,1,512,1,501,508,0,0
5.624,8,1,1,1,1,512,1,497,508,0,0
5.625,9,1,1,1,1,511,1,519,508,0,0
5.626,10,1,1,1,1,511,2,512,510,0,0
5.627,11,1,1,1,1,512,1,502,509,0,0
5.628,12,1,1,1,1,511,0,497,511,0,0
5.629,13,1,1,1,1,512,1,503,508,0,0
5.63,14,1,1,1,1,510,1,509,508,0,0
5.631,15,1,1,1,1,511,1,513,507,0,0
5.632,0,1,1,1,1,512,1,524,508,0,0
5.633,1,1,1,1,1,512,1,525,507,0,0
5.634,2,1,1,1,1,511,2,527,507,0,0
5.635,3,1,1,1,1,511,1,512,507,0,0
5.636,4,1,1,1,1,512,0,513,508,0,0
5.637,5,1,1,1,1,511,1,515,509,0,0
5.638,6,1,1,1,1,511,1,512,508,0,0
5.639,7,1,1,1,1,512,1,511,508,0,0
5.64,8,1,1,1,1,512,1,509,508,0,0
5.641,9,1,1,1,1,512,1,511,508,0,0
5.642,10,1,1,1,1,512,2,507,508,0,0
5.643,11,1,1,1,1,508,1,502,508,0,0
5.644,12,1,1,1,1,512,1,505,506,0,0
5.645,13,1,1,1,1,511,1,510,508,0,0
5.646,14,1,1,1,1,512,1,510,507,0,0
5.647,15,1,1,1,1,510,1,510,509,0,0
5.648,0,1,1,1,1,511,1,518,510,0,0
5.649,1,1,1,1,1,512,1,518,509,0,0
5.65,2,1,1,1,1,512,2,512,509,0,0
5.651,3,1,1,1,1,510,1,504,510,0,0
5.652,4,1,1,1,1,511,1,502,508,0,0
5.653,5,1,1,1,1,511,1,504,507,0,0
5.654,6,1,1,1,1,513,1,503,507,0,0
5.655,7,1,1,1,1,512,1,502,509,0,0
5.656,8,1,1,1,1,513,1,513,507,0,0
5.657,9,1,1,1,1,510,1,512,509,0,0
5.658,10,1,1,1,1,510,2,509,509,0,0
5.659,11,1,1,1,1,512,1,504,508,0,0
5.66,12,1,1,1,1,512,1,499,509,0,0
5.661,13,1,1,1,1,512,1,499,508,0,0
5.662,14,1,1,1,1,511,1,497,511,0,0
5.663,15,1,1,1,1,511,1,505,508,0,0
5.664,0,1,1,1,1,511,1,516,509,0,0
5.665,1,1,1,1,1,510,1,514,508,0,0
5.666,2,1,1,1,1,513,2,511,510,0,0
5.667,3,1,1,1,1,512,1,508,508,0,0
5.668,4,1,1,1,1,513,1,509,509,0,0
5.669,5,1,1,1,1,512,1,513,507,0,0
5.67,6,1,1,1,1,511,1,515,509,0,0
5.671,7,1,1,1,1,512,0,523,507,0,0
5.672,8,1,1,1,1,512,1,517,508,0,0
5.673,9,1,1,1,1,511,1,508,508,0,0
5.674,10,1,1,1,1,510,2,516,508,0,0
5.675,11,1,1,1,1,513,1,513,508,0,0
5.676,12,1,1,1,1,512,1,511,509,0,0
5.677,13,1,1,1,1,513,1,505,508,0,0
5.678,14,1,1,1,1,511,1,509,507,0,0
5.679,15,1,1,1,1,512,0,510,508,0,0
5.68,0,1,1,1,1,511,1,515,507,0,0
5.681,1,1,1,1,1,512,1,514,508,0,0
5.682,2,1,1,1,1,510,2,513,509,0,0
5.683,3,1,1,1,1,512,1,517,507,0,0
5.684,4,1,1,1,1,511,1,512,509,0,0
5.685,5,1,1,1,1,510,1,510,508,0,0
5.686,6,1,1,1,1,512,1,510,509,0,0
5.687,7,1,1,1,1,512,1,513,508,0,0
5.688,8,1,1,1,1,511,1,508,506,0,0
5.689,9,1,1,1,1,511,1,519,507,0,0
5.69,10,1,1,1,1,511,2,514,510,0,0
5.691,11,1,1,1,1,514,1,516,510,0,0
5.692,12,1,1,1,1,512,1,518,510,0,0
5.693,13,1,1,1,1,511,1,511,509,0,0
5.694,14,1,1,1,1,511,1,513,510,0,0
5.695,15,1,1,1,1,512,1,517,511,0,0
5.696,0,1,1,1,1,511,1,509,507,0,0
5.697,1,1,1,1,1,511,1,506,509,0,0
5.698,2,1,1,1,1,512,2,504,506,0,0
5.699,3,1,1,1,1,511,1,507,508,0,0
5.7,4,1,1,1,1,510,1,511,508,0,0
5.701,5,1,1,1,1,511,1,502,508,0,0
5.702,6,1,1,1,1,511,1,504,508,0,0
5.703,7,1,1,1,1,512,1,503,507,0,0
5.704,8,1,1,1,1,513,1,503,508,0,0
5.705,9,1,1,1,1,513,1,501,508,0,0
5.706,10,1,1,1,1,512,2,505,509,0,0
5.707,11,1,1,1,1,511,1,508,510,0,0
5.708,12,1,1,1,1,511,1,502,508,0,0
5.709,13,1,1,1,1,510,1,504,507,0,0
5.71,14,1,1,1,1,511,1,505,509,0,0
5.711,15,1,1,1,1,512,1,507,510,0,0
5.712,0,1,1,1,1,511,1,507,507,0,0
5.713,1,1,1,1,1,511,1,503,511,0,0
5.714,2,1,1,1,1,512,1,499,508,0,0
5.715,3,1,1,1,1,513,1,507,510,0,0
5.716,4,1,1,1,1,512,1,517,509,0,0
5.717,5,1,1,1,1,512,1,524,511,0,0
5.718,6,1,1,1,1,511,1,522,509,0,0
5.719,7,1,1,1,1,511,1,519,508,0,0
5.72,8,1,1,1,1,511,1,515,507,0,0
5.721,9,1,1,1,1,510,1,523,508,0,0
5.722,10,1,1,1,1,511,1,519,509,0,0
5.723,11,1,1,1,1,511,1,504,507,0,0
5.724,12,1,1,1,1,514,1,496,509,0,0
5.725,13,1,1,1,1,513,1,499,509,0,0
5.726,14,1,1,1,1,513,1,497,507,0,0
5.727,15,1,1,1,1,513,1,511,506,0,0
5.728,0,1,1,1,1,512,1,510,506,0,0
5.729,1,1,1,1,1,512,1,512,510,0,0
5.73,2,1,1,1,1,511,2,519,510,0,0
5.731,3,1,1,1,1,511,1,515,508,0,0
5.732,4,1,1,1,1,512,1,516,510,0,0
5.733,5,1,1,1,1,512,1,508,509,0,0
5.734,6,1,1,1,1,512,1,506,508,0,0
5.735,7,1,1,1,1,510,1,510,508,0,0
5.736,8,1,1,1,1,512,1,515,507,0,0
5.737,9,1,1,1,1,511,1,509,510,0,0
5.738,10,1,1,1,1,513,2,504,509,0,0
5.739,11,1,1,1,1,511,1,507,511,0,0
5.74,12,1,1,1,1,510,1,506,510,0,0
5.741,13,1,1,1,1,512,1,508,506,0,0
5.742,14,1,1,1,1,512,1,509,507,0,0
5.743,15,1,1,1,1,512,1,512,509,0,0
5.744,0,1,1,1,1,512,1,510,509,0,0
5.745,1,1,1,1,1,511,1,514,510,0,0
5.746,2,1,1,1,1,511,2,509,508,0,0
5.747,3,1,1,1,1,511,1,504,510,0,0
5.748,4,1,1,1,1,511,1,500,509,0,0
5.749,5,1,1,1,1,511,1,505,509,0,0
5.75,6,1,1,1,1,510,1,507,507,0,0
5.751,7,1,1,1,1,510,0,508,507,0,0
5.752,8,1,1,1,1,512,1,513,508,0,0
5.753,9,1,1,1,1,512,1,518,510,0,0
5.754,10,1,1,1,1,512,2,518,508,0,0
5.755,11,1,1,1,1,511,1,523,507,0,0
5.756,12,1,1,1,1,513,1,528,507,0,0
5.757,13,1,1,1,1,511,1,528,508,0,0
5.758,14,1,1,1,1,511,1,517,508,0,0
5.759,15,1,1,1,1,512,0,512,511,0,0
5.76,0,1,1,1,1,511,1,512,508,0,0
5.761,1,1,1,1,1,512,1,521,508,0,0
5.762,2,1,1,1,1,512,2,523,509,0,0
5.763,3,1,1,1,1,510,1,515,508,0,0
5.764,4,1,1,1,1,512,1,523,507,0,0
5.765,5,1,1,1,1,511,1,519,508,0,0
5.766,6,1,1,1,1,509,1,508,508,0,0
5.767,7,1,1,1,1,511,0,498,509,0,0
5.768,8,1,1,1,1,512,1,496,510,0,0
5.769,9,1,1,1,1,510,1,508,507,0,0
5.77,10,1,1,1,1,510,2,514,507,0,0
5.771,11,1,1,1,1,512,1,516,507,0,0
5.772,12,1,1,1,1,512,1,510,509,0,0
5.773,13,1,1,1,1,512,1,498,510,0,0
5.774,14,1,1,1,1,513,1,487,509,0,0
5.775,15,1,1,1,1,512,1,486,508,0,0
5.776,0,1,1,1,1,511,1,483,507,0,0
5.777,1,1,1,1,1,512,1,496,507,0,0
5.778,2,1,1,1,1,511,2,505,509,0,0
5.779,3,1,1,1,1,511,1,503,510,0,0
5.78,4,1,1,1,1,512,1,511,508,0,0
5.781,5,1,1,1,1,512,1,517,509,0,0
5.782,6,1,1,1,1,512,1,513,509,0,0
5.783,7,1,1,1,1,511,1,511,508,0,0
5.784,8,1,1,1,1,511,1,508,509,0,0
5.785,9,1,1,1,1,511,1,510,508,0,0
5.786,10,1,1,1,1,512,2,523,510,0,0
5.787,11,1,1,1,1,512,1,524,508,0,0
5.788,12,1,1,1,1,510,1,515,509,0,0
5.789,13,1,1,1,1,509,1,518,508,0,0
5.79,14,1,1,1,1,511,1,513,508,0,0
5.791,15,1,1,1,1,513,1,510,510,0,0
5.792,0,1,1,1,1,512,1,508,512,0,0
5.793,1,1,1,1,1,511,1,516,508,0,0
5.794,2,1,1,1,1,512,2,510,506,0,0
5.795,3,1,1,1,1,512,1,515,508,0,0
5.796,4,1,1,1,1,511,0,504,508,0,0
5.797,5,1,1,1,1,511,1,507,508,0,0
5.798,6,1,1,1,1,511,1,508,507,0,0
5.799,7,1,1,1,1,511,1,508,510,0,0
5.8,8,1,1,1,1,513,1,512,509,0,0
5.801,9,1,1,1,1,510,1,514,510,0,0
5.802,10,1,1,1,1,511,2,517,507,0,0
5.803,11,1,1,1,1,511,1,512,507,0,0
5.804,12,1,1,1,1,512,0,511,510,0,0
5.805,13,1,1,1,1,510,1,502,507,0,0
5.806,14,1,1,1,1,509,1,511,508,0,0
5.807,15,1,1,1,1,512,1,516,509,0,0
5.808,0,1,1,1,1,512,1,514,509,0,0
5.809,1,1,1,1,1,510,1,513,508,0,0
5.81,2,1,1,1,1,512,2,512,506,0,0
5.811,3,1,1,1,1,512,1,511,508,0,0
5.812,4,1,1,1,1,511,0,504,505,0,0
5.813,5,1,1,1,1,512,1,507,510,0,0
5.814,6,1,1,1,1,513,1,505,510,0,0
5.815,7,1,1,1,1,513,1,502,510,0,0
5.816,8,1,1,1,1,512,1,507,508,0,0
5.817,9,1,1,1,1,511,1,506,508,0,0
5.818,10,1,1,1,1,512,1,517,508,0,0
5.819,11,1,1,1,1,511,1,518,509,0,0
5.82,12,1,1,1,1,511,1,523,508,0,0
5.821,13,1,1,1,1,510,1,512,506,0,0
5.822,14,1,1,1,1,514,1,516,507,0,0
5.823,15,1,1,1,1,512,1,510,508,0,0
5.824,0,1,1,1,1,511,1,512,508,0,0
5.825,1,1,1,1,1,510,1,514,510,0,0
5.826,2,1,1,1,1,511,1,506,509,0,0
5.827,3,1,1,1,1,512,1,502,509,0,0
5.828,4,1,1,1,1,510,1,505,507,0,0
5.829,5,1,1,1,1,510,1,498,508,0,0
5.83,6,1,1,1,1,513,1,501,508,0,0
5.831,7,1,1,1,1,513,1,502,508,0,0
5.832,8,1,1,1,1,511,1,500,510,0,0
5.833,9,1,1,1,1,512,1,508,511,0,0
5.834,10,1,1,1,1,511,1,510,509,0,0
5.835,11,1,1,1,1,511,1,513,509,0,0
5.836,12,1,1,1,1,511,1,507,508,0,0
5.837,13,1,1,1,1,511,1,506,509,0,0
5.838,14,1,1,1,1,512,1,515,508,0,0
5.839,15,1,1,1,1,510,1,512,507,0,0
5.84,0,1,1,1,1,512,1,511,507,0,0
5.841,1,1,1,1,1,511,1,510,507,0,0
5.842,2,1,1,1,1,511,2,520,509,0,0
5.843,3,1,1,1,1,510,1,517,507,0,0
5.844,4,1,1,1,1,511,0,503,509,0,0
5.845,5,1,1,1,1,511,1,499,508,0,0
5.846,6,1,1,1,1,512,1,502,506,0,0
5.847,7,1,1,1,1,510,1,508,507,0,0
5.848,8,1,1,1,1,512,1,519,511,0,0
5.849,9,1,1,1,1,513,1,518,510,0,0
5.85,10,1,1,1,1,512,2,514,508,0,0
5.851,11,1,1,1,1,512,1,512,510,0,0
5.852,12,1,1,1,1,512,0,506,509,0,0
5.853,13,1,1,1,1,512,1,507,507,0,0
5.854,14,1,1,1,1,510,1,512,508,0,0
5.855,15,1,1,1,1,511,1,511,509,0,0
5.856,0,1,1,1,1,510,1,511,510,0,0
5.857,1,1,1,1,1,511,1,516,509,0,0
5.858,2,1,1,1,1,511,2,516,507,0,0
5.859,3,1,1,1,1,512,1,513,508,0,0
5.86,4,1,1,1,1,511,0,514,508,0,0
5.861,5,1,1,1,1,511,1,509,511,0,0
5.862,6,1,1,1,1,512,1,512,509,0,0
5.863,7,1,1,1,1,510,1,509,508,0,0
5.864,8,1,1,1,1,510,1,512,509,0,0
5.865,9,1,1,1,1,512,1,513,510,0,0
5.866,10,1,1,1,1,511,2,518,508,0,0
5.867,11,1,1,1,1,510,1,512,507,0,0
5.868,12,1,1,1,1,512,1,516,509,0,0
5.869,13,1,1,1,1,512,1,514,506,0,0
5.87,14,1,1,1,1,512,1,514,508,0,0
5.871,15,1,1,1,1,512,1,506,508,0,0
5.872,0,1,1,1,1,513,1,503,508,0,0
5.873,1,1,1,1,1,512,1,505,509,0,0
5.874,2,1,1,1,1,509,2,505,508,0,0
5.875,3,1,1,1,1,512,1,501,509,0,0
5.876,4,1,1,1,1,512,1,508,511,0,0
5.877,5,1,1,1,1,511,1,504,508,0,0
5.878,6,1,1,1,1,511,1,503,507,0,0
5.879,7,1,1,1,1,511,1,503,509,0,0
5.88,8,1,1,1,1,511,1,511,508,0,0
5.881,9,1,1,1,1,512,1,518,508,0,0
5.882,10,1,1,1,1,511,2,503,507,0,0
5.883,11,1,1,1,1,511,1,503,506,0,0
5.884,12,1,1,1,1,512,1,508,509,0,0
5.885,13,1,1,1,1,512,1,515,510,0,0
5.886,14,1,1,1,1,511,1,516,510,0,0
5.887,15,1,1,1,1,512,0,510,509,0,0
5.888,0,1,1,1,1,511,1,512,508,0,0
5.889,1,1,1,1,1,510,1,511,510,0,0
5.89,2,1,1,1,1,512,2,512,506,0,0
5.891,3,1,1,1,1,511,1,506,508,0,0
5.892,4,1,1,1,1,513,1,517,508,0,0
5.893,5,1,1,1,1,512,1,511,508,0,0
5.894,6,1,1,1,1,511,1,516,509,0,0
5.895,7,1,1,1,1,511,0,519,508,0,0
5.896,8,1,1,1,1,511,1,509,509,0,0
5.897,9,1,1,1,1,510,1,506,508,0,0
5.898,10,1,1,1,1,510,2,506,508,0,0
5.899,11,1,1,1,1,512,1,512,509,0,0
5.9,12,1,1,1,1,512,1,508,510,0,0
5.901,13,1,1,1,1,512,1,514,510,0,0
5.902,14,1,1,1,1,512,1,518,509,0,0
5.903,15,1,1,1,1,511,0,521,510,0,0
5.904,0,1,1,1,1,512,1,512,508,0,0
5.905,1,1,1,1,1,512,1,513,508,0,0
5.906,2,1,1,1,1,513,2,510,507,0,0
5.907,3,1,1,1,1,511,1,511,508,0,0
5.908,4,1,1,1,1,513,1,511,510,0,0
5.909,5,1,1,1,1,512,1,519,508,0,0
5.91,6,1,1,1,1,512,1,519,509,0,0
5.911,7,1,1,1,1,511,1,513,507,0,0
5.912,8,1,1,1,1,510,1,516,509,0,0
5.913,9,1,1,1,1,510,1,509,508,0,0
5.914,10,1,1,1,1,510,2,508,507,0,0
5.915,11,1,1,1,1,510,1,515,506,0,0
5.916,12,1,1,1,1,511,1,519,507,0,0
5.917,13,1,1,1,1,512,1,521,508,0,0
5.918,14,1,1,1,1,512,1,507,509,0,0
5.919,15,1,1,1,1,512,1,508,510,0,0
5.92,0,1,1,1,1,513,1,506,508,0,0
5.921,1,1,1,1,1,511,1,513,507,0,0
5.922,2,1,1,1,1,512,2,518,508,0,0
5.923,3,1,1,1,1,512,1,520,510,0,0
5.924,4,1,1,1,1,511,1,510,509,0,0
5.925,5,1,1,1,1,511,1,512,509,0,0
5.926,6,1,1,1,1,511,1,505,507,0,0
5.927,7,1,1,1,1,512,1,503,507,0,0
5.928,8,1,1,1,1,511,1,500,510,0,0
5.929,9,1,1,1,1,511,1,500,509,0,0
5.93,10,1,1,1,1,510,1,505,509,0,0
5.931,11,1,1,1,1,512,1,500,508,0,0
5.932,12,1,1,1,1,512,1,505,508,0,0
5.933,13,1,1,1,1,512,1,507,508,0,0
5.934,14,1,1,1,1,513,1,508,508,0,0
5.935,15,1,1,1,1,512,1,514,510,0,0
5.936,0,1,1,1,1,512,1,506,507,0,0
5.937,1,1,1,1,1,512,1,512,507,0,0
5.938,2,1,1,1,1,511,1,514,506,0,0
5.939,3,1,1,1,1,509,1,513,510,0,0
5.94,4,1,1,1,1,512,1,507,507,0,0
5.941,5,1,1,1,1,513,1,513,510,0,0
5.942,6,1,1,1,1,512,1,515,509,0,0
5.943,7,1,1,1,1,511,1,508,508,0,0
5.944,8,1,1,1,1,510,1,502,508,0,0
5.945,9,1,1,1,1,510,1,502,509,0,0
5.946,10,1,1,1,1,510,1,501,509,0,0
5.947,11,1,1,1,1,511,1,506,509,0,0
5.948,12,1,1,1,1,512,1,510,510,0,0
5.949,13,1,1,1,1,513,1,509,510,0,0
5.95,14,1,1,1,1,512,1,509,508,0,0
5.951,15,1,1,1,1,513,1,515,508,0,0
5.952,0,1,1,1,1,513,1,509,508,0,0
5.953,1,1,1,1,1,513,1,509,508,0,0
5.954,2,1,1,1,1,512,2,504,505,0,0
5.955,3,1,1,1,1,511,1,499,507,0,0
5.956,4,1,1,1,1,512,1,501,508,0,0
5.957,5,1,1,1,1,512,1,514,509,0,0
5.958,6,1,1,1,1,511,1,507,509,0,0
5.959,7,1,1,1,1,511,1,502,509,0,0
5.96,8,1,1,1,1,512,1,510,510,0,0
5.961,9,1,1,1,1,509,1,508,510,0,0
5.962,10,1,1,1,1,512,2,512,509,0,0
5.963,11,1,1,1,1,512,1,521,509,0,0
5.964,12,1,1,1,1,512,1,510,507,0,0
5.965,13,1,1,1,1,510,1,515,508,0,0
5.966,14,1,1,1,1,512,1,517,507,0,0
5.967,15,1,1,1,1,513,1,514,508,0,0
5.968,0,1,1,1,1,512,1,523,508,0,0
5.969,1,1,1,1,1,511,1,522,507,0,0
5.97,2,1,1,1,1,511,2,524,507,0,0
5.971,3,1,1,1,1,511,1,511,508,0,0
5.972,4,1,1,1,1,513,1,505,509,0,0
5.973,5,1,1,1,1,511,1,502,508,0,0
5.974,6,1,1,1,1,512,1,500,506,0,0
5.975,7,1,1,1,1,510,0,513,508,0,0
5.976,8,1,1,1,1,512,1,512,508,0,0
5.977,9,1,1,1,1,511,1,507,508,0,0
5.978,10,1,1,1,1,512,2,503,509,0,0
5.979,11,1,1,1,1,512,1,508,508,0,0
5.98,12,1,1,1,1,511,1,505,509,0,0
5.981,13,1,1,1,1,510,1,502,510,0,0
5.982,14,1,1,1,1,512,1,513,509,0,0
5.983,15,1,1,1,1,511,0,509,509,0,0
5.984,0,1,1,1,1,511,1,519,509,0,0
5.985,1,1,1,1,1,511,1,510,509,0,0
5.986,2,1,1,1,1,510,2,519,509,0,0
5.987,3,1,1,1,1,511,1,516,511,0,0
5.988,4,1,1,1,1,511,1,511,507,0,0
5.989,5,1,1,1,1,511,1,510,508,0,0
5.99,6,1,1,1,1,511,1,508,506,0,0
5.991,7,1,1,1,1,511,0,508,506,0,0
5.992,8,1,1,1,1,512,1,504,506,0,0
5.993,9,1,1,1,1,513,1,507,507,0,0
5.994,10,1,1,1,1,511,2,504,508,0,0
5.995,11,1,1,1,1,512,1,503,509,0,0
5.996,12,1,1,1,1,511,1,514,510,0,0
5.997,13,1,1,1,1,512,1,512,506,0,0
5.998,14,1,1,1,1,512,1,509,510,0,0
5.999,15,1,1,1,1,513,1,513,508,0,0
6.0,0,1,1,1,1,512,1,502,507,0,0
6.001,1,1,1,1,1,510,1,505,510,0,0
6.002,2,1,1,1,1,511,2,513,508,0,0
6.003,3,1,1,1,1,510,1,510,507,0,0
6.004,4,1,1,1,1,512,1,508,508,0,0
6.005,5,1,1,1,1,512,1,514,510,0,0
6.006,6,1,1,1,1,511,1,512,510,0,0
6.007,7,1,1,1,1,509,1,503,507,0,0
6.008,8,1,1,1,1,509,1,504,509,0,0
6.009,9,1,1,1,1,512,1,502,508,0,0
6.01,10,1,1,1,1,512,2,512,509,0,0
6.011,11,1,1,1,1,512,1,508,508,0,0
6.012,12,1,1,1,1,511,1,508,509,0,0
6.013,13,1,1,1,1,510,1,506,511,0,0
6.014,14,1,1,1,1,512,1,503,511,0,0
6.015,15,1,1,1,1,512,1,504,508,0,0
6.016,0,1,1,1,1,512,1,511,506,0,0
6.017,1,1,1,1,1,511,1,512,509,0,0
6.018,2,1,1,1,1,513,2,511,507,0,0
6.019,3,1,1,1,1,512,1,516,509,0,0
6.02,4,1,1,1,1,510,0,517,509,0,0
6.021,5,1,1,1,1,511,1,523,508,0,0
6.022,6,1,1,1,1,510,1,520,508,0,0
6.023,7,1,1,1,1,510,1,511,508,0,0
6.024,8,1,1,1,1,513,1,513,509,0,0
6.025,9,1,1,1,1,511,1,514,507,0,0
6.026,10,1,1,1,1,513,2,517,508,0,0
6.027,11,1,1,1,1,512,1,514,507,0,0
6.028,12,1,1,1,1,511,0,513,508,0,0
6.029,13,1,1,1,1,511,1,510,509,0,0
6.03,14,1,1,1,1,511,1,511,511,0,0
6.031,15,1,1,1,1,512,1,506,508,0,0
6.032,0,1,1,1,1,510,1,508,508,0,0
6.033,1,1,1,1,1,511,1,508,509,0,0
6.034,2,1,1,1,1,512,2,511,509,0,0
6.035,3,1,1,1,1,511,1,511,509,0,0
6.036,4,1,1,1,1,510,1,508,508,0,0
6.037,5,1,1,1,1,512,1,513,508,0,0
6.038,6,1,1,1,1,514,1,510,507,0,0
6.039,7,1,1,1,1,511,1,499,508,0,0
6.04,8,1,1,1,1,510,1,508,510,0,0
6.041,9,1,1,1,1,511,1,504,508,0,0
6.042,10,1,1,1,1,513,1,515,510,0,0
6.043,11,1,1,1,1,511,1,507,507,0,0
6.044,12,1,1,1,1,511,1,507,511,0,0
6.045,13,1,1,1,1,511,1,512,510,0,0
6.046,14,1,1,1,1,511,1,504,507,0,0
6.047,15,1,1,1,1,513,1,503,509,0,0
6.048,0,1,1,1,1,512,1,507,508,0,0
6.049,1,1,1,1,1,512,1,510,510,0,0
6.05,2,1,1,1,1,511,1,515,508,0,0
6.051,3,1,1,1,1,512,1,523,508,0,0
6.052,4,1,1,1,1,511,1,520,509,0,0
6.053,5,1,1,1,1,511,1,514,508,0,0
6.054,6,1,1,1,1,511,1,506,508,0,0
6.055,7,1,1,1,1,510,1,504,507,0,0
6.056,8,1,1,1,1,510,1,506,508,0,0
6.057,9,1,1,1,1,511,1,510,508,0,0
6.058,10,1,1,1,1,511,2,508,510,0,0
6.059,11,1,1,1,1,512,1,515,508,0,0
6.06,12,1,1,1,1,512,0,515,509,0,0
6.061,13,1,1,1,1,512,1,509,509,0,0
6.062,14,1,1,1,1,510,1,504,510,0,0
6.063,15,1,1,1,1,510,1,509,510,0,0
6.064,0,1,1,1,1,513,1,505,511,0,0
6.065,1,1,1,1,1,511,1,501,510,0,0
6.066,2,1,1,1,1,511,2,505,507,0,0
6.067,3,1,1,1,1,511,1,516,508,0,0
6.068,4,1,1,1,1,511,0,520,508,0,0
6.069,5,1,1,1,1,510,1,520,507,0,0
6.07,6,1,1,1,1,512,1,514,507,0,0
6.071,7,1,1,1,1,513,1,519,508,0,0
6.072,8,1,1,1,1,513,1,520,508,0,0
6.073,9,1,1,1,1,511,1,525,508,0,0
6.074,10,1,1,1,1,511,2,528,510,0,0
6.075,11,1,1,1,1,512,1,530,510,0,0
6.076,12,1,1,1,1,512,0,522,509,0,0
6.077,13,1,1,1,1,511,1,512,509,0,0
6.078,14,1,1,1,1,510,1,509,508,0,0
6.079,15,1,1,1,1,512,1,515,509,0,0
6.08,0,1,1,1,1,511,1,516,507,0,0
6.081,1,1,1,1,1,511,1,521,508,0,0
6.082,2,1,1,1,1,513,2,517,507,0,0
6.083,3,1,1,1,1,512,1,516,508,0,0
6.084,4,1,1,1,1,511,1,515,507,0,0
6.085,5,1,1,1,1,512,1,509,506,0,0
6.086,6,1,1,1,1,511,1,511,508,0,0
6.087,7,1,1,1,1,511,1,512,510,0,0
6.088,8,1,1,1,1,513,1,517,511,0,0
6.089,9,1,1,1,1,511,1,511,510,0,0
6.09,10,1,1,1,1,511,2,512,509,0,0
6.091,11,1,1,1,1,510,1,508,508,0,0
6.092,12,1,1,1,1,512,1,504,507,0,0
6.093,13,1,1,1,1,511,1,496,507,0,0
6.094,14,1,1,1,1,512,1,495,508,0,0
6.095,15,1,1,1,1,510,1,500,508,0,0
6.096,0,1,1,1,1,510,1,511,508,0,0
6.097,1,1,1,1,1,512,1,514,509,0,0
6.098,2,1,1,1,1,513,2,508,508,0,0
6.099,3,1,1,1,1,510,1,509,509,0,0
6.1,4,1,1,1,1,513,1,507,508,0,0
6.101,5,1,1,1,1,512,1,512,507,0,0
6.102,6,1,1,1,1,510,1,520,507,0,0
6.103,7,1,1,1,1,511,0,522,507,0,0
6.104,8,1,1,1,1,511,1,512,507,0,0
6.105,9,1,1,1,1,511,1,515,507,0,0
6.106,10,1,1,1,1,511,2,514,507,0,0
6.107,11,1,1,1,1,512,1,516,510,0,0
6.108,12,1,1,1,1,513,1,511,508,0,0
6.109,13,1,1,1,1,511,1,501,508,0,0
6.11,14,1,1,1,1,511,1,508,506,0,0
6.111,15,1,1,1,1,511,0,500,508,0,0
6.112,0,1,1,1,1,510,1,496,508,0,0
6.113,1,1,1,1,1,512,1,492,510,0,0
6.114,2,1,1,1,1,512,2,496,509,0,0
6.115,3,1,1,1,1,512,1,509,509,0,0
6.116,4,1,1,1,1,512,1,513,507,0,0
6.117,5,1,1,1,1,512,1,511,509,0,0
6.118,6,1,1,1,1,509,1,514,510,0,0
6.119,7,1,1,1,1,512,0,514,510,0,0
6.12,8,1,1,1,1,511,1,520,509,0,0
6.121,9,1,1,1,1,510,1,515,509,0,0
6.122,10,1,1,1,1,511,2,511,509,0,0
6.123,11,1,1,1,1,513,1,507,509,0,0
6.124,12,1,1,1,1,512,1,507,508,0,0
6.125,13,1,1,1,1,511,1,511,510,0,0
6.126,14,1,1,1,1,511,1,510,507,0,0
6.127,15,1,1,1,1,512,1,512,506,0,0
6.128,0,1,1,1,1,509,1,505,509,0,0
6.129,1,1,1,1,1,512,1,503,509,0,0
6.13,2,1,1,1,1,513,2,500,510,0,0
6.131,3,1,1,1,1,512,1,499,509,0,0
6.132,4,1,1,1,1,511,1,505,507,0,0
6.133,5,1,1,1,1,512,1,507,507,0,0
6.134,6,1,1,1,1,511,1,500,506,0,0
6.135,7,1,1,1,1,512,1,501,508,0,0
6.136,8,1,1,1,1,511,1,505,509,0,0
6.137,9,1,1,1,1,511,1,501,510,0,0
6.138,10,1,1,1,1,510,2,503,509,0,0
6.139,11,1,1,1,1,511,1,506,509,0,0
6.14,12,1,1,1,1,513,1,508,507,0,0
6.141,13,1,1,1,1,511,1,508,510,0,0
6.142,14,1,1,1,1,512,1,508,508,0,0
6.143,15,1,1,1,1,511,1,511,508,0,0
6.144,0,1,1,1,1,512,1,512,508,0,0
6.145,1,1,1,1,1,511,1,509,508,0,0
6.146,2,1,1,1,1,509,1,511,509,0,0
6.147,3,1,1,1,1,511,1,519,508,0,0
6.148,4,1,1,1,1,511,1,520,507,0,0
6.149,5,1,1,1,1,510,1,519,508,0,0
6.15,6,1,1,1,1,512,1,520,509,0,0
6.151,7,1,1,1,1,512,1,507,510,0,0
6.152,8,1,1,1,1,513,1,517,506,0,0
6.153,9,1,1,1,1,511,1,516,508,0,0
6.154,10,1,1,1,1,512,1,515,508,0,0
6.155,11,1,1,1,1,510,1,511,509,0,0
6.156,12,1,1,1,1,511,1,514,507,0,0
6.157,13,1,1,1,1,511,1,517,508,0,0
6.158,14,1,1,1,1,513,1,515,510,0,0
6.159,15,1,1,1,1,513,1,516,509,0,0
6.16,0,1,1,1,1,511,1,522,510,0,0
6.161,1,1,1,1,1,511,1,519,508,0,0
6.162,2,1,1,1,1,511,1,516,508,0,0
6.163,3,1,1,1,1,511,1,509,511,0,0
6.164,4,1,1,1,1,511,1,508,509,0,0
6.165,5,1,1,1,1,512,1,510,510,0,0
6.166,6,1,1,1,1,511,1,511,509,0,0
6.167,7,1,1,1,1,512,1,511,507,0,0
6.168,8,1,1,1,1,513,1,508,509,0,0
6.169,9,1,1,1,1,511,1,507,509,0,0
6.17,10,1,1,1,1,513,2,502,509,0,0
6.171,11,1,1,1,1,511,1,502,509,0,0
6.172,12,1,1,1,1,512,1,506,506,0,0
6.173,13,1,1,1,1,511,1,508,511,0,0
6.174,14,1,1,1,1,512,1,508,508,0,0
6.175,15,1,1,1,1,512,1,502,506,0,0
6.176,0,1,1,1,1,513,1,512,507,0,0
6.177,1,1,1,1,1,513,1,512,502,0,0
6.178,2,1,1,1,1,514,2,518,505,0,0
6.179,3,1,1,1,1,515,1,516,507,0,0
6.18,4,1,1,1,1,515,1,508,505,0,0
6.181,5,1,1,1,1,512,1,505,507,0,0
6.182,6,1,1,1,1,510,1,506,510,0,0
6.183,7,1,1,1,1,510,1,505,509,0,0
6.184,8,1,1,1,1,510,1,505,514,0,0
6.185,9,1,1,1,1,511,1,503,513,0,0
6.186,10,1,1,1,1,509,2,500,514,0,0
6.187,11,1,1,1,1,508,1,508,513,0,0
6.188,12,1,1,1,1,507,1,504,514,0,0
6.189,13,1,1,1,1,508,1,499,508,0,0
6.19,14,1,1,1,1,510,1,499,507,0,0
6.191,15,1,1,1,1,512,0,503,508,0,0
6.192,0,1,1,1,1,512,1,507,507,0,0
6.193,1,1,1,1,1,512,1,507,508,0,0
6.194,2,1,1,1,1,513,2,508,510,0,0
6.195,3,1,1,1,1,514,1,509,508,0,0
6.196,4,1,1,1,1,512,1,505,510,0,0
6.197,5,1,1,1,1,509,1,504,509,0,0
6.198,6,1,1,1,1,508,1,507,506,0,0
6.199,7,1,1,1,1,504,0,509,507,0,0
6.2,8,1,1,1,1,507,1,512,507,0,0
6.201,9,1,1,1,1,508,1,511,508,0,0
6.202,10,1,1,1,1,511,2,518,507,0,0
6.203,11,1,1,1,1,513,1,519,510,0,0
6.204,12,1,1,1,1,513,1,515,508,0,0
6.205,13,1,1,1,1,513,1,515,508,0,0
6.206,14,1,1,1,1,513,1,519,508,0,0
6.207,15,1,1,1,1,513,0,518,507,0,0
6.208,0,1,1,1,1,513,1,515,507,0,0
6.209,1,1,1,1,1,511,1,512,507,0,0
6.21,2,1,1,1,1,515,2,514,506,0,0
6.211,3,1,1,1,1,515,1,512,504,0,0
6.212,4,1,1,1,1,515,1,516,508,0,0
6.213,5,1,1,1,1,512,1,510,507,0,0
6.214,6,1,1,1,1,513,1,504,509,0,0
6.215,7,1,1,1,1,512,1,507,510,0,0
6.216,8,1,1,1,1,514,1,507,509,0,0
6.217,9,1,1,1,1,513,1,514,512,0,0
6.218,10,1,1,1,1,513,2,526,508,0,0
6.219,11,1,1,1,1,514,1,523,508,0,0
6.22,12,1,1,1,1,510,1,514,503,0,0
6.221,13,1,1,1,1,508,1,501,503,0,0
6.222,14,1,1,1,1,509,1,495,504,0,0
6.223,15,1,1,1,1,510,1,492,509,0,0
6.224,0,1,1,1,1,512,1,496,512,0,0
6.225,1,1,1,1,1,515,1,506,515,0,0
6.226,2,1,1,1,1,514,2,510,510,0,0
6.227,3,1,1,1,1,514,1,519,509,0,0
6.228,4,1,1,1,1,513,1,532,504,0,0
6.229,5,1,1,1,1,511,1,528,501,0,0
6.23,6,1,1,1,1,506,1,519,499,0,0
6.231,7,1,1,1,1,511,1,509,502,0,0
6.232,8,1,1,1,1,513,1,501,508,0,0
6.233,9,1,1,1,1,512,1,496,514,0,0
6.234,10,1,1,1,1,510,2,493,515,0,0
6.235,11,1,1,1,1,509,1,479,520,0,0
6.236,12,1,1,1,1,503,0,473,518,0,0
6.237,13,1,1,1,1,500,1,476,515,0,0
6.238,14,1,1,1,1,506,1,486,518,0,0
6.239,15,1,1,1,1,504,1,502,515,0,0
6.24,0,1,1,1,1,506,1,504,506,0,0
6.241,1,1,1,1,1,512,1,518,510,0,0
6.242,2,1,1,1,1,515,2,514,510,0,0
6.243,3,1,1,1,1,513,1,507,510,0,0
6.244,4,1,1,1,1,515,0,514,508,0,0
6.245,5,1,1,1,1,513,1,518,505,0,0
6.246,6,1,1,1,1,517,1,520,504,0,0
6.247,7,1,1,1,1,518,1,530,496,0,0
6.248,8,1,1,1,1,515,1,529,492,0,0
6.249,9,1,1,1,1,518,1,545,493,0,0
6.25,10,1,1,1,1,528,2,566,500,0,0
6.251,11,1,1,1,1,536,1,587,500,0,0
6.252,12,1,1,1,1,524,0,579,492,0,0
6.253,13,1,1,1,1,513,1,536,486,0,0
6.254,14,1,1,1,1,512,1,495,492,0,0
6.255,15,1,1,1,1,504,1,455,493,0,0
6.256,0,1,1,1,1,500,1,423,497,0,0
6.257,1,1,1,1,1,494,1,409,521,0,0
6.258,2,1,1,1,1,496,1,417,543,0,0
6.259,3,1,1,1,1,505,1,448,552,0,0
6.26,4,1,1,1,1,496,1,470,544,0,0
6.261,5,1,1,1,1,498,1,488,532,0,0
6.262,6,1,1,1,1,511,1,502,524,0,0
6.263,7,1,1,1,1,505,1,510,511,0,0
6.264,8,1,1,1,1,512,1,531,522,0,0
6.265,9,1,1,1,1,518,1,528,512,0,0
6.266,10,1,1,1,1,517,1,521,512,0,0
6.267,11,1,1,1,1,510,1,506,520,0,0
6.268,12,1,1,1,1,503,1,479,512,0,0
6.269,13,1,1,1,1,507,1,483,511,0,0
6.27,14,1,1,1,1,510,1,500,506,0,0
6.271,15,1,1,1,1,513,1,534,505,0,0
6.272,0,1,1,1,1,508,1,538,504,0,0
6.273,1,1,1,1,1,511,1,548,505,0,0
6.274,2,1,1,1,1,515,1,562,491,0,0
6.275,3,1,1,1,1,516,1,554,484,0,0
6.276,4,1,1,1,1,526,0,556,485,0,0
6.277,5,1,1,1,1,532,1,604,503,0,0
6.278,6,1,1,1,1,527,1,855,501,0,0
6.279,7,1,1,1,1,521,1,994,518,0,0
6.28,8,1,1,1,1,522,1,1022,518,0,0
6.281,9,1,1,1,1,534,1,1022,499,0,0
6.282,10,1,1,1,1,526,2,1022,476,0,0
6.283,11,1,1,1,1,514,1,1022,492,0,0
6.284,12,1,1,1,1,508,0,1022,472,0,0
6.285,13,1,1,1,1,509,1,1022,471,0,0
6.286,14,1,1,1,1,507,1,1021,490,0,0
6.287,15,1,1,1,1,502,1,811,519,0,0
6.288,0,1,1,1,1,508,1,628,524,0,0
6.289,1,1,1,1,1,520,1,502,511,0,0
6.29,2,1,1,1,1,512,2,396,493,0,0
6.291,3,1,1,1,1,496,1,355,484,0,0
6.292,4,1,1,1,1,496,0,329,545,0,0
6.293,5,1,1,1,1,483,1,284,543,0,0
6.294,6,1,1,1,1,467,1,245,525,0,0
6.295,7,1,1,1,1,480,1,224,519,0,0
6.296,8,1,1,1,1,502,1,214,532,0,0
6.297,9,1,1,1,1,510,1,186,578,0,0
6.298,10,1,1,1,1,508,2,184,567,0,0
6.299,11,1,1,1,1,492,1,185,546,0,0
6.3,12,1,1,1,1,496,1,169,537,0,0
6.301,13,1,1,1,1,491,1,175,526,0,0
6.302,14,1,1,1,1,489,1,209,508,0,0
6.303,15,1,1,1,1,505,1,253,483,0,0
6.304,0,1,1,1,1,530,1,312,468,0,0
6.305,1,1,1,1,1,551,1,356,480,0,0
6.306,2,1,1,1,1,571,2,367,479,0,0
6.307,3,1,1,1,1,556,1,394,463,0,0
6.308,4,1,1,1,1,560,1,435,502,0,0
6.309,5,1,1,1,1,545,1,415,489,0,0
6.31,6,1,1,1,1,524,1,350,478,0,0
6.311,7,1,1,1,1,501,1,278,473,0,0
6.312,8,1,1,1,1,476,1,251,509,0,0
6.313,9,1,1,1,1,460,1,251,531,0,0
6.314,10,1,1,1,1,460,1,259,546,0,0
6.315,11,1,1,1,1,499,1,320,546,0,0
6.316,12,1,1,1,1,508,1,346,526,0,0
6.317,13,1,1,1,1,499,1,343,555,0,0
6.318,14,1,1,1,1,497,1,364,521,0,0
6.319,15,1,1,1,1,498,0,406,496,0,0
6.32,0,1,1,1,1,513,1,458,498,0,0
6.321,1,1,1,1,1,522,1,495,532,0,0
6.322,2,1,1,1,1,511,2,506,533,0,0
6.323,3,1,1,1,1,523,1,537,514,0,0
6.324,4,1,1,1,1,528,1,535,481,0,0
6.325,5,1,1,1,1,527,1,530,465,0,0
6.326,6,1,1,1,1,552,1,536,488,0,0
6.327,7,1,1,1,1,544,1,528,497,0,0
6.328,8,1,1,1,1,540,1,527,483,0,0
6.329,9,1,1,1,1,541,1,554,478,0,0
6.33,10,1,1,1,1,519,2,518,497,0,0
6.331,11,1,1,1,1,515,1,500,485,0,0
6.332,12,1,1,1,1,525,1,484,500,0,0
6.333,13,1,1,1,1,520,1,480,500,0,0
6.334,14,1,1,1,1,515,1,501,507,0,0
6.335,15,1,1,1,1,509,0,489,497,0,0
6.336,0,1,1,1,1,526,1,541,498,0,0
6.337,1,1,1,1,1,536,1,558,519,0,0
6.338,2,1,1,1,1,504,2,521,517,0,0
6.339,3,1,1,1,1,501,1,466,514,0,0
6.34,4,1,1,1,1,525,1,455,524,0,0
6.341,5,1,1,1,1,512,1,411,528,0,0
6.342,6,1,1,1,1,483,1,387,522,0,0
6.343,7,1,1,1,1,449,1,346,524,0,0
6.344,8,1,1,1,1,449,1,362,514,0,0
6.345,9,1,1,1,1,453,1,356,527,0,0
6.346,10,1,1,1,1,476,1,389,514,0,0
6.347,11,1,1,1,1,488,1,420,533,0,0
6.348,12,1,1,1,1,504,1,468,512,0,0
6.349,13,1,1,1,1,531,1,507,491,0,0
6.35,14,1,1,1,1,522,1,526,475,0,0
6.351,15,1,1,1,1,534,1,608,493,0,0
6.352,0,1,1,1,1,541,1,611,536,0,0
6.353,1,1,1,1,1,527,1,547,508,0,0
6.354,2,1,1,1,1,533,2,476,514,0,0
6.355,3,1,1,1,1,513,1,402,527,0,0
6.356,4,1,1,1,1,500,1,395,564,0,0
6.357,5,1,1,1,1,526,1,393,551,0,0
6.358,6,1,1,1,1,497,1,384,513,0,0
6.359,7,1,1,1,1,465,1,402,492,0,0
6.36,8,1,1,1,1,457,1,446,489,0,0
6.361,9,1,1,1,1,488,1,493,484,0,0
6.362,10,1,1,1,1,534,2,560,495,0,0
6.363,11,1,1,1,1,556,1,608,494,0,0
6.364,12,1,1,1,1,558,1,621,474,0,0
6.365,13,1,1,1,1,561,1,643,461,0,0
6.366,14,1,1,1,1,558,1,602,446,0,0
6.367,15,1,1,1,1,567,1,553,447,0,0
6.368,0,1,1,1,1,553,1,473,496,0,0
6.369,1,1,1,1,1,511,1,382,527,0,0
6.37,2,1,1,1,1,499,1,342,513,0,0
6.371,3,1,1,1,1,489,1,321,519,0,0
6.372,4,1,1,1,1,455,1,339,561,0,0
6.373,5,1,1,1,1,457,1,426,530,0,0
6.374,6,1,1,1,1,463,1,518,497,0,0
6.375,7,1,1,1,1,503,1,563,532,0,0
6.376,8,1,1,1,1,530,1,596,519,0,0
6.377,9,1,1,1,1,522,1,570,556,0,0
6.378,10,1,1,1,1,515,1,530,546,0,0
6.379,11,1,1,1,1,513,1,479,551,0,0
6.38,12,1,1,1,1,503,1,426,505,0,0
6.381,13,1,1,1,1,503,1,435,517,0,0
6.382,14,1,1,1,1,460,1,433,510,0,0
6.383,15,1,1,1,1,470,1,487,505,0,0
6.384,0,1,1,1,1,507,1,517,475,0,0
6.385,1,1,1,1,1,515,1,531,459,0,0
6.386,2,1,1,1,1,531,2,545,526,0,0
6.387,3,1,1,1,1,515,1,502,534,0,0
6.388,4,1,1,1,1,515,1,501,505,0,0
6.389,5,1,1,1,1,529,1,571,480,0,0
6.39,6,1,1,1,1,551,1,608,509,0,0
6.391,7,1,1,1,1,526,1,567,510,0,0
6.392,8,1,1,1,1,496,1,534,490,0,0
6.393,9,1,1,1,1,521,1,526,493,0,0
6.394,10,1,1,1,1,532,2,501,508,0,0
6.395,11,1,1,1,1,525,1,484,555,0,0
6.396,12,1,1,1,1,515,1,512,522,0,0
6.397,13,1,1,1,1,497,1,513,515,0,0
6.398,14,1,1,1,1,503,1,532,501,0,0
6.399,15,1,1,1,1,518,1,558,504,0,0
6.4,0,1,1,1,1,519,1,557,492,0,0
6.401,1,1,1,1,1,519,1,537,502,0,0
6.402,2,1,1,1,1,520,2,520,524,0,0
6.403,3,1,1,1,1,520,1,514,524,0,0
6.404,4,1,1,1,1,510,1,495,525,0,0
6.405,5,1,1,1,1,477,1,482,511,0,0
6.406,6,1,1,1,1,477,1,514,492,0,0
6.407,7,1,1,1,1,516,0,531,503,0,0
6.408,8,1,1,1,1,524,1,517,500,0,0
6.409,9,1,1,1,1,520,1,511,493,0,0
6.41,10,1,1,1,1,529,2,518,470,0,0
6.411,11,1,1,1,1,532,1,507,498,0,0
6.412,12,1,1,1,1,507,1,480,487,0,0
6.413,13,1,1,1,1,491,1,485,480,0,0
6.414,14,1,1,1,1,521,1,593,487,0,0
6.415,15,1,1,1,1,548,1,623,507,0,0
6.416,0,1,1,1,1,541,1,558,519,0,0
6.417,1,1,1,1,1,538,1,510,531,0,0
6.418,2,1,1,1,1,512,2,419,529,0,0
6.419,3,1,1,1,1,481,1,349,518,0,0
6.42,4,1,1,1,1,452,1,317,524,0,0
6.421,5,1,1,1,1,460,1,369,511,0,0
6.422,6,1,1,1,1,472,1,428,499,0,0
6.423,7,1,1,1,1,494,0,490,502,0,0
6.424,8,1,1,1,1,511,1,516,519,0,0
6.425,9,1,1,1,1,528,1,524,527,0,0
6.426,10,1,1,1,1,535,2,524,551,0,0
6.427,11,1,1,1,1,529,1,517,546,0,0
6.428,12,1,1,1,1,507,1,497,527,0,0
6.429,13,1,1,1,1,490,1,482,499,0,0
6.43,14,1,1,1,1,485,1,508,475,0,0
6.431,15,1,1,1,1,522,1,584,480,0,0
6.432,0,1,1,1,1,551,1,615,482,0,0
6.433,1,1,1,1,1,563,2,642,486,0,0
6.434,2,1,1,1,1,565,2,650,491,0,0
6.435,3,1,1,1,1,561,1,606,501,0,0
6.436,4,1,1,1,1,531,1,534,515,0,0
6.437,5,1,1,1,1,502,1,463,505,0,0
6.438,6,1,1,1,1,458,1,417,503,0,0
6.439,7,1,1,1,1,449,1,410,543,0,0
6.44,8,1,1,1,1,456,1,425,532,0,0
6.441,9,1,1,1,1,464,1,470,499,0,0
6.442,10,1,1,1,1,500,1,546,500,0,0
6.443,11,1,1,1,1,529,1,649,492,0,0
6.444,12,1,1,1,1,547,1,687,494,0,0
6.445,13,1,1,1,1,576,1,730,498,0,0
6.446,14,1,1,1,1,593,2,693,521,0,0
6.447,15,1,1,1,1,555,1,578,543,0,0
6.448,0,1,1,1,1,515,1,454,546,0,0
6.449,1,1,1,1,1,478,1,376,533,0,0
6.45,2,1,1,1,1,457,1,335,513,0,0
6.451,3,1,1,1,1,430,0,298,546,0,0
6.452,4,1,1,1,1,430,0,359,478,0,0
6.453,5,1,1,1,1,468,1,415,485,0,0
6.454,6,1,1,1,1,506,1,500,510,0,0
6.455,7,1,1,1,1,535,1,568,512,0,0
6.456,8,1,1,1,1,553,1,609,495,0,0
6.457,9,1,1,1,1,539,1,584,469,0,0
6.458,10,1,1,1,1,538,2,566,495,0,0
6.459,11,1,1,1,1,548,1,540,526,0,0
6.46,12,1,1,1,1,532,0,486,529,0,0
6.461,13,1,1,1,1,510,1,449,514,0,0
6.462,14,1,1,1,1,489,1,425,507,0,0
6.463,15,1,1,1,1,475,1,430,495,0,0
6.464,0,1,1,1,1,504,1,483,506,0,0
6.465,1,1,1,1,1,523,1,524,509,0,0
6.466,2,1,1,1,1,526,2,540,507,0,0
6.467,3,1,1,1,1,529,1,542,497,0,0
6.468,4,1,1,1,1,521,0,543,482,0,0
6.469,5,1,1,1,1,518,1,549,484,0,0
6.47,6,1,1,1,1,516,1,551,501,0,0
6.471,7,1,1,1,1,528,1,564,518,0,0
6.472,8,1,1,1,1,531,1,542,533,0,0
6.473,9,1,1,1,1,515,1,498,531,0,0
6.474,10,1,1,1,1,511,1,469,531,0,0
6.475,11,1,1,1,1,505,1,451,506,0,0
6.476,12,1,1,1,1,503,1,512,502,0,0
6.477,13,1,1,1,1,521,1,562,489,0,0
6.478,14,1,1,1,1,518,1,548,483,0,0
6.479,15,1,1,1,1,509,1,515,500,0,0
6.48,0,1,1,1,1,526,1,490,540,0,0
6.481,1,1,1,1,1,530,1,462,553,0,0
6.482,2,1,1,1,1,491,1,403,538,0,0
6.483,3,1,1,1,1,468,1,373,487,0,0
6.484,4,1,1,1,1,441,1,371,487,0,0
6.485,5,1,1,1,1,457,1,415,490,0,0
6.486,6,1,1,1,1,491,1,482,494,0,0
6.487,7,1,1,1,1,528,1,560,487,0,0
6.488,8,1,1,1,1,547,1,608,490,0,0
6.489,9,1,1,1,1,540,1,586,499,0,0
6.49,10,1,1,1,1,542,2,552,504,0,0
6.491,11,1,1,1,1,541,1,515,514,0,0
6.492,12,1,1,1,1,546,1,470,536,0,0
6.493,13,1,1,1,1,508,1,428,528,0,0
6.494,14,1,1,1,1,512,1,467,534,0,0
6.495,15,1,1,1,1,498,1,476,516,0,0
6.496,0,1,1,1,1,500,1,479,483,0,0
6.497,1,1,1,1,1,510,1,506,492,0,0
6.498,2,1,1,1,1,515,2,490,512,0,0
6.499,3,1,1,1,1,532,1,522,543,0,0
6.5,4,1,1,1,1,518,0,474,533,0,0
6.501,5,1,1,1,1,451,1,369,501,0,0
6.502,6,1,1,1,1,428,1,359,496,0,0
6.503,7,1,1,1,1,473,1,439,525,0,0
6.504,8,1,1,1,1,521,1,489,545,0,0
6.505,9,1,1,1,1,513,1,508,509,0,0
6.506,10,1,1,1,1,520,2,542,509,0,0
6.507,11,1,1,1,1,533,1,560,498,0,0
6.508,12,1,1,1,1,535,0,563,498,0,0
6.509,13,1,1,1,1,536,1,574,504,0,0
6.51,14,1,1,1,1,532,1,563,487,0,0
6.511,15,1,1,1,1,520,1,551,498,0,0
6.512,0,1,1,1,1,517,1,545,545,0,0
6.513,1,1,1,1,1,496,1,528,517,0,0
6.514,2,1,1,1,1,497,2,523,501,0,0
6.515,3,1,1,1,1,504,1,534,500,0,0
6.516,4,1,1,1,1,524,1,566,497,0,0
6.517,5,1,1,1,1,532,1,575,476,0,0
6.518,6,1,1,1,1,528,1,579,476,0,0
6.519,7,1,1,1,1,522,1,575,491,0,0
6.52,8,1,1,1,1,521,1,568,510,0,0
6.521,9,1,1,1,1,519,1,542,505,0,0
6.522,10,1,1,1,1,507,2,490,540,0,0
6.523,11,1,1,1,1,482,1,444,545,0,0
6.524,12,1,1,1,1,471,1,430,520,0,0
6.525,13,1,1,1,1,505,1,452,495,0,0
6.526,14,1,1,1,1,518,1,507,496,0,0
6.527,15,1,1,1,1,521,1,535,508,0,0
6.528,0,1,1,1,1,527,1,556,515,0,0
6.529,1,1,1,1,1,539,1,599,499,0,0
6.53,2,1,1,1,1,538,2,604,486,0,0
6.531,3,1,1,1,1,539,1,575,480,0,0
6.532,4,1,1,1,1,553,1,555,519,0,0
6.533,5,1,1,1,1,545,1,515,511,0,0
6.534,6,1,1,1,1,523,1,472,516,0,0
6.535,7,1,1,1,1,488,1,419,527,0,0
6.536,8,1,1,1,1,460,1,396,519,0,0
6.537,9,1,1,1,1,457,1,408,500,0,0
6.538,10,1,1,1,1,469,1,437,509,0,0
6.539,11,1,1,1,1,478,1,464,538,0,0
6.54,12,1,1,1,1,482,1,481,508,0,0
6.541,13,1,1,1,1,477,1,466,480,0,0
6.542,14,1,1,1,1,493,1,465,503,0,0
6.543,15,1,1,1,1,502,0,470,504,0,0
6.544,0,1,1,1,1,515,1,492,528,0,0
6.545,1,1,1,1,1,523,1,521,527,0,0
6.546,2,1,1,1,1,520,2,539,517,0,0
6.547,3,1,1,1,1,524,1,548,508,0,0
6.548,4,1,1,1,1,524,1,563,496,0,0
6.549,5,1,1,1,1,547,1,609,494,0,0
6.55,6,1,1,1,1,568,1,706,482,0,0
6.551,7,1,1,1,1,574,1,740,474,0,0
6.552,8,1,1,1,1,541,1,639,524,0,0
6.553,9,1,1,1,1,531,1,546,514,0,0
6.554,10,1,1,1,1,531,2,467,518,0,0
6.555,11,1,1,1,1,517,1,371,549,0,0
6.556,12,1,1,1,1,489,1,311,555,0,0
6.557,13,1,1,1,1,443,1,285,526,0,0
6.558,14,1,1,1,1,416,1,311,513,0,0
6.559,15,1,1,1,1,435,0,391,488,0,0
6.56,0,1,1,1,1,481,1,486,502,0,0
6.561,1,1,1,1,1,525,1,569,491,0,0
6.562,2,1,1,1,1,535,2,633,475,0,0
6.563,3,1,1,1,1,551,1,668,482,0,0
6.564,4,1,1,1,1,581,2,690,498,0,0
6.565,5,1,1,1,1,572,2,608,518,0,0
6.566,6,1,1,1,1,524,1,478,516,0,0
6.567,7,1,1,1,1,496,1,383,509,0,0
6.568,8,1,1,1,1,481,1,340,535,0,0
6.569,9,1,1,1,1,467,1,358,527,0,0
6.57,10,1,1,1,1,461,1,421,524,0,0
6.571,11,1,1,1,1,463,1,472,524,0,0
6.572,12,1,1,1,1,506,1,531,502,0,0
6.573,13,1,1,1,1,536,1,571,490,0,0
6.574,14,1,1,1,1,536,1,569,499,0,0
6.575,15,1,1,1,1,531,1,559,513,0,0
6.576,0,1,1,1,1,529,1,544,516,0,0
6.577,1,1,1,1,1,548,1,543,507,0,0
6.578,2,1,1,1,1,519,2,523,509,0,0
6.579,3,1,1,1,1,494,1,514,507,0,0
6.58,4,1,1,1,1,495,1,506,508,0,0
6.581,5,1,1,1,1,511,1,519,484,0,0
6.582,6,1,1,1,1,515,1,514,495,0,0
6.583,7,1,1,1,1,504,1,506,499,0,0
6.584,8,1,1,1,1,518,1,527,496,0,0
6.585,9,1,1,1,1,531,1,519,497,0,0
6.586,10,1,1,1,1,528,1,520,503,0,0
6.587,11,1,1,1,1,529,1,547,507,0,0
6.588,12,1,1,1,1,532,1,591,494,0,0
6.589,13,1,1,1,1,547,1,603,496,0,0
6.59,14,1,1,1,1,540,1,534,512,0,0
6.591,15,1,1,1,1,520,1,459,526,0,0
6.592,0,1,1,1,1,490,1,391,531,0,0
6.593,1,1,1,1,1,486,1,352,534,0,0
6.594,2,1,1,1,1,472,1,381,500,0,0
6.595,3,1,1,1,1,488,1,507,496,0,0
6.596,4,1,1,1,1,502,1,581,483,0,0
6.597,5,1,1,1,1,525,1,586,515,0,0
6.598,6,1,1,1,1,536,1,547,513,0,0
6.599,7,1,1,1,1,530,1,462,528,0,0
6.6,8,1,1,1,1,496,1,393,550,0,0
6.601,9,1,1,1,1,450,1,320,531,0,0
6.602,10,1,1,1,1,431,1,338,519,0,0
6.603,11,1,1,1,1,455,1,416,510,0,0
6.604,12,1,1,1,1,487,1,519,512,0,0
6.605,13,1,1,1,1,533,1,615,502,0,0
6.606,14,1,1,1,1,550,1,623,487,0,0
6.607,15,1,1,1,1,547,1,602,492,0,0
6.608,0,1,1,1,1,555,1,615,492,0,0
6.609,1,1,1,1,1,565,2,624,499,0,0
6.61,2,1,1,1,1,546,2,574,490,0,0
6.611,3,1,1,1,1,514,1,521,493,0,0
6.612,4,1,1,1,1,507,1,504,504,0,0
6.613,5,1,1,1,1,500,1,495,515,0,0
6.614,6,1,1,1,1,508,1,497,532,0,0
6.615,7,1,1,1,1,506,1,489,522,0,0
6.616,8,1,1,1,1,479,1,446,502,0,0
6.617,9,1,1,1,1,470,1,438,502,0,0
6.618,10,1,1,1,1,513,2,466,515,0,0
6.619,11,1,1,1,1,522,1,469,524,0,0
6.62,12,1,1,1,1,513,1,492,532,0,0
6.621,13,1,1,1,1,515,1,527,521,0,0
6.622,14,1,1,1,1,503,1,548,502,0,0
6.623,15,1,1,1,1,510,1,575,489,0,0
6.624,0,1,1,1,1,531,1,582,495,0,0
6.625,1,1,1,1,1,530,1,571,496,0,0
6.626,2,1,1,1,1,526,2,567,482,0,0
6.627,3,1,1,1,1,528,1,608,518,0,0
6.628,4,1,1,1,1,527,1,633,500,0,0
6.629,5,1,1,1,1,537,1,589,478,0,0
6.63,6,1,1,1,1,535,1,523,495,0,0
6.631,7,1,1,1,1,536,1,476,512,0,0
6.632,8,1,1,1,1,538,1,443,540,0,0
6.633,9,1,1,1,1,510,1,424,562,0,0
6.634,10,1,1,1,1,472,1,446,562,0,0
6.635,11,1,1,1,1,453,1,461,509,0,0
6.636,12,1,1,1,1,464,1,473,490,0,0
6.637,13,1,1,1,1,466,1,443,493,0,0
6.638,14,1,1,1,1,467,1,414,496,0,0
6.639,15,1,1,1,1,502,0,427,498,0,0
6.64,0,1,1,1,1,495,1,427,519,0,0
6.641,1,1,1,1,1,465,1,440,520,0,0
6.642,2,1,1,1,1,488,1,494,505,0,0
6.643,3,1,1,1,1,535,1,590,478,0,0
6.644,4,1,1,1,1,558,1,646,489,0,0
6.645,5,1,1,1,1,558,1,649,503,0,0
6.646,6,1,1,1,1,553,1,632,503,0,0
6.647,7,1,1,1,1,550,1,578,497,0,0
6.648,8,1,1,1,1,560,1,539,518,0,0
6.649,9,1,1,1,1,527,1,462,547,0,0
6.65,10,1,1,1,1,493,2,423,526,0,0
6.651,11,1,1,1,1,460,1,405,510,0,0
6.652,12,1,1,1,1,452,1,423,485,0,0
6.653,13,1,1,1,1,469,1,474,502,0,0
6.654,14,1,1,1,1,515,1,530,512,0,0
6.655,15,1,1,1,1,520,1,535,501,0,0
6.656,0,1,1,1,1,510,1,520,544,0,0
6.657,1,1,1,1,1,517,1,531,517,0,0
6.658,2,1,1,1,1,542,2,575,505,0,0
6.659,3,1,1,1,1,559,1,596,510,0,0
6.66,4,1,1,1,1,549,1,587,500,0,0
6.661,5,1,1,1,1,526,1,550,487,0,0
6.662,6,1,1,1,1,526,1,532,491,0,0
6.663,7,1,1,1,1,526,1,514,507,0,0
6.664,8,1,1,1,1,517,1,517,527,0,0
6.665,9,1,1,1,1,504,1,489,513,0,0
6.666,10,1,1,1,1,497,1,500,515,0,0
6.667,11,1,1,1,1,483,1,495,503,0,0
6.668,12,1,1,1,1,479,1,457,513,0,0
6.669,13,1,1,1,1,494,1,445,513,0,0
6.67,14,1,1,1,1,501,1,444,499,0,0
6.671,15,1,1,1,1,502,1,437,502,0,0
6.672,0,1,1,1,1,502,1,457,519,0,0
6.673,1,1,1,1,1,506,1,482,520,0,0
6.674,2,1,1,1,1,515,2,500,518,0,0
6.675,3,1,1,1,1,518,1,509,524,0,0
6.676,4,1,1,1,1,525,0,531,508,0,0
6.677,5,1,1,1,1,523,1,539,502,0,0
6.678,6,1,1,1,1,512,1,537,497,0,0
6.679,7,1,1,1,1,521,1,554,479,0,0
6.68,8,1,1,1,1,539,1,601,486,0,0
6.681,9,1,1,1,1,540,1,587,504,0,0
6.682,10,1,1,1,1,547,2,596,494,0,0
6.683,11,1,1,1,1,542,1,584,473,0,0
6.684,12,1,1,1,1,532,0,546,518,0,0
6.685,13,1,1,1,1,513,1,496,533,0,0
6.686,14,1,1,1,1,507,1,515,534,0,0
6.687,15,1,1,1,1,504,1,496,518,0,0
6.688,0,1,1,1,1,481,1,497,495,0,0
6.689,1,1,1,1,1,483,1,487,483,0,0
6.69,2,1,1,1,1,502,2,457,475,0,0
6.691,3,1,1,1,1,491,1,411,500,0,0
6.692,4,1,1,1,1,462,1,388,505,0,0
6.693,5,1,1,1,1,454,1,396,510,0,0
6.694,6,1,1,1,1,464,1,417,538,0,0
6.695,7,1,1,1,1,498,1,473,553,0,0
6.696,8,1,1,1,1,514,1,502,538,0,0
6.697,9,1,1,1,1,516,1,526,528,0,0
6.698,10,1,1,1,1,520,1,553,522,0,0
6.699,11,1,1,1,1,527,1,581,513,0,0
6.7,12,1,1,1,1,523,1,642,492,0,0
6.701,13,1,1,1,1,523,1,607,489,0,0
6.702,14,1,1,1,1,523,1,568,480,0,0
6.703,15,1,1,1,1,536,1,572,493,0,0
6.704,0,1,1,1,1,554,1,550,531,0,0
6.705,1,1,1,1,1,543,1,468,531,0,0
6.706,2,1,1,1,1,503,1,450,519,0,0
6.707,3,1,1,1,1,497,1,434,502,0,0
6.708,4,1,1,1,1,509,1,448,504,0,0
6.709,5,1,1,1,1,486,1,480,492,0,0
6.71,6,1,1,1,1,484,1,505,499,0,0
6.711,7,1,1,1,1,487,1,553,528,0,0
6.712,8,1,1,1,1,511,1,576,514,0,0
6.713,9,1,1,1,1,540,1,567,504,0,0
6.714,10,1,1,1,1,547,2,540,502,0,0
6.715,11,1,1,1,1,541,1,508,513,0,0
6.716,12,1,1,1,1,519,0,484,504,0,0
6.717,13,1,1,1,1,506,1,488,483,0,0
6.718,14,1,1,1,1,497,1,475,491,0,0
6.719,15,1,1,1,1,512,1,487,518,0,0
6.72,0,1,1,1,1,504,1,517,527,0,0
6.721,1,1,1,1,1,511,1,535,520,0,0
6.722,2,1,1,1,1,518,2,519,499,0,0
6.723,3,1,1,1,1,515,1,499,516,0,0
6.724,4,1,1,1,1,504,0,483,523,0,0
6.725,5,1,1,1,1,512,1,487,545,0,0
6.726,6,1,1,1,1,506,1,475,525,0,0
6.727,7,1,1,1,1,480,1,464,489,0,0
6.728,8,1,1,1,1,481,1,484,461,0,0
6.729,9,1,1,1,1,519,1,516,449,0,0
6.73,10,1,1,1,1,515,2,500,518,0,0
6.731,11,1,1,1,1,517,1,505,531,0,0
6.732,12,1,1,1,1,519,0,499,515,0,0
6.733,13,1,1,1,1,500,1,492,502,0,0
6.734,14,1,1,1,1,503,1,515,497,0,0
6.735,15,1,1,1,1,526,1,569,504,0,0
6.736,0,1,1,1,1,527,1,556,510,0,0
6.737,1,1,1,1,1,533,1,558,511,0,0
6.738,2,1,1,1,1,532,2,543,519,0,0
6.739,3,1,1,1,1,528,1,513,531,0,0
6.74,4,1,1,1,1,513,1,496,529,0,0
6.741,5,1,1,1,1,495,1,472,516,0,0
6.742,6,1,1,1,1,478,1,467,505,0,0
6.743,7,1,1,1,1,508,1,510,505,0,0
6.744,8,1,1,1,1,524,1,535,496,0,0
6.745,9,1,1,1,1,519,1,524,489,0,0
6.746,10,1,1,1,1,526,2,515,522,0,0
6.747,11,1,1,1,1,513,1,499,518,0,0
6.748,12,1,1,1,1,494,1,487,508,0,0
6.749,13,1,1,1,1,505,1,507,494,0,0
6.75,14,1,1,1,1,526,1,592,488,0,0
6.751,15,1,1,1,1,531,1,609,516,0,0
6.752,0,1,1,1,1,515,1,563,514,0,0
6.753,1,1,1,1,1,519,1,514,487,0,0
6.754,2,1,1,1,1,521,2,486,508,0,0
6.755,3,1,1,1,1,515,1,446,535,0,0
6.756,4,1,1,1,1,506,1,444,526,0,0
6.757,5,1,1,1,1,483,1,451,496,0,0
6.758,6,1,1,1,1,481,1,461,492,0,0
6.759,7,1,1,1,1,490,0,480,508,0,0
6.76,8,1,1,1,1,501,1,491,522,0,0
6.761,9,1,1,1,1,510,1,516,516,0,0
6.762,10,1,1,1,1,513,2,543,515,0,0
6.763,11,1,1,1,1,538,1,620,516,0,0
6.764,12,1,1,1,1,537,1,625,514,0,0
6.765,13,1,1,1,1,572,2,680,484,0,0
6.766,14,1,1,1,1,569,1,638,488,0,0
6.767,15,1,1,1,1,521,0,529,504,0,0
6.768,0,1,1,1,1,506,1,427,511,0,0
6.769,1,1,1,1,1,467,1,335,487,0,0
6.77,2,1,1,1,1,443,1,306,513,0,0
6.771,3,1,1,1,1,461,1,334,550,0,0
6.772,4,1,1,1,1,431,1,366,540,0,0
6.773,5,1,1,1,1,448,1,452,502,0,0
6.774,6,1,1,1,1,518,1,571,507,0,0
6.775,7,1,1,1,1,544,1,604,492,0,0
6.776,8,1,1,1,1,551,1,600,496,0,0
6.777,9,1,1,1,1,552,1,588,539,0,0
6.778,10,1,1,1,1,546,2,569,520,0,0
6.779,11,1,1,1,1,539,1,563,496,0,0
6.78,12,1,1,1,1,529,1,554,486,0,0
6.781,13,1,1,1,1,519,1,576,493,0,0
6.782,14,1,1,1,1,512,1,575,495,0,0
6.783,15,1,1,1,1,515,1,537,499,0,0
6.784,0,1,1,1,1,526,1,500,528,0,0
6.785,1,1,1,1,1,514,1,470,515,0,0
6.786,2,1,1,1,1,512,2,435,514,0,0
6.787,3,1,1,1,1,482,1,391,506,0,0
6.788,4,1,1,1,1,476,1,445,521,0,0
6.789,5,1,1,1,1,495,1,517,520,0,0
6.79,6,1,1,1,1,508,1,517,515,0,0
6.791,7,1,1,1,1,507,1,504,504,0,0
6.792,8,1,1,1,1,508,1,493,507,0,0
6.793,9,1,1,1,1,506,1,469,514,0,0
6.794,10,1,1,1,1,472,1,436,500,0,0
6.795,11,1,1,1,1,482,1,462,493,0,0
6.796,12,1,1,1,1,506,1,507,480,0,0
6.797,13,1,1,1,1,523,1,560,489,0,0
6.798,14,1,1,1,1,539,1,605,501,0,0
6.799,15,1,1,1,1,548,1,603,508,0,0
6.8,0,1,1,1,1,551,1,579,512,0,0
6.801,1,1,1,1,1,534,1,534,515,0,0
6.802,2,1,1,1,1,543,1,539,520,0,0
6.803,3,1,1,1,1,528,1,545,511,0,0
6.804,4,1,1,1,1,505,1,540,494,0,0
6.805,5,1,1,1,1,504,1,520,501,0,0
6.806,6,1,1,1,1,517,1,508,525,0,0
6.807,7,1,1,1,1,512,1,481,555,0,0
6.808,8,1,1,1,1,495,1,438,569,0,0
6.809,9,1,1,1,1,472,1,418,563,0,0
6.81,10,1,1,1,1,456,1,399,514,0,0
6.811,11,1,1,1,1,461,1,416,448,0,0
6.812,12,1,1,1,1,483,1,481,447,0,0
6.813,13,1,1,1,1,519,1,539,501,0,0
6.814,14,1,1,1,1,541,1,560,508,0,0
6.815,15,1,1,1,1,539,1,562,506,0,0
6.816,0,1,1,1,1,524,1,544,497,0,0
6.817,1,1,1,1,1,516,1,548,509,0,0
6.818,2,1,1,1,1,510,1,547,514,0,0
6.819,3,1,1,1,1,511,1,541,519,0,0
6.82,4,1,1,1,1,514,1,543,524,0,0
6.821,5,1,1,1,1,551,1,566,504,0,0
6.822,6,1,1,1,1,553,1,562,478,0,0
6.823,7,1,1,1,1,527,1,537,464,0,0
6.824,8,1,1,1,1,524,1,526,479,0,0
6.825,9,1,1,1,1,530,1,520,505,0,0
6.826,10,1,1,1,1,524,2,487,520,0,0
6.827,11,1,1,1,1,507,1,475,519,0,0
6.828,12,1,1,1,1,510,1,514,525,0,0
6.829,13,1,1,1,1,504,1,495,532,0,0
6.83,14,1,1,1,1,509,1,498,516,0,0
6.831,15,1,1,1,1,500,1,498,484,0,0
6.832,0,1,1,1,1,481,1,469,467,0,0
6.833,1,1,1,1,1,486,1,452,544,0,0
6.834,2,1,1,1,1,483,1,440,549,0,0
6.835,3,1,1,1,1,472,1,423,572,0,0
6.836,4,1,1,1,1,474,1,437,518,0,0
6.837,5,1,1,1,1,507,1,477,493,0,0
6.838,6,1,1,1,1,507,1,489,506,0,0
6.839,7,1,1,1,1,524,1,532,491,0,0
6.84,8,1,1,1,1,530,1,559,475,0,0
6.841,9,1,1,1,1,541,1,583,492,0,0
6.842,10,1,1,1,1,534,2,598,505,0,0
6.843,11,1,1,1,1,541,1,595,514,0,0
6.844,12,1,1,1,1,540,1,581,538,0,0
6.845,13,1,1,1,1,548,1,563,529,0,0
6.846,14,1,1,1,1,550,1,578,515,0,0
6.847,15,1,1,1,1,536,0,614,491,0,0
6.848,0,1,1,1,1,545,1,633,505,0,0
6.849,1,1,1,1,1,537,1,570,476,0,0
6.85,2,1,1,1,1,512,2,480,476,0,0
6.851,3,1,1,1,1,475,1,360,507,0,0
6.852,4,1,1,1,1,444,1,292,547,0,0
6.853,5,1,1,1,1,425,1,302,514,0,0
6.854,6,1,1,1,1,402,0,287,519,0,0
6.855,7,1,1,1,1,424,0,366,523,0,0
6.856,8,1,1,1,1,473,1,484,508,0,0
6.857,9,1,1,1,1,521,1,553,504,0,0
6.858,10,1,1,1,1,553,2,612,504,0,0
6.859,11,1,1,1,1,564,1,614,510,0,0
6.86,12,1,1,1,1,558,1,587,515,0,0
6.861,13,1,1,1,1,540,1,535,526,0,0
6.862,14,1,1,1,1,528,1,508,519,0,0
6.863,15,1,1,1,1,518,0,477,524,0,0
6.864,0,1,1,1,1,487,1,461,508,0,0
6.865,1,1,1,1,1,476,1,467,478,0,0
6.866,2,1,1,1,1,497,1,518,455,0,0
6.867,3,1,1,1,1,532,1,596,465,0,0
6.868,4,1,1,1,1,540,1,609,478,0,0
6.869,5,1,1,1,1,543,1,592,497,0,0
6.87,6,1,1,1,1,543,1,585,514,0,0
6.871,7,1,1,1,1,535,1,547,515,0,0
6.872,8,1,1,1,1,521,1,500,538,0,0
6.873,9,1,1,1,1,511,1,486,543,0,0
6.874,10,1,1,1,1,488,1,460,527,0,0
6.875,11,1,1,1,1,478,1,455,524,0,0
6.876,12,1,1,1,1,496,1,483,518,0,0
6.877,13,1,1,1,1,514,1,505,516,0,0
6.878,14,1,1,1,1,519,1,509,524,0,0
6.879,15,1,1,1,1,512,1,507,523,0,0
6.88,0,1,1,1,1,517,1,534,506,0,0
6.881,1,1,1,1,1,515,1,550,494,0,0
6.882,2,1,1,1,1,520,2,566,490,0,0
6.883,3,1,1,1,1,527,1,563,479,0,0
6.884,4,1,1,1,1,533,1,539,487,0,0
6.885,5,1,1,1,1,523,1,505,475,0,0
6.886,6,1,1,1,1,499,1,480,488,0,0
6.887,7,1,1,1,1,491,1,468,525,0,0
6.888,8,1,1,1,1,488,1,444,536,0,0
6.889,9,1,1,1,1,482,1,424,550,0,0
6.89,10,1,1,1,1,503,2,435,530,0,0
6.891,11,1,1,1,1,498,1,454,526,0,0
6.892,12,1,1,1,1,508,0,475,511,0,0
6.893,13,1,1,1,1,499,1,483,482,0,0
6.894,14,1,1,1,1,502,1,508,514,0,0
6.895,15,1,1,1,1,519,1,534,504,0,0
6.896,0,1,1,1,1,528,1,545,485,0,0
6.897,1,1,1,1,1,535,1,559,486,0,0
6.898,2,1,1,1,1,540,2,578,491,0,0
6.899,3,1,1,1,1,528,1,571,530,0,0
6.9,4,1,1,1,1,534,0,572,507,0,0
6.901,5,1,1,1,1,547,1,595,491,0,0
6.902,6,1,1,1,1,533,1,564,552,0,0
6.903,7,1,1,1,1,512,1,494,519,0,0
6.904,8,1,1,1,1,485,1,439,501,0,0
6.905,9,1,1,1,1,478,1,423,488,0,0
6.906,10,1,1,1,1,482,1,439,504,0,0
6.907,11,1,1,1,1,474,1,453,496,0,0
6.908,12,1,1,1,1,485,0,484,502,0,0
6.909,13,1,1,1,1,509,1,519,521,0,0
6.91,14,1,1,1,1,520,1,523,538,0,0
6.911,15,1,1,1,1,527,1,531,537,0,0
6.912,0,1,1,1,1,517,1,545,534,0,0
6.913,1,1,1,1,1,510,1,545,510,0,0
6.914,2,1,1,1,1,519,1,538,486,0,0
6.915,3,1,1,1,1,523,1,534,488,0,0
6.916,4,1,1,1,1,511,1,515,484,0,0
6.917,5,1,1,1,1,510,1,504,507,0,0
6.918,6,1,1,1,1,523,1,568,516,0,0
6.919,7,1,1,1,1,550,1,619,492,0,0
6.92,8,1,1,1,1,538,1,590,469,0,0
6.921,9,1,1,1,1,528,1,558,469,0,0
6.922,10,1,1,1,1,535,1,532,510,0,0
6.923,11,1,1,1,1,529,1,487,533,0,0
6.924,12,1,1,1,1,511,1,468,536,0,0
6.925,13,1,1,1,1,471,1,449,526,0,0
6.926,14,1,1,1,1,470,1,471,530,0,0
6.927,15,1,1,1,1,475,1,487,540,0,0
6.928,0,1,1,1,1,494,1,493,525,0,0
6.929,1,1,1,1,1,516,1,469,528,0,0
6.93,2,1,1,1,1,489,1,432,522,0,0
6.931,3,1,1,1,1,477,1,425,489,0,0
6.932,4,1,1,1,1,475,0,440,495,0,0
6.933,5,1,1,1,1,508,1,475,490,0,0
6.934,6,1,1,1,1,506,1,494,500,0,0
6.935,7,1,1,1,1,508,1,524,501,0,0
6.936,8,1,1,1,1,511,1,531,499,0,0
6.937,9,1,1,1,1,512,1,545,509,0,0
6.938,10,1,1,1,1,532,2,558,514,0,0
6.939,11,1,1,1,1,539,1,571,496,0,0
6.94,12,1,1,1,1,542,0,571,486,0,0
6.941,13,1,1,1,1,524,1,542,519,0,0
6.942,14,1,1,1,1,529,1,525,486,0,0
6.943,15,1,1,1,1,528,1,502,489,0,0
6.944,0,1,1,1,1,518,1,489,559,0,0
6.945,1,1,1,1,1,526,1,531,528,0,0
6.946,2,1,1,1,1,537,2,621,470,0,0
6.947,3,1,1,1,1,547,1,660,481,0,0
6.948,4,1,1,1,1,530,0,583,484,0,0
6.949,5,1,1,1,1,501,1,476,515,0,0
6.95,6,1,1,1,1,511,1,408,551,0,0
6.951,7,1,1,1,1,484,1,319,562,0,0
6.952,8,1,1,1,1,427,1,271,543,0,0
6.953,9,1,1,1,1,394,0,300,506,0,0
6.954,10,1,1,1,1,434,1,421,486,0,0
6.955,11,1,1,1,1,511,1,551,497,0,0
6.956,12,1,1,1,1,545,1,602,524,0,0
6.957,13,1,1,1,1,551,1,596,510,0,0
6.958,14,1,1,1,1,538,1,577,501,0,0
6.959,15,1,1,1,1,538,1,562,497,0,0
6.96,0,1,1,1,1,532,1,543,497,0,0
6.961,1,1,1,1,1,521,1,523,504,0,0
6.962,2,1,1,1,1,515,2,518,500,0,0
6.963,3,1,1,1,1,514,1,522,492,0,0
6.964,4,1,1,1,1,520,1,532,513,0,0
6.965,5,1,1,1,1,529,1,544,521,0,0
6.966,6,1,1,1,1,534,1,535,508,0,0
6.967,7,1,1,1,1,522,1,521,507,0,0
6.968,8,1,1,1,1,524,1,535,517,0,0
6.969,9,1,1,1,1,516,1,531,511,0,0
6.97,10,1,1,1,1,504,2,512,507,0,0
6.971,11,1,1,1,1,503,1,497,509,0,0
6.972,12,1,1,1,1,499,1,496,501,0,0
6.973,13,1,1,1,1,506,1,506,479,0,0
6.974,14,1,1,1,1,511,1,514,489,0,0
6.975,15,1,1,1,1,518,0,508,503,0,0
6.976,0,1,1,1,1,511,1,497,512,0,0
6.977,1,1,1,1,1,516,1,516,524,0,0
6.978,2,1,1,1,1,519,2,528,515,0,0
6.979,3,1,1,1,1,503,1,519,529,0,0
6.98,4,1,1,1,1,503,1,517,524,0,0
6.981,5,1,1,1,1,511,1,498,518,0,0
6.982,6,1,1,1,1,511,1,488,517,0,0
6.983,7,1,1,1,1,508,0,487,510,0,0
6.984,8,1,1,1,1,511,1,477,508,0,0
6.985,9,1,1,1,1,497,1,483,493,0,0
6.986,10,1,1,1,1,500,2,503,501,0,0
6.987,11,1,1,1,1,510,1,525,514,0,0
6.988,12,1,1,1,1,527,1,552,508,0,0
6.989,13,1,1,1,1,533,1,568,512,0,0
6.99,14,1,1,1,1,528,1,569,511,0,0
6.991,15,1,1,1,1,536,1,604,497,0,0
6.992,0,1,1,1,1,546,1,619,480,0,0
6.993,1,1,1,1,1,540,1,566,457,0,0
6.994,2,1,1,1,1,519,2,480,480,0,0
6.995,3,1,1,1,1,519,1,442,541,0,0
6.996,4,1,1,1,1,532,1,483,552,0,0
6.997,5,1,1,1,1,524,1,481,517,0,0
6.998,6,1,1,1,1,492,1,437,516,0,0
6.999,7,1,1,1,1,433,1,373,540,0,0
7.0,8,1,1,1,1,436,0,359,504,0,0
7.001,9,1,1,1,1,461,1,364,529,0,0
7.002,10,1,1,1,1,451,1,369,505,0,0
7.003,11,1,1,1,1,451,1,409,488,0,0
7.004,12,1,1,1,1,476,1,482,491,0,0
7.005,13,1,1,1,1,505,1,539,488,0,0
7.006,14,1,1,1,1,511,1,552,540,0,0
7.007,15,1,1,1,1,521,1,553,542,0,0
7.008,0,1,1,1,1,529,1,564,518,0,0
7.009,1,1,1,1,1,542,1,564,502,0,0
7.01,2,1,1,1,1,550,2,591,495,0,0
7.011,3,1,1,1,1,548,1,632,506,0,0
7.012,4,1,1,1,1,553,1,650,480,0,0
7.013,5,1,1,1,1,547,1,624,478,0,0
7.014,6,1,1,1,1,550,1,583,498,0,0
7.015,7,1,1,1,1,541,1,527,537,0,0
7.016,8,1,1,1,1,528,1,476,544,0,0
7.017,9,1,1,1,1,513,1,447,522,0,0
7.018,10,1,1,1,1,479,1,468,478,0,0
7.019,11,1,1,1,1,490,1,518,467,0,0
7.02,12,1,1,1,1,515,1,576,484,0,0
7.021,13,1,1,1,1,520,1,557,510,0,0
7.022,14,1,1,1,1,542,1,536,537,0,0
7.023,15,1,1,1,1,534,1,467,537,0,0
7.024,0,1,1,1,1,482,1,397,533,0,0
7.025,1,1,1,1,1,477,1,371,507,0,0
7.026,2,1,1,1,1,443,1,359,510,0,0
7.027,3,1,1,1,1,450,1,411,524,0,0
7.028,4,1,1,1,1,488,1,479,513,0,0
7.029,5,1,1,1,1,498,1,519,485,0,0
7.03,6,1,1,1,1,516,1,573,512,0,0
7.031,7,1,1,1,1,545,1,609,508,0,0
7.032,8,1,1,1,1,558,1,642,499,0,0
7.033,9,1,1,1,1,555,1,641,481,0,0
7.034,10,1,1,1,1,560,1,607,492,0,0
7.035,11,1,1,1,1,543,1,527,505,0,0
7.036,12,1,1,1,1,528,1,482,538,0,0
7.037,13,1,1,1,1,493,1,408,539,0,0
7.038,14,1,1,1,1,470,1,388,503,0,0
7.039,15,1,1,1,1,459,1,408,527,0,0
7.04,0,1,1,1,1,448,1,437,501,0,0
7.041,1,1,1,1,1,494,1,519,494,0,0
7.042,2,1,1,1,1,532,2,567,503,0,0
7.043,3,1,1,1,1,535,1,568,500,0,0
7.044,4,1,1,1,1,537,1,567,504,0,0
7.045,5,1,1,1,1,530,1,555,504,0,0
7.046,6,1,1,1,1,520,1,547,511,0,0
7.047,7,1,1,1,1,524,1,572,505,0,0
7.048,8,1,1,1,1,525,1,558,491,0,0
7.049,9,1,1,1,1,526,1,539,491,0,0
7.05,10,1,1,1,1,520,2,504,508,0,0
7.051,11,1,1,1,1,524,1,470,524,0,0
7.052,12,1,1,1,1,515,1,447,529,0,0
7.053,13,1,1,1,1,480,1,428,514,0,0
7.054,14,1,1,1,1,463,1,438,514,0,0
7.055,15,1,1,1,1,491,1,486,503,0,0
7.056,0,1,1,1,1,494,1,508,547,0,0
7.057,1,1,1,1,1,497,1,514,496,0,0
7.058,2,1,1,1,1,519,2,525,484,0,0
7.059,3,1,1,1,1,523,1,526,498,0,0
7.06,4,1,1,1,1,518,1,522,503,0,0
7.061,5,1,1,1,1,514,1,507,499,0,0
7.062,6,1,1,1,1,513,1,527,513,0,0
7.063,7,1,1,1,1,526,1,545,515,0,0
7.064,8,1,1,1,1,540,1,569,521,0,0
7.065,9,1,1,1,1,542,1,562,501,0,0
7.066,10,1,1,1,1,543,2,552,500,0,0
7.067,11,1,1,1,1,537,1,546,525,0,0
7.068,12,1,1,1,1,517,1,533,519,0,0
7.069,13,1,1,1,1,505,1,510,494,0,0
7.07,14,1,1,1,1,486,1,464,486,0,0
7.071,15,1,1,1,1,492,0,444,513,0,0
7.072,0,1,1,1,1,495,1,440,526,0,0
7.073,1,1,1,1,1,505,1,464,514,0,0
7.074,2,1,1,1,1,496,2,486,513,0,0
7.075,3,1,1,1,1,512,1,516,513,0,0
7.076,4,1,1,1,1,521,1,551,501,0,0
7.077,5,1,1,1,1,513,1,563,483,0,0
7.078,6,1,1,1,1,505,1,530,515,0,0
7.079,7,1,1,1,1,501,0,513,531,0,0
7.08,8,1,1,1,1,494,1,477,515,0,0
7.081,9,1,1,1,1,503,1,456,512,0,0
7.082,10,1,1,1,1,502,2,464,502,0,0
7.083,11,1,1,1,1,494,1,513,502,0,0
7.084,12,1,1,1,1,504,1,547,496,0,0
7.085,13,1,1,1,1,519,1,526,520,0,0
7.086,14,1,1,1,1,524,1,517,520,0,0
7.087,15,1,1,1,1,515,1,494,513,0,0
7.088,0,1,1,1,1,530,1,510,500,0,0
7.089,1,1,1,1,1,527,1,537,501,0,0
7.09,2,1,1,1,1,513,2,527,507,0,0
7.091,3,1,1,1,1,508,1,520,499,0,0
7.092,4,1,1,1,1,543,1,551,501,0,0
7.093,5,1,1,1,1,557,1,563,503,0,0
7.094,6,1,1,1,1,508,1,493,508,0,0
7.095,7,1,1,1,1,468,1,435,499,0,0
7.096,8,1,1,1,1,461,1,435,506,0,0
7.097,9,1,1,1,1,473,1,446,527,0,0
7.098,10,1,1,1,1,494,2,465,540,0,0
7.099,11,1,1,1,1,503,1,476,523,0,0
7.1,12,1,1,1,1,494,1,475,502,0,0
7.101,13,1,1,1,1,501,1,483,512,0,0
7.102,14,1,1,1,1,508,1,507,513,0,0
7.103,15,1,1,1,1,511,1,519,508,0,0
7.104,0,1,1,1,1,514,1,533,507,0,0
7.105,1,1,1,1,1,539,1,560,520,0,0
7.106,2,1,1,1,1,544,2,567,507,0,0
7.107,3,1,1,1,1,543,1,572,486,0,0
7.108,4,1,1,1,1,542,0,565,483,0,0
7.109,5,1,1,1,1,540,1,579,496,0,0
7.11,6,1,1,1,1,539,1,580,495,0,0
7.111,7,1,1,1,1,527,1,550,507,0,0
7.112,8,1,1,1,1,518,1,528,511,0,0
7.113,9,1,1,1,1,509,1,494,506,0,0
7.114,10,1,1,1,1,480,1,460,529,0,0
7.115,11,1,1,1,1,488,1,453,511,0,0
7.116,12,1,1,1,1,503,0,463,512,0,0
7.117,13,1,1,1,1,502,1,468,518,0,0
7.118,14,1,1,1,1,493,1,477,491,0,0
7.119,15,1,1,1,1,481,1,473,527,0,0
7.12,0,1,1,1,1,495,1,495,518,0,0
7.121,1,1,1,1,1,517,1,515,495,0,0
7.122,2,1,1,1,1,527,2,531,504,0,0
7.123,3,1,1,1,1,524,1,529,527,0,0
7.124,4,1,1,1,1,524,0,512,528,0,0
7.125,5,1,1,1,1,512,1,503,504,0,0
7.126,6,1,1,1,1,504,1,503,499,0,0
7.127,7,1,1,1,1,502,1,507,495,0,0
7.128,8,1,1,1,1,504,1,514,483,0,0
7.129,9,1,1,1,1,515,1,540,478,0,0
7.13,10,1,1,1,1,533,1,557,491,0,0
7.131,11,1,1,1,1,540,1,553,509,0,0
7.132,12,1,1,1,1,536,1,550,518,0,0
7.133,13,1,1,1,1,529,1,555,518,0,0
7.134,14,1,1,1,1,530,1,543,516,0,0
7.135,15,1,1,1,1,516,1,510,517,0,0
7.136,0,1,1,1,1,516,1,529,529,0,0
7.137,1,1,1,1,1,507,1,531,519,0,0
7.138,2,1,1,1,1,515,1,536,520,0,0
7.139,3,1,1,1,1,488,1,471,510,0,0
7.14,4,1,1,1,1,484,1,446,505,0,0
7.141,5,1,1,1,1,484,1,411,505,0,0
7.142,6,1,1,1,1,493,1,420,491,0,0
7.143,7,1,1,1,1,470,1,386,507,0,0
7.144,8,1,1,1,1,468,1,417,522,0,0
7.145,9,1,1,1,1,484,1,493,507,0,0
7.146,10,1,1,1,1,509,1,541,524,0,0
7.147,11,1,1,1,1,526,1,552,517,0,0
7.148,12,1,1,1,1,523,1,545,497,0,0
7.149,13,1,1,1,1,525,1,527,500,0,0
7.15,14,1,1,1,1,524,1,519,509,0,0
7.151,15,1,1,1,1,522,1,538,506,0,0
7.152,0,1,1,1,1,529,1,554,506,0,0
7.153,1,1,1,1,1,544,1,598,502,0,0
7.154,2,1,1,1,1,551,2,655,513,0,0
7.155,3,1,1,1,1,554,1,655,501,0,0
7.156,4,1,1,1,1,561,0,650,476,0,0
7.157,5,1,1,1,1,561,1,641,491,0,0
7.158,6,1,1,1,1,543,1,560,523,0,0
7.159,7,1,1,1,1,520,1,472,537,0,0
7.16,8,1,1,1,1,476,1,371,515,0,0
7.161,9,1,1,1,1,460,1,316,524,0,0
7.162,10,1,1,1,1,425,1,282,531,0,0
7.163,11,1,1,1,1,423,0,292,509,0,0
7.164,12,1,1,1,1,424,0,320,506,0,0
7.165,13,1,1,1,1,450,1,415,473,0,0
7.166,14,1,1,1,1,499,1,496,477,0,0
7.167,15,1,1,1,1,527,1,543,514,0,0
7.168,0,1,1,1,1,563,2,594,547,0,0
7.169,1,1,1,1,1,581,2,611,557,0,0
7.17,2,1,1,1,1,547,2,607,522,0,0
7.171,3,1,1,1,1,548,1,629,500,0,0
7.172,4,1,1,1,1,538,1,596,474,0,0
7.173,5,1,1,1,1,512,1,558,472,0,0
7.174,6,1,1,1,1,511,1,531,493,0,0
7.175,7,1,1,1,1,507,1,482,505,0,0
7.176,8,1,1,1,1,496,1,460,511,0,0
7.177,9,1,1,1,1,491,1,436,543,0,0
7.178,10,1,1,1,1,478,1,432,548,0,0
7.179,11,1,1,1,1,480,1,476,526,0,0
7.18,12,1,1,1,1,503,1,537,490,0,0
7.181,13,1,1,1,1,516,1,547,508,0,0
7.182,14,1,1,1,1,524,1,540,492,0,0
7.183,15,1,1,1,1,532,1,529,503,0,0
7.184,0,1,1,1,1,522,1,503,507,0,0
7.185,1,1,1,1,1,501,1,480,500,0,0
7.186,2,1,1,1,1,502,2,505,482,0,0
7.187,3,1,1,1,1,518,1,540,478,0,0
7.188,4,1,1,1,1,518,1,549,497,0,0
7.189,5,1,1,1,1,515,1,547,525,0,0
7.19,6,1,1,1,1,528,1,552,508,0,0
7.191,7,1,1,1,1,543,1,587,506,0,0
7.192,8,1,1,1,1,539,1,564,531,0,0
7.193,9,1,1,1,1,539,1,564,501,0,0
7.194,10,1,1,1,1,519,2,536,486,0,0
7.195,11,1,1,1,1,497,1,486,503,0,0
7.196,12,1,1,1,1,496,1,438,521,0,0
7.197,13,1,1,1,1,489,1,438,514,0,0
7.198,14,1,1,1,1,496,1,435,528,0,0
7.199,15,1,1,1,1,502,0,447,530,0,0
7.2,0,1,1,1,1,496,1,439,526,0,0
7.201,1,1,1,1,1,481,1,452,526,0,0
7.202,2,1,1,1,1,476,1,482,513,0,0
7.203,3,1,1,1,1,504,1,535,521,0,0
7.204,4,1,1,1,1,525,1,558,511,0,0
7.205,5,1,1,1,1,526,1,551,497,0,0
7.206,6,1,1,1,1,529,1,289,498,0,0
7.207,7,1,1,1,1,524,0,0,504,0,0
7.208,8,1,1,1,1,530,1,0,486,0,0
7.209,9,1,1,1,1,545,1,0,449,0,0
7.21,10,1,1,1,1,538,2,0,477,0,0
7.211,11,1,1,1,1,519,1,0,516,0,0
7.212,12,1,1,1,1,514,1,0,523,0,0
7.213,13,1,1,1,1,515,1,0,508,0,0
7.214,14,1,1,1,1,515,1,128,501,0,0
7.215,15,1,1,1,1,500,1,247,538,0,0
7.216,0,1,1,1,1,482,1,344,502,0,0
7.217,1,1,1,1,1,497,1,433,504,0,0
7.218,2,1,1,1,1,514,2,523,540,0,0
7.219,3,1,1,1,1,507,1,575,533,0,0
7.22,4,1,1,1,1,505,1,622,529,0,0
7.221,5,1,1,1,1,496,1,681,521,0,0
7.222,6,1,1,1,1,515,1,762,497,0,0
7.223,7,1,1,1,1,545,1,852,485,0,0
7.224,8,1,1,1,1,566,1,914,490,0,0
7.225,9,1,1,1,1,560,1,892,483,0,0
7.226,10,1,1,1,1,543,2,786,513,0,0
7.227,11,1,1,1,1,520,1,684,533,0,0
7.228,12,1,1,1,1,504,1,615,543,0,0
7.229,13,1,1,1,1,444,1,542,498,0,0
7.23,14,1,1,1,1,419,1,543,508,0,0
7.231,15,1,1,1,1,449,1,636,513,0,0
7.232,0,1,1,1,1,488,1,736,480,0,0
7.233,1,1,1,1,1,493,1,785,475,0,0
7.234,2,1,1,1,1,531,2,792,491,0,0
7.235,3,1,1,1,1,542,1,731,518,0,0
7.236,4,1,1,1,1,526,1,690,518,0,0
7.237,5,1,1,1,1,494,1,629,534,0,0
7.238,6,1,1,1,1,468,1,611,522,0,0
7.239,7,1,1,1,1,491,1,624,491,0,0
7.24,8,1,1,1,1,490,1,604,504,0,0
7.241,9,1,1,1,1,509,1,623,516,0,0
7.242,10,1,1,1,1,529,1,689,527,0,0
7.243,11,1,1,1,1,564,1,747,520,0,0
7.244,12,1,1,1,1,552,1,717,492,0,0
7.245,13,1,1,1,1,518,1,656,505,0,0
7.246,14,1,1,1,1,512,1,615,502,0,0
7.247,15,1,1,1,1,526,1,575,500,0,0
7.248,0,1,1,1,1,515,1,554,504,0,0
7.249,1,1,1,1,1,500,1,566,536,0,0
7.25,2,1,1,1,1,513,1,627,519,0,0
7.251,3,1,1,1,1,537,1,686,502,0,0
7.252,4,1,1,1,1,531,1,647,511,0,0
7.253,5,1,1,1,1,520,1,586,523,0,0
7.254,6,1,1,1,1,503,1,552,493,0,0
7.255,7,1,1,1,1,497,1,527,492,0,0
7.256,8,1,1,1,1,491,1,512,513,0,0
7.257,9,1,1,1,1,478,1,510,514,0,0
7.258,10,1,1,1,1,474,1,524,487,0,0
7.259,11,1,1,1,1,498,1,559,493,0,0
7.26,12,1,1,1,1,521,1,582,494,0,0
7.261,13,1,1,1,1,531,1,622,481,0,0
7.262,14,1,1,1,1,552,1,703,500,0,0
7.263,15,1,1,1,1,552,1,699,503,0,0
7.264,0,1,1,1,1,541,1,676,485,0,0
7.265,1,1,1,1,1,544,1,635,545,0,0
7.266,2,1,1,1,1,533,2,543,536,0,0
7.267,3,1,1,1,1,523,1,464,536,0,0
7.268,4,1,1,1,1,468,1,372,520,0,0
7.269,5,1,1,1,1,437,1,345,518,0,0
7.27,6,1,1,1,1,432,1,356,508,0,0
7.271,7,1,1,1,1,439,1,416,514,0,0
7.272,8,1,1,1,1,478,1,494,530,0,0
7.273,9,1,1,1,1,510,1,559,517,0,0
7.274,10,1,1,1,1,536,2,599,520,0,0
7.275,11,1,1,1,1,543,1,615,519,0,0
7.276,12,1,1,1,1,561,1,656,491,0,0
7.277,13,1,1,1,1,567,1,664,473,0,0
7.278,14,1,1,1,1,540,1,642,473,0,0
7.279,15,1,1,1,1,538,1,607,479,0,0
7.28,0,1,1,1,1,526,1,570,543,0,0
7.281,1,1,1,1,1,529,1,522,547,0,0
7.282,2,1,1,1,1,505,2,466,518,0,0
7.283,3,1,1,1,1,476,1,437,492,0,0
7.284,4,1,1,1,1,473,1,472,486,0,0
7.285,5,1,1,1,1,494,1,510,488,0,0
7.286,6,1,1,1,1,508,1,525,508,0,0
7.287,7,1,1,1,1,511,0,529,517,0,0
7.288,8,1,1,1,1,503,1,520,522,0,0
7.289,9,1,1,1,1,508,1,527,510,0,0
7.29,10,1,1,1,1,523,2,541,507,0,0
7.291,11,1,1,1,1,532,1,543,504,0,0
7.292,12,1,1,1,1,525,1,546,506,0,0
7.293,13,1,1,1,1,518,1,536,505,0,0
7.294,14,1,1,1,1,513,1,537,508,0,0
7.295,15,1,1,1,1,520,0,535,522,0,0
7.296,0,1,1,1,1,517,1,530,522,0,0
7.297,1,1,1,1,1,519,1,534,512,0,0
7.298,2,1,1,1,1,518,2,553,511,0,0
7.299,3,1,1,1,1,524,1,595,503,0,0
7.3,4,1,1,1,1,532,1,591,488,0,0
7.301,5,1,1,1,1,518,1,558,480,0,0
7.302,6,1,1,1,1,520,1,514,497,0,0
7.303,7,1,1,1,1,510,1,448,512,0,0
7.304,8,1,1,1,1,496,1,440,516,0,0
7.305,9,1,1,1,1,478,1,425,509,0,0
7.306,10,1,1,1,1,479,1,442,505,0,0
7.307,11,1,1,1,1,509,1,488,520,0,0
7.308,12,1,1,1,1,512,1,502,515,0,0
7.309,13,1,1,1,1,498,1,487,527,0,0
7.31,14,1,1,1,1,486,1,500,527,0,0
7.311,15,1,1,1,1,489,1,521,510,0,0
7.312,0,1,1,1,1,509,1,529,506,0,0
7.313,1,1,1,1,1,513,1,524,481,0,0
7.314,2,1,1,1,1,515,2,552,488,0,0
7.315,3,1,1,1,1,535,1,580,492,0,0
7.316,4,1,1,1,1,524,1,560,505,0,0
7.317,5,1,1,1,1,540,1,565,507,0,0
7.318,6,1,1,1,1,530,1,530,494,0,0
7.319,7,1,1,1,1,522,1,495,545,0,0
7.32,8,1,1,1,1,511,1,473,506,0,0
7.321,9,1,1,1,1,514,1,482,487,0,0
7.322,10,1,1,1,1,521,2,530,502,0,0
7.323,11,1,1,1,1,525,1,552,543,0,0
7.324,12,1,1,1,1,503,0,549,542,0,0
7.325,13,1,1,1,1,497,1,534,527,0,0
7.326,14,1,1,1,1,510,1,513,531,0,0
7.327,15,1,1,1,1,519,1,486,534,0,0
7.328,0,1,1,1,1,497,1,451,517,0,0
7.329,1,1,1,1,1,468,1,430,489,0,0
7.33,2,1,1,1,1,459,1,425,449,0,0
7.331,3,1,1,1,1,467,1,505,516,0,0
7.332,4,1,1,1,1,488,0,575,485,0,0
7.333,5,1,1,1,1,515,1,598,471,0,0
7.334,6,1,1,1,1,538,1,563,508,0,0
7.335,7,1,1,1,1,533,1,505,527,0,0
7.336,8,1,1,1,1,527,1,454,551,0,0
7.337,9,1,1,1,1,516,1,434,522,0,0
7.338,10,1,1,1,1,494,2,425,503,0,0
7.339,11,1,1,1,1,476,1,444,494,0,0
7.34,12,1,1,1,1,505,0,520,507,0,0
7.341,13,1,1,1,1,529,1,565,507,0,0
7.342,14,1,1,1,1,534,1,574,511,0,0
7.343,15,1,1,1,1,546,1,600,501,0,0
7.344,0,1,1,1,1,546,1,605,504,0,0
7.345,1,1,1,1,1,550,1,632,523,0,0
7.346,2,1,1,1,1,563,2,669,508,0,0
7.347,3,1,1,1,1,538,1,618,477,0,0
7.348,4,1,1,1,1,519,1,534,478,0,0
7.349,5,1,1,1,1,504,1,459,514,0,0
7.35,6,1,1,1,1,483,1,383,527,0,0
7.351,7,1,1,1,1,472,1,366,542,0,0
7.352,8,1,1,1,1,450,1,377,524,0,0
7.353,9,1,1,1,1,457,1,416,503,0,0
7.354,10,1,1,1,1,456,1,450,497,0,0
7.355,11,1,1,1,1,496,1,523,512,0,0
7.356,12,1,1,1,1,536,1,563,526,0,0
7.357,13,1,1,1,1,547,1,565,507,0,0
7.358,14,1,1,1,1,540,1,565,484,0,0
7.359,15,1,1,1,1,529,1,556,492,0,0
7.36,0,1,1,1,1,522,1,554,496,0,0
7.361,1,1,1,1,1,524,1,557,509,0,0
7.362,2,1,1,1,1,522,1,554,534,0,0
7.363,3,1,1,1,1,526,1,544,520,0,0
7.364,4,1,1,1,1,515,1,518,502,0,0
7.365,5,1,1,1,1,510,1,516,509,0,0
7.366,6,1,1,1,1,519,1,528,525,0,0
7.367,7,1,1,1,1,519,1,542,516,0,0
7.368,8,1,1,1,1,525,1,541,500,0,0
7.369,9,1,1,1,1,528,1,548,496,0,0
7.37,10,1,1,1,1,536,2,566,499,0,0
7.371,11,1,1,1,1,514,1,526,493,0,0
7.372,12,1,1,1,1,499,0,475,512,0,0
7.373,13,1,1,1,1,492,1,458,527,0,0
7.374,14,1,1,1,1,506,1,465,543,0,0
7.375,15,1,1,1,1,497,1,466,512,0,0
7.376,0,1,1,1,1,497,1,492,483,0,0
7.377,1,1,1,1,1,513,1,505,488,0,0
7.378,2,1,1,1,1,518,2,496,507,0,0
7.379,3,1,1,1,1,511,1,493,509,0,0
7.38,4,1,1,1,1,503,0,495,474,0,0
7.381,5,1,1,1,1,494,1,470,493,0,0
7.382,6,1,1,1,1,484,1,477,536,0,0
7.383,7,1,1,1,1,497,1,497,565,0,0
7.384,8,1,1,1,1,506,1,503,523,0,0
7.385,9,1,1,1,1,514,1,517,504,0,0
7.386,10,1,1,1,1,506,2,520,487,0,0
7.387,11,1,1,1,1,512,1,529,499,0,0
7.388,12,1,1,1,1,536,0,550,510,0,0
7.389,13,1,1,1,1,540,1,565,500,0,0
7.39,14,1,1,1,1,531,1,565,493,0,0
7.391,15,1,1,1,1,531,1,561,497,0,0
7.392,0,1,1,1,1,524,1,544,503,0,0
7.393,1,1,1,1,1,496,1,498,505,0,0
7.394,2,1,1,1,1,506,2,477,530,0,0
7.395,3,1,1,1,1,498,1,453,536,0,0
7.396,4,1,1,1,1,507,1,465,532,0,0
7.397,5,1,1,1,1,490,1,452,514,0,0
7.398,6,1,1,1,1,467,1,429,499,0,0
7.399,7,1,1,1,1,479,1,472,500,0,0
7.4,8,1,1,1,1,509,1,532,486,0,0
7.401,9,1,1,1,1,524,1,542,500,0,0
7.402,10,1,1,1,1,523,2,575,509,0,0
7.403,11,1,1,1,1,539,1,632,468,0,0
7.404,12,1,1,1,1,550,1,665,465,0,0
7.405,13,1,1,1,1,564,1,659,488,0,0
7.406,14,1,1,1,1,569,1,609,507,0,0
7.407,15,1,1,1,1,541,1,491,527,0,0
7.408,0,1,1,1,1,515,1,412,528,0,0
7.409,1,1,1,1,1,488,1,366,552,0,0
7.41,2,1,1,1,1,452,1,353,544,0,0
7.411,3,1,1,1,1,442,1,397,529,0,0
7.412,4,1,1,1,1,457,1,437,514,0,0
7.413,5,1,1,1,1,470,1,455,492,0,0
7.414,6,1,1,1,1,496,1,475,490,0,0
7.415,7,1,1,1,1,516,0,484,519,0,0
7.416,8,1,1,1,1,524,1,510,537,0,0
7.417,9,1,1,1,1,518,1,531,514,0,0
7.418,10,1,1,1,1,509,2,536,498,0,0
7.419,11,1,1,1,1,524,1,545,495,0,0
7.42,12,1,1,1,1,531,1,573,490,0,0
7.421,13,1,1,1,1,533,1,558,520,0,0
7.422,14,1,1,1,1,515,1,551,534,0,0
7.423,15,1,1,1,1,520,0,578,505,0,0
7.424,0,1,1,1,1,536,1,613,482,0,0
7.425,1,1,1,1,1,543,1,639,476,0,0
7.426,2,1,1,1,1,558,2,665,476,0,0
7.427,3,1,1,1,1,584,2,618,509,0,0
7.428,4,1,1,1,1,550,1,527,524,0,0
7.429,5,1,1,1,1,509,1,418,554,0,0
7.43,6,1,1,1,1,448,1,307,543,0,0
7.431,7,1,1,1,1,412,0,255,494,0,0
7.432,8,1,1,1,1,402,0,288,493,0,0
7.433,9,1,1,1,1,427,1,373,517,0,0
7.434,10,1,1,1,1,473,1,469,495,0,0
7.435,11,1,1,1,1,510,1,519,490,0,0
7.436,12,1,1,1,1,540,1,585,506,0,0
7.437,13,1,1,1,1,541,1,593,510,0,0
7.438,14,1,1,1,1,542,1,591,515,0,0
7.439,15,1,1,1,1,546,1,585,515,0,0
7.44,0,1,1,1,1,545,1,574,512,0,0
7.441,1,1,1,1,1,537,1,565,504,0,0
7.442,2,1,1,1,1,535,2,564,506,0,0
7.443,3,1,1,1,1,532,1,540,513,0,0
7.444,4,1,1,1,1,518,1,567,511,0,0
7.445,5,1,1,1,1,524,1,577,494,0,0
7.446,6,1,1,1,1,523,1,549,484,0,0
7.447,7,1,1,1,1,508,1,498,523,0,0
7.448,8,1,1,1,1,507,1,475,532,0,0
7.449,9,1,1,1,1,514,1,475,519,0,0
7.45,10,1,1,1,1,505,2,480,509,0,0
7.451,11,1,1,1,1,493,1,478,497,0,0
7.452,12,1,1,1,1,502,1,495,508,0,0
7.453,13,1,1,1,1,512,1,508,512,0,0
7.454,14,1,1,1,1,515,1,529,509,0,0
7.455,15,1,1,1,1,516,1,531,507,0,0
7.456,0,1,1,1,1,507,1,511,501,0,0
7.457,1,1,1,1,1,505,1,519,499,0,0
7.458,2,1,1,1,1,505,1,503,486,0,0
7.459,3,1,1,1,1,523,1,497,497,0,0
7.46,4,1,1,1,1,529,1,505,516,0,0
7.461,5,1,1,1,1,506,1,496,529,0,0
7.462,6,1,1,1,1,496,1,510,514,0,0
7.463,7,1,1,1,1,507,1,532,503,0,0
7.464,8,1,1,1,1,529,1,561,497,0,0
7.465,9,1,1,1,1,533,1,574,507,0,0
7.466,10,1,1,1,1,525,1,558,512,0,0
7.467,11,1,1,1,1,526,1,527,511,0,0
7.468,12,1,1,1,1,512,1,491,501,0,0
7.469,13,1,1,1,1,508,1,484,512,0,0
7.47,14,1,1,1,1,506,1,511,524,0,0
7.471,15,1,1,1,1,496,1,513,497,0,0
7.472,0,1,1,1,1,495,1,512,493,0,0
7.473,1,1,1,1,1,517,1,527,514,0,0
7.474,2,1,1,1,1,557,1,565,503,0,0
7.475,3,1,1,1,1,539,1,519,504,0,0
7.476,4,1,1,1,1,505,1,480,536,0,0
7.477,5,1,1,1,1,475,1,412,523,0,0
7.478,6,1,1,1,1,465,1,399,517,0,0
7.479,7,1,1,1,1,478,1,390,502,0,0
7.48,8,1,1,1,1,489,1,442,507,0,0
7.481,9,1,1,1,1,477,1,481,516,0,0
7.482,10,1,1,1,1,486,1,507,506,0,0
7.483,11,1,1,1,1,508,1,515,505,0,0
7.484,12,1,1,1,1,509,1,507,507,0,0
7.485,13,1,1,1,1,512,1,496,520,0,0
7.486,14,1,1,1,1,485,1,463,500,0,0
7.487,15,1,1,1,1,475,1,459,525,0,0
7.488,0,1,1,1,1,473,1,472,521,0,0
7.489,1,1,1,1,1,506,1,531,509,0,0
7.49,2,1,1,1,1,568,2,576,509,0,0
7.491,3,1,1,1,1,552,1,572,519,0,0
7.492,4,1,1,1,1,536,1,571,514,0,0
7.493,5,1,1,1,1,536,1,554,506,0,0
7.494,6,1,1,1,1,538,1,561,496,0,0
7.495,7,1,1,1,1,541,1,587,487,0,0
7.496,8,1,1,1,1,556,1,622,491,0,0
7.497,9,1,1,1,1,558,1,659,472,0,0
7.498,10,1,1,1,1,550,2,612,465,0,0
7.499,11,1,1,1,1,515,1,528,505,0,0
7.5,12,1,1,1,1,498,1,451,520,0,0
7.501,13,1,1,1,1,487,1,396,534,0,0
7.502,14,1,1,1,1,465,1,377,550,0,0
7.503,15,1,1,1,1,454,0,409,519,0,0
7.504,0,1,1,1,1,471,1,443,510,0,0
7.505,1,1,1,1,1,497,1,496,513,0,0
7.506,2,1,1,1,1,514,2,525,514,0,0
7.507,3,1,1,1,1,528,1,555,509,0,0
7.508,4,1,1,1,1,539,1,601,476,0,0
7.509,5,1,1,1,1,536,1,596,456,0,0
7.51,6,1,1,1,1,537,1,566,493,0,0
7.511,7,1,1,1,1,548,1,534,523,0,0
7.512,8,1,1,1,1,520,1,476,532,0,0
7.513,9,1,1,1,1,505,1,445,543,0,0
7.514,10,1,1,1,1,455,1,380,527,0,0
7.515,11,1,1,1,1,458,1,400,502,0,0
7.516,12,1,1,1,1,486,1,463,522,0,0
7.517,13,1,1,1,1,513,1,496,511,0,0
7.518,14,1,1,1,1,504,1,484,508,0,0
7.519,15,1,1,1,1,496,0,488,491,0,0
7.52,0,1,1,1,1,488,1,508,505,0,0
7.521,1,1,1,1,1,507,1,543,516,0,0
7.522,2,1,1,1,1,531,2,566,516,0,0
7.523,3,1,1,1,1,535,1,561,523,0,0
7.524,4,1,1,1,1,533,1,561,513,0,0
7.525,5,1,1,1,1,541,1,587,499,0,0
7.526,6,1,1,1,1,559,1,602,467,0,0
7.527,7,1,1,1,1,555,1,608,480,0,0
7.528,8,1,1,1,1,544,1,566,501,0,0
7.529,9,1,1,1,1,536,1,508,527,0,0
7.53,10,1,1,1,1,514,2,443,524,0,0
7.531,11,1,1,1,1,472,1,380,513,0,0
7.532,12,1,1,1,1,440,1,359,512,0,0
7.533,13,1,1,1,1,442,0,401,503,0,0
7.534,14,1,1,1,1,473,1,473,494,0,0
7.535,15,1,1,1,1,505,1,517,506,0,0
7.536,0,1,1,1,1,528,1,553,527,0,0
7.537,1,1,1,1,1,534,1,552,524,0,0
7.538,2,1,1,1,1,526,2,556,522,0,0
7.539,3,1,1,1,1,535,1,600,514,0,0
7.54,4,1,1,1,1,543,1,640,504,0,0
7.541,5,1,1,1,1,533,1,588,494,0,0
7.542,6,1,1,1,1,531,1,544,494,0,0
7.543,7,1,1,1,1,517,1,493,496,0,0
7.544,8,1,1,1,1,504,1,435,519,0,0
7.545,9,1,1,1,1,479,1,385,523,0,0
7.546,10,1,1,1,1,458,1,393,519,0,0
7.547,11,1,1,1,1,480,1,445,506,0,0
7.548,12,1,1,1,1,506,0,504,498,0,0
7.549,13,1,1,1,1,509,1,525,496,0,0
7.55,14,1,1,1,1,523,1,545,500,0,0
7.551,15,1,1,1,1,536,1,558,502,0,0
7.552,0,1,1,1,1,535,1,554,504,0,0
7.553,1,1,1,1,1,522,1,552,551,0,0
7.554,2,1,1,1,1,516,2,555,517,0,0
7.555,3,1,1,1,1,521,1,574,499,0,0
7.556,4,1,1,1,1,529,0,599,500,0,0
7.557,5,1,1,1,1,540,1,636,474,0,0
7.558,6,1,1,1,1,550,1,677,509,0,0
7.559,7,1,1,1,1,546,1,618,505,0,0
7.56,8,1,1,1,1,535,1,492,504,0,0
7.561,9,1,1,1,1,522,1,426,496,0,0
7.562,10,1,1,1,1,512,2,385,536,0,0
7.563,11,1,1,1,1,467,1,327,534,0,0
7.564,12,1,1,1,1,423,0,315,510,0,0
7.565,13,1,1,1,1,429,1,382,490,0,0
7.566,14,1,1,1,1,467,1,462,494,0,0
7.567,15,1,1,1,1,498,1,497,502,0,0
7.568,0,1,1,1,1,508,1,508,510,0,0
7.569,1,1,1,1,1,516,1,532,531,0,0
7.57,2,1,1,1,1,518,1,524,540,0,0
7.571,3,1,1,1,1,528,1,517,548,0,0
7.572,4,1,1,1,1,482,1,471,541,0,0
7.573,5,1,1,1,1,487,1,467,492,0,0
7.574,6,1,1,1,1,527,1,580,472,0,0
7.575,7,1,1,1,1,567,2,671,449,0,0
7.576,8,1,1,1,1,579,2,632,468,0,0
7.577,9,1,1,1,1,561,1,563,480,0,0
7.578,10,1,1,1,1,534,1,483,529,0,0
7.579,11,1,1,1,1,508,1,410,558,0,0
7.58,12,1,1,1,1,468,1,363,546,0,0
7.581,13,1,1,1,1,438,1,358,528,0,0
7.582,14,1,1,1,1,455,1,435,512,0,0
7.583,15,1,1,1,1,490,1,498,501,0,0
7.584,0,1,1,1,1,512,1,543,492,0,0
7.585,1,1,1,1,1,524,1,564,501,0,0
7.586,2,1,1,1,1,541,2,571,496,0,0
7.587,3,1,1,1,1,528,1,559,501,0,0
7.588,4,1,1,1,1,532,0,588,508,0,0
7.589,5,1,1,1,1,541,1,601,510,0,0
7.59,6,1,1,1,1,539,1,583,519,0,0
7.591,7,1,1,1,1,520,1,539,508,0,0
7.592,8,1,1,1,1,511,1,506,506,0,0
7.593,9,1,1,1,1,501,1,463,507,0,0
7.594,10,1,1,1,1,492,1,447,516,0,0
7.595,11,1,1,1,1,482,1,465,502,0,0
7.596,12,1,1,1,1,502,0,495,497,0,0
7.597,13,1,1,1,1,532,1,535,488,0,0
7.598,14,1,1,1,1,510,1,536,515,0,0
7.599,15,1,1,1,1,519,1,558,506,0,0
7.6,0,1,1,1,1,534,1,566,500,0,0
7.601,1,1,1,1,1,532,1,540,503,0,0
7.602,2,1,1,1,1,516,2,514,512,0,0
7.603,3,1,1,1,1,509,1,506,518,0,0
7.604,4,1,1,1,1,507,0,489,519,0,0
7.605,5,1,1,1,1,496,1,481,515,0,0
7.606,6,1,1,1,1,499,1,505,508,0,0
7.607,7,1,1,1,1,514,1,540,512,0,0
7.608,8,1,1,1,1,533,1,545,513,0,0
7.609,9,1,1,1,1,536,1,530,515,0,0
7.61,10,1,1,1,1,528,2,512,514,0,0
7.611,11,1,1,1,1,514,1,474,511,0,0
7.612,12,1,1,1,1,507,1,454,510,0,0
7.613,13,1,1,1,1,488,1,449,511,0,0
7.614,14,1,1,1,1,483,1,465,516,0,0
7.615,15,1,1,1,1,490,1,496,503,0,0
7.616,0,1,1,1,1,508,1,528,500,0,0
7.617,1,1,1,1,1,518,1,546,502,0,0
7.618,2,1,1,1,1,522,2,536,466,0,0
7.619,3,1,1,1,1,511,1,525,465,0,0
7.62,4,1,1,1,1,506,1,532,510,0,0
7.621,5,1,1,1,1,520,1,558,505,0,0
7.622,6,1,1,1,1,533,1,615,535,0,0
7.623,7,1,1,1,1,555,1,686,538,0,0
7.624,8,1,1,1,1,552,1,657,499,0,0
7.625,9,1,1,1,1,564,2,592,509,0,0
7.626,10,1,1,1,1,550,2,496,548,0,0
7.627,11,1,1,1,1,502,1,378,562,0,0
7.628,12,1,1,1,1,463,1,318,560,0,0
7.629,13,1,1,1,1,420,0,300,465,0,0
7.63,14,1,1,1,1,432,1,360,471,0,0
7.631,15,1,1,1,1,468,0,423,468,0,0
7.632,0,1,1,1,1,470,1,443,475,0,0
7.633,1,1,1,1,1,504,1,463,491,0,0
7.634,2,1,1,1,1,531,2,494,510,0,0
7.635,3,1,1,1,1,513,1,490,519,0,0
7.636,4,1,1,1,1,495,1,502,545,0,0
7.637,5,1,1,1,1,520,1,554,526,0,0
7.638,6,1,1,1,1,524,1,562,527,0,0
7.639,7,1,1,1,1,533,1,584,499,0,0
7.64,8,1,1,1,1,551,1,617,496,0,0
7.641,9,1,1,1,1,552,1,620,474,0,0
7.642,10,1,1,1,1,544,2,608,482,0,0
7.643,11,1,1,1,1,534,1,585,516,0,0
7.644,12,1,1,1,1,542,1,534,540,0,0
7.645,13,1,1,1,1,506,1,435,541,0,0
7.646,14,1,1,1,1,463,1,366,521,0,0
7.647,15,1,1,1,1,434,0,399,488,0,0
7.648,0,1,1,1,1,452,1,468,497,0,0
7.649,1,1,1,1,1,490,1,528,495,0,0
7.65,2,1,1,1,1,527,2,571,491,0,0
7.651,3,1,1,1,1,548,1,591,505,0,0
7.652,4,1,1,1,1,551,1,587,516,0,0
7.653,5,1,1,1,1,540,1,531,500,0,0
7.654,6,1,1,1,1,513,1,465,499,0,0
7.655,7,1,1,1,1,490,1,423,512,0,0
7.656,8,1,1,1,1,492,1,402,536,0,0
7.657,9,1,1,1,1,497,1,428,549,0,0
7.658,10,1,1,1,1,497,2,467,524,0,0
7.659,11,1,1,1,1,498,1,501,499,0,0
7.66,12,1,1,1,1,516,1,550,495,0,0
7.661,13,1,1,1,1,535,1,572,501,0,0
7.662,14,1,1,1,1,551,1,627,497,0,0
7.663,15,1,1,1,1,557,1,652,489,0,0
7.664,0,1,1,1,1,556,1,624,494,0,0
7.665,1,1,1,1,1,550,1,576,512,0,0
7.666,2,1,1,1,1,537,2,504,543,0,0
7.667,3,1,1,1,1,510,1,430,537,0,0
7.668,4,1,1,1,1,491,1,390,511,0,0
7.669,5,1,1,1,1,448,1,351,480,0,0
7.67,6,1,1,1,1,426,1,362,455,0,0
7.671,7,1,1,1,1,450,1,433,503,0,0
7.672,8,1,1,1,1,496,1,519,521,0,0
7.673,9,1,1,1,1,532,1,571,502,0,0
7.674,10,1,1,1,1,529,1,576,516,0,0
7.675,11,1,1,1,1,529,1,583,519,0,0
7.676,12,1,1,1,1,542,1,583,500,0,0
7.677,13,1,1,1,1,537,1,596,491,0,0
7.678,14,1,1,1,1,545,1,596,493,0,0
7.679,15,1,1,1,1,528,1,548,510,0,0
7.68,0,1,1,1,1,510,1,523,516,0,0
7.681,1,1,1,1,1,500,1,500,524,0,0
7.682,2,1,1,1,1,484,1,453,548,0,0
7.683,3,1,1,1,1,500,1,428,548,0,0
7.684,4,1,1,1,1,499,1,408,528,0,0
7.685,5,1,1,1,1,451,1,383,502,0,0
7.686,6,1,1,1,1,478,1,453,491,0,0
7.687,7,1,1,1,1,503,1,499,506,0,0
7.688,8,1,1,1,1,520,1,540,504,0,0
7.689,9,1,1,1,1,531,1,550,502,0,0
7.69,10,1,1,1,1,528,1,550,497,0,0
7.691,11,1,1,1,1,527,1,548,499,0,0
7.692,12,1,1,1,1,523,1,537,506,0,0
7.693,13,1,1,1,1,525,1,545,505,0,0
7.694,14,1,1,1,1,523,1,540,508,0,0
7.695,15,1,1,1,1,524,1,535,510,0,0
7.696,0,1,1,1,1,515,1,518,504,0,0
7.697,1,1,1,1,1,510,1,518,497,0,0
7.698,2,1,1,1,1,509,2,514,497,0,0
7.699,3,1,1,1,1,505,1,501,505,0,0
7.7,4,1,1,1,1,513,1,510,509,0,0
7.701,5,1,1,1,1,518,1,517,511,0,0
7.702,6,1,1,1,1,523,1,515,517,0,0
7.703,7,1,1,1,1,523,1,517,520,0,0
7.704,8,1,1,1,1,518,1,520,516,0,0
7.705,9,1,1,1,1,520,1,520,512,0,0
7.706,10,1,1,1,1,511,2,514,501,0,0
7.707,11,1,1,1,1,516,1,519,497,0,0
7.708,12,1,1,1,1,519,1,525,498,0,0
7.709,13,1,1,1,1,517,1,530,501,0,0
7.71,14,1,1,1,1,519,1,526,505,0,0
7.711,15,1,1,1,1,511,1,519,520,0,0
7.712,0,1,1,1,1,518,1,564,527,0,0
7.713,1,1,1,1,1,530,1,614,525,0,0
7.714,2,1,1,1,1,523,2,584,499,0,0
7.715,3,1,1,1,1,504,1,505,492,0,0
7.716,4,1,1,1,1,486,1,432,497,0,0
7.717,5,1,1,1,1,484,1,396,523,0,0
7.718,6,1,1,1,1,476,1,377,518,0,0
7.719,7,1,1,1,1,472,0,408,509,0,0
7.72,8,1,1,1,1,462,1,434,495,0,0
7.721,9,1,1,1,1,467,1,463,499,0,0
7.722,10,1,1,1,1,498,1,503,504,0,0
7.723,11,1,1,1,1,517,1,530,507,0,0
7.724,12,1,1,1,1,531,1,539,514,0,0
7.725,13,1,1,1,1,534,1,530,528,0,0
7.726,14,1,1,1,1,523,1,526,516,0,0
7.727,15,1,1,1,1,517,0,532,500,0,0
7.728,0,1,1,1,1,519,1,533,505,0,0
7.729,1,1,1,1,1,525,1,525,510,0,0
7.73,2,1,1,1,1,527,2,526,513,0,0
7.731,3,1,1,1,1,525,1,526,510,0,0
7.732,4,1,1,1,1,517,1,521,505,0,0
7.733,5,1,1,1,1,521,1,530,505,0,0
7.734,6,1,1,1,1,526,1,560,505,0,0
7.735,7,1,1,1,1,519,0,546,500,0,0
7.736,8,1,1,1,1,519,1,532,501,0,0
7.737,9,1,1,1,1,515,1,518,505,0,0
7.738,10,1,1,1,1,511,2,492,515,0,0
7.739,11,1,1,1,1,505,1,476,521,0,0
7.74,12,1,1,1,1,499,1,488,509,0,0
7.741,13,1,1,1,1,501,1,493,506,0,0
7.742,14,1,1,1,1,508,1,512,509,0,0
7.743,15,1,1,1,1,511,1,523,508,0,0
7.744,0,1,1,1,1,513,1,515,508,0,0
7.745,1,1,1,1,1,512,1,518,509,0,0
7.746,2,1,1,1,1,511,2,515,510,0,0
7.747,3,1,1,1,1,512,1,508,509,0,0
7.748,4,1,1,1,1,512,1,509,510,0,0
7.749,5,1,1,1,1,511,1,505,505,0,0
7.75,6,1,1,1,1,512,1,500,507,0,0
7.751,7,1,1,1,1,511,1,495,508,0,0
7.752,8,1,1,1,1,512,1,511,508,0,0
7.753,9,1,1,1,1,513,1,515,508,0,0
7.754,10,1,1,1,1,512,2,518,507,0,0
7.755,11,1,1,1,1,510,1,521,507,0,0
7.756,12,1,1,1,1,514,1,514,510,0,0
7.757,13,1,1,1,1,512,1,510,509,0,0
7.758,14,1,1,1,1,511,1,504,509,0,0
7.759,15,1,1,1,1,511,1,507,510,0,0
7.76,0,1,1,1,1,511,1,510,508,0,0
7.761,1,1,1,1,1,511,1,513,509,0,0
7.762,2,1,1,1,1,512,2,512,507,0,0
7.763,3,1,1,1,1,512,1,502,510,0,0
7.764,4,1,1,1,1,513,0,502,510,0,0
7.765,5,1,1,1,1,511,1,499,507,0,0
7.766,6,1,1,1,1,508,1,499,508,0,0
7.767,7,1,1,1,1,511,1,504,507,0,0
7.768,8,1,1,1,1,510,1,510,506,0,0
7.769,9,1,1,1,1,508,1,515,508,0,0
7.77,10,1,1,1,1,506,2,517,507,0,0
7.771,11,1,1,1,1,505,1,517,503,0,0
7.772,12,1,1,1,1,511,0,514,508,0,0
7.773,13,1,1,1,1,516,1,512,510,0,0
7.774,14,1,1,1,1,516,1,519,514,0,0
7.775,15,1,1,1,1,514,1,514,513,0,0
7.776,0,1,1,1,1,512,1,512,507,0,0
7.777,1,1,1,1,1,512,1,494,507,0,0
7.778,2,1,1,1,1,514,2,484,505,0,0
7.779,3,1,1,1,1,519,1,476,503,0,0
7.78,4,1,1,1,1,518,0,473,504,0,0
7.781,5,1,1,1,1,511,1,480,506,0,0
7.782,6,1,1,1,1,511,1,497,510,0,0
7.783,7,1,1,1,1,507,1,495,507,0,0
7.784,8,1,1,1,1,515,1,503,498,0,0
7.785,9,1,1,1,1,513,1,497,499,0,0
7.786,10,1,1,1,1,515,1,504,506,0,0
7.787,11,1,1,1,1,528,1,507,517,0,0
7.788,12,1,1,1,1,523,1,513,516,0,0
7.789,13,1,1,1,1,512,1,510,516,0,0
7.79,14,1,1,1,1,504,1,516,514,0,0
7.791,15,1,1,1,1,499,1,504,519,0,0
7.792,0,1,1,1,1,504,1,521,510,0,0
7.793,1,1,1,1,1,501,1,528,499,0,0
7.794,2,1,1,1,1,502,1,536,507,0,0
7.795,3,1,1,1,1,510,1,536,512,0,0
7.796,4,1,1,1,1,514,1,534,512,0,0
7.797,5,1,1,1,1,513,1,539,509,0,0
7.798,6,1,1,1,1,515,1,561,507,0,0
7.799,7,1,1,1,1,513,1,562,505,0,0
7.8,8,1,1,1,1,511,1,558,507,0,0
7.801,9,1,1,1,1,509,1,556,511,0,0
7.802,10,1,1,1,1,510,1,551,510,0,0
7.803,11,1,1,1,1,508,1,543,509,0,0
7.804,12,1,1,1,1,508,1,536,512,0,0
7.805,13,1,1,1,1,508,1,534,507,0,0
7.806,14,1,1,1,1,512,1,539,504,0,0
7.807,15,1,1,1,1,521,1,542,509,0,0
7.808,0,1,1,1,1,520,1,539,507,0,0
7.809,1,1,1,1,1,520,1,539,512,0,0
7.81,2,1,1,1,1,523,2,528,502,0,0
7.811,3,1,1,1,1,527,1,512,504,0,0
7.812,4,1,1,1,1,523,0,508,516,0,0
7.813,5,1,1,1,1,522,1,497,511,0,0
7.814,6,1,1,1,1,512,1,488,503,0,0
7.815,7,1,1,1,1,505,1,480,498,0,0
7.816,8,1,1,1,1,483,1,477,507,0,0
7.817,9,1,1,1,1,495,1,487,527,0,0
7.818,10,1,1,1,1,501,2,940,508,0,0
7.819,11,1,1,1,1,474,1,1022,498,0,0
7.82,12,1,1,1,1,497,0,1022,503,0,0
7.821,13,1,1,1,1,511,1,1022,515,0,0
7.822,14,1,1,1,1,522,1,1022,514,0,0
7.823,15,1,1,1,1,522,1,1022,512,0,0
7.824,0,1,1,1,1,515,1,1022,508,0,0
7.825,1,1,1,1,1,512,1,905,508,0,0
7.826,2,1,1,1,1,511,2,755,509,0,0
7.827,3,1,1,1,1,512,1,625,508,0,0
7.828,4,1,1,1,1,514,1,522,512,0,0
7.829,5,1,1,1,1,513,1,430,509,0,0
7.83,6,1,1,1,1,507,1,351,504,0,0
7.831,7,1,1,1,1,510,1,298,504,0,0
7.832,8,1,1,1,1,511,1,266,507,0,0
7.833,9,1,1,1,1,514,1,242,509,0,0
7.834,10,1,1,1,1,515,2,220,512,0,0
7.835,11,1,1,1,1,513,1,207,509,0,0
7.836,12,1,1,1,1,514,1,189,511,0,0
7.837,13,1,1,1,1,513,1,187,510,0,0
7.838,14,1,1,1,1,514,1,190,509,0,0
7.839,15,1,1,1,1,514,1,203,509,0,0
7.84,0,1,1,1,1,513,1,204,508,0,0
7.841,1,1,1,1,1,510,1,220,508,0,0
7.842,2,1,1,1,1,510,2,239,508,0,0
7.843,3,1,1,1,1,511,1,252,507,0,0
7.844,4,1,1,1,1,513,1,278,512,0,0
7.845,5,1,1,1,1,510,1,286,512,0,0
7.846,6,1,1,1,1,512,1,300,508,0,0
7.847,7,1,1,1,1,511,1,333,509,0,0
7.848,8,1,1,1,1,512,1,358,508,0,0
7.849,9,1,1,1,1,513,1,366,509,0,0
7.85,10,1,1,1,1,515,2,366,504,0,0
7.851,11,1,1,1,1,513,1,367,502,0,0
7.852,12,1,1,1,1,516,1,376,505,0,0
7.853,13,1,1,1,1,508,1,382,506,0,0
7.854,14,1,1,1,1,512,1,390,512,0,0
7.855,15,1,1,1,1,513,0,391,508,0,0
7.856,0,1,1,1,1,513,1,399,505,0,0
7.857,1,1,1,1,1,508,1,399,504,0,0
7.858,2,1,1,1,1,511,2,404,511,0,0
7.859,3,1,1,1,1,512,1,408,510,0,0
7.86,4,1,1,1,1,513,1,413,509,0,0
7.861,5,1,1,1,1,512,1,414,509,0,0
7.862,6,1,1,1,1,510,1,410,509,0,0
7.863,7,1,1,1,1,510,0,410,508,0,0
7.864,8,1,1,1,1,509,1,428,508,0,0
7.865,9,1,1,1,1,510,1,435,506,0,0
7.866,10,1,1,1,1,513,2,448,510,0,0
7.867,11,1,1,1,1,512,1,449,510,0,0
7.868,12,1,1,1,1,512,1,460,508,0,0
7.869,13,1,1,1,1,511,1,453,508,0,0
7.87,14,1,1,1,1,511,1,459,508,0,0
7.871,15,1,1,1,1,512,1,456,509,0,0
7.872,0,1,1,1,1,510,1,453,509,0,0
7.873,1,1,1,1,1,512,1,451,509,0,0
7.874,2,1,1,1,1,512,2,451,509,0,0
7.875,3,1,1,1,1,513,1,452,507,0,0
7.876,4,1,1,1,1,512,1,454,507,0,0
7.877,5,1,1,1,1,512,1,455,508,0,0
7.878,6,1,1,1,1,511,1,465,509,0,0
7.879,7,1,1,1,1,513,1,465,509,0,0
7.88,8,1,1,1,1,511,1,469,508,0,0
7.881,9,1,1,1,1,512,1,471,509,0,0
7.882,10,1,1,1,1,509,2,476,509,0,0
7.883,11,1,1,1,1,512,1,470,507,0,0
7.884,12,1,1,1,1,512,1,470,507,0,0
7.885,13,1,1,1,1,511,1,467,511,0,0
7.886,14,1,1,1,1,510,1,470,508,0,0
7.887,15,1,1,1,1,511,1,473,508,0,0
7.888,0,1,1,1,1,511,1,478,509,0,0
7.889,1,1,1,1,1,510,1,483,509,0,0
7.89,2,1,1,1,1,512,2,485,511,0,0
7.891,3,1,1,1,1,511,1,486,508,0,0
7.892,4,1,1,1,1,511,1,485,506,0,0
7.893,5,1,1,1,1,510,1,489,508,0,0
7.894,6,1,1,1,1,512,1,488,508,0,0
7.895,7,1,1,1,1,512,1,488,508,0,0
7.896,8,1,1,1,1,512,1,490,508,0,0
7.897,9,1,1,1,1,511,1,487,509,0,0
7.898,10,1,1,1,1,512,1,482,508,0,0
7.899,11,1,1,1,1,514,1,481,508,0,0
7.9,12,1,1,1,1,512,1,483,510,0,0
7.901,13,1,1,1,1,511,1,483,506,0,0
7.902,14,1,1,1,1,512,1,484,508,0,0
7.903,15,1,1,1,1,510,1,494,509,0,0
7.904,0,1,1,1,1,511,1,490,508,0,0
7.905,1,1,1,1,1,512,1,484,509,0,0
7.906,2,1,1,1,1,511,1,487,508,0,0
7.907,3,1,1,1,1,510,1,496,507,0,0
7.908,4,1,1,1,1,510,1,494,509,0,0
7.909,5,1,1,1,1,510,1,501,508,0,0
7.91,6,1,1,1,1,513,1,493,508,0,0
7.911,7,1,1,1,1,512,1,499,511,0,0
7.912,8,1,1,1,1,511,1,506,509,0,0
7.913,9,1,1,1,1,511,1,511,510,0,0
7.914,10,1,1,1,1,510,2,514,506,0,0
7.915,11,1,1,1,1,510,1,512,505,0,0
7.916,12,1,1,1,1,512,1,509,507,0,0
7.917,13,1,1,1,1,513,1,506,509,0,0
7.918,14,1,1,1,1,512,1,501,510,0,0
7.919,15,1,1,1,1,514,1,506,510,0,0
7.92,0,1,1,1,1,512,1,510,509,0,0
7.921,1,1,1,1,1,512,1,514,508,0,0
7.922,2,1,1,1,1,509,2,521,509,0,0
7.923,3,1,1,1,1,511,1,517,511,0,0
7.924,4,1,1,1,1,510,1,507,510,0,0
7.925,5,1,1,1,1,511,1,511,508,0,0
7.926,6,1,1,1,1,513,1,504,508,0,0
7.927,7,1,1,1,1,513,1,509,508,0,0
7.928,8,1,1,1,1,511,1,513,508,0,0
7.929,9,1,1,1,1,511,1,514,509,0,0
7.93,10,1,1,1,1,510,2,519,510,0,0
7.931,11,1,1,1,1,510,1,516,507,0,0
7.932,12,1,1,1,1,512,1,515,507,0,0
7.933,13,1,1,1,1,511,1,516,507,0,0
7.934,14,1,1,1,1,513,1,509,507,0,0
7.935,15,1,1,1,1,513,1,517,509,0,0
7.936,0,1,1,1,1,512,1,521,509,0,0
7.937,1,1,1,1,1,513,1,516,507,0,0
7.938,2,1,1,1,1,511,2,504,508,0,0
7.939,3,1,1,1,1,512,1,505,508,0,0
7.94,4,1,1,1,1,511,1,500,508,0,0
7.941,5,1,1,1,1,512,1,500,507,0,0
7.942,6,1,1,1,1,511,1,497,509,0,0
7.943,7,1,1,1,1,510,0,502,510,0,0
7.944,8,1,1,1,1,512,1,499,509,0,0
7.945,9,1,1,1,1,512,1,510,505,0,0
7.946,10,1,1,1,1,511,2,517,507,0,0
7.947,11,1,1,1,1,512,1,522,508,0,0
7.948,12,1,1,1,1,511,1,520,508,0,0
7.949,13,1,1,1,1,511,1,520,509,0,0
7.95,14,1,1,1,1,508,1,514,510,0,0
7.951,15,1,1,1,1,510,0,504,509,0,0
7.952,0,1,1,1,1,513,1,502,509,0,0
7.953,1,1,1,1,1,512,1,507,509,0,0
7.954,2,1,1,1,1,513,2,511,510,0,0
7.955,3,1,1,1,1,509,1,512,510,0,0
7.956,4,1,1,1,1,513,1,513,510,0,0
7.957,5,1,1,1,1,512,1,513,509,0,0
7.958,6,1,1,1,1,512,1,520,507,0,0
7.959,7,1,1,1,1,512,1,515,507,0,0
7.96,8,1,1,1,1,512,1,511,507,0,0
7.961,9,1,1,1,1,514,1,517,510,0,0
7.962,10,1,1,1,1,512,2,510,508,0,0
7.963,11,1,1,1,1,512,1,508,508,0,0
7.964,12,1,1,1,1,512,1,501,508,0,0
7.965,13,1,1,1,1,512,1,500,510,0,0
7.966,14,1,1,1,1,512,1,492,509,0,0
7.967,15,1,1,1,1,511,1,491,509,0,0
7.968,0,1,1,1,1,510,1,494,507,0,0
7.969,1,1,1,1,1,509,1,495,506,0,0
7.97,2,1,1,1,1,513,2,499,505,0,0
7.971,3,1,1,1,1,512,1,498,508,0,0
7.972,4,1,1,1,1,511,1,499,508,0,0
7.973,5,1,1,1,1,511,1,500,509,0,0
7.974,6,1,1,1,1,513,1,507,510,0,0
7.975,7,1,1,1,1,509,1,511,510,0,0
7.976,8,1,1,1,1,509,1,511,508,0,0
7.977,9,1,1,1,1,512,1,505,508,0,0
7.978,10,1,1,1,1,511,2,504,507,0,0
7.979,11,1,1,1,1,511,1,508,510,0,0
7.98,12,1,1,1,1,511,0,508,508,0,0
7.981,13,1,1,1,1,511,1,506,509,0,0
7.982,14,1,1,1,1,513,1,513,509,0,0
7.983,15,1,1,1,1,510,1,510,509,0,0
7.984,0,1,1,1,1,510,1,508,508,0,0
7.985,1,1,1,1,1,512,1,506,507,0,0
7.986,2,1,1,1,1,510,2,507,508,0,0
7.987,3,1,1,1,1,510,1,510,506,0,0
7.988,4,1,1,1,1,512,0,513,505,0,0
7.989,5,1,1,1,1,511,1,511,509,0,0
7.99,6,1,1,1,1,510,1,513,509,0,0
7.991,7,1,1,1,1,512,1,516,508,0,0
7.992,8,1,1,1,1,514,1,511,509,0,0
7.993,9,1,1,1,1,512,1,514,508,0,0
7.994,10,1,1,1,1,510,2,515,510,0,0
7.995,11,1,1,1,1,511,1,512,508,0,0
7.996,12,1,1,1,1,512,0,513,509,0,0
7.997,13,1,1,1,1,511,1,510,509,0,0
7.998,14,1,1,1,1,511,1,510,509,0,0
7.999,15,1,1,1,1,511,1,503,511,0,0
8.0,0,1,1,1,1,512,1,502,509,0,0
8.001,1,1,1,1,1,512,1,509,508,0,0
8.002,2,1,1,1,1,511,1,513,509,0,0
8.003,3,1,1,1,1,510,1,515,507,0,0
8.004,4,1,1,1,1,513,1,518,508,0,0
8.005,5,1,1,1,1,511,1,513,509,0,0
8.006,6,1,1,1,1,512,1,511,509,0,0
8.007,7,1,1,1,1,510,1,511,508,0,0
8.008,8,1,1,1,1,511,1,511,508,0,0
8.009,9,1,1,1,1,511,1,506,507,0,0
8.01,10,1,1,1,1,511,1,509,507,0,0
8.011,11,1,1,1,1,511,1,504,508,0,0
8.012,12,1,1,1,1,511,1,511,507,0,0
8.013,13,1,1,1,1,514,1,520,508,0,0
8.014,14,1,1,1,1,512,1,519,509,0,0
8.015,15,1,1,1,1,512,1,513,509,0,0
8.016,0,1,1,1,1,512,1,520,508,0,0
8.017,1,1,1,1,1,510,1,534,509,0,0
8.018,2,1,1,1,1,511,1,532,509,0,0
8.019,3,1,1,1,1,513,1,528,508,0,0
8.02,4,1,1,1,1,511,1,529,508,0,0
8.021,5,1,1,1,1,512,1,523,510,0,0
8.022,6,1,1,1,1,509,1,521,510,0,0
8.023,7,1,1,1,1,510,1,524,510,0,0
8.024,8,1,1,1,1,511,1,524,510,0,0
8.025,9,1,1,1,1,513,1,531,508,0,0
8.026,10,1,1,1,1,513,2,526,508,0,0
8.027,11,1,1,1,1,511,1,528,510,0,0
8.028,12,1,1,1,1,511,0,521,507,0,0
8.029,13,1,1,1,1,511,1,522,507,0,0
8.03,14,1,1,1,1,510,1,524,506,0,0
8.031,15,1,1,1,1,513,1,511,506,0,0
8.032,0,1,1,1,1,512,1,504,508,0,0
8.033,1,1,1,1,1,512,1,504,508,0,0
8.034,2,1,1,1,1,510,2,509,509,0,0
8.035,3,1,1,1,1,511,1,514,507,0,0
8.036,4,1,1,1,1,511,0,518,509,0,0
8.037,5,1,1,1,1,511,1,520,508,0,0
8.038,6,1,1,1,1,511,1,509,508,0,0
8.039,7,1,1,1,1,510,1,507,508,0,0
8.04,8,1,1,1,1,511,1,512,509,0,0
8.041,9,1,1,1,1,513,1,511,508,0,0
8.042,10,1,1,1,1,512,2,513,509,0,0
8.043,11,1,1,1,1,512,1,511,508,0,0
8.044,12,1,1,1,1,512,0,518,508,0,0
8.045,13,1,1,1,1,511,1,515,509,0,0
8.046,14,1,1,1,1,511,1,505,507,0,0
8.047,15,1,1,1,1,511,1,505,508,0,0
8.048,0,1,1,1,1,512,1,501,508,0,0
8.049,1,1,1,1,1,512,1,502,508,0,0
8.05,2,1,1,1,1,512,2,505,509,0,0
8.051,3,1,1,1,1,512,1,507,508,0,0
8.052,4,1,1,1,1,512,1,508,509,0,0
8.053,5,1,1,1,1,513,1,513,510,0,0
8.054,6,1,1,1,1,512,1,513,509,0,0
8.055,7,1,1,1,1,511,1,520,507,0,0
8.056,8,1,1,1,1,510,1,520,507,0,0
8.057,9,1,1,1,1,511,1,509,509,0,0
8.058,10,1,1,1,1,510,2,508,508,0,0
8.059,11,1,1,1,1,511,1,509,508,0,0
8.06,12,1,1,1,1,511,1,504,510,0,0
8.061,13,1,1,1,1,511,1,509,509,0,0
8.062,14,1,1,1,1,511,1,510,507,0,0
8.063,15,1,1,1,1,511,1,508,509,0,0
8.064,0,1,1,1,1,511,1,506,508,0,0
8.065,1,1,1,1,1,511,1,509,510,0,0
8.066,2,1,1,1,1,511,2,510,510,0,0
8.067,3,1,1,1,1,511,1,505,511,0,0
8.068,4,1,1,1,1,512,1,505,507,0,0
8.069,5,1,1,1,1,511,1,504,508,0,0
8.07,6,1,1,1,1,510,1,505,508,0,0
8.071,7,1,1,1,1,511,0,500,509,0,0
8.072,8,1,1,1,1,512,1,497,509,0,0
8.073,9,1,1,1,1,512,1,502,509,0,0
8.074,10,1,1,1,1,509,2,502,510,0,0
8.075,11,1,1,1,1,510,1,505,509,0,0
8.076,12,1,1,1,1,511,1,504,507,0,0
8.077,13,1,1,1,1,510,1,506,508,0,0
8.078,14,1,1,1,1,512,1,500,510,0,0
8.079,15,1,1,1,1,511,0,504,510,0,0
8.08,0,1,1,1,1,513,1,503,509,0,0
8.081,1,1,1,1,1,514,1,498,507,0,0
8.082,2,1,1,1,1,511,2,502,507,0,0
8.083,3,1,1,1,1,511,1,499,507,0,0
8.084,4,1,1,1,1,511,1,503,509,0,0
8.085,5,1,1,1,1,511,1,507,507,0,0
8.086,6,1,1,1,1,512,1,500,508,0,0
8.087,7,1,1,1,1,512,0,497,508,0,0
8.088,8,1,1,1,1,512,1,496,508,0,0
8.089,9,1,1,1,1,510,1,498,508,0,0
8.09,10,1,1,1,1,511,2,500,508,0,0
8.091,11,1,1,1,1,512,1,497,506,0,0
8.092,12,1,1,1,1,511,1,499,508,0,0
8.093,13,1,1,1,1,511,1,506,508,0,0
8.094,14,1,1,1,1,512,1,507,507,0,0
8.095,15,1,1,1,1,512,1,507,511,0,0
8.096,0,1,1,1,1,512,1,512,510,0,0
8.097,1,1,1,1,1,512,1,513,508,0,0
8.098,2,1,1,1,1,510,2,513,509,0,0
8.099,3,1,1,1,1,511,1,513,508,0,0
8.1,4,1,1,1,1,511,1,515,510,0,0
8.101,5,1,1,1,1,510,1,507,509,0,0
8.102,6,1,1,1,1,510,1,502,507,0,0
8.103,7,1,1,1,1,512,1,504,509,0,0
8.104,8,1,1,1,1,513,1,502,508,0,0
8.105,9,1,1,1,1,512,1,499,508,0,0
8.106,10,1,1,1,1,513,2,497,508,0,0
8.107,11,1,1,1,1,511,1,499,510,0,0
8.108,12,1,1,1,1,512,1,497,508,0,0
8.109,13,1,1,1,1,511,1,501,509,0,0
8.11,14,1,1,1,1,512,1,501,508,0,0
8.111,15,1,1,1,1,511,1,500,507,0,0
8.112,0,1,1,1,1,511,1,508,506,0,0
8.113,1,1,1,1,1,513,1,508,510,0,0
8.114,2,1,1,1,1,512,1,503,507,0,0
8.115,3,1,1,1,1,512,1,502,508,0,0
8.116,4,1,1,1,1,510,1,499,509,0,0
8.117,5,1,1,1,1,510,1,512,508,0,0
8.118,6,1,1,1,1,512,1,514,509,0,0
8.119,7,1,1,1,1,514,1,504,511,0,0
8.12,8,1,1,1,1,512,1,519,509,0,0
8.121,9,1,1,1,1,512,1,526,509,0,0
8.122,10,1,1,1,1,511,1,524,508,0,0
8.123,11,1,1,1,1,512,1,510,505,0,0
8.124,12,1,1,1,1,511,1,511,508,0,0
8.125,13,1,1,1,1,512,1,511,508,0,0
8.126,14,1,1,1,1,512,1,507,508,0,0
8.127,15,1,1,1,1,511,1,507,508,0,0
8.128,0,1,1,1,1,510,1,503,511,0,0
8.129,1,1,1,1,1,511,1,506,511,0,0
8.13,2,1,1,1,1,511,1,509,510,0,0
8.131,3,1,1,1,1,513,1,501,509,0,0
8.132,4,1,1,1,1,512,1,503,508,0,0
8.133,5,1,1,1,1,511,1,504,510,0,0
8.134,6,1,1,1,1,510,1,512,508,0,0
8.135,7,1,1,1,1,511,1,512,508,0,0
8.136,8,1,1,1,1,511,1,504,509,0,0
8.137,9,1,1,1,1,510,1,511,509,0,0
8.138,10,1,1,1,1,511,2,514,506,0,0
8.139,11,1,1,1,1,512,1,507,509,0,0
8.14,12,1,1,1,1,511,1,499,508,0,0
8.141,13,1,1,1,1,511,1,493,510,0,0
8.142,14,1,1,1,1,510,1,496,511,0,0
8.143,15,1,1,1,1,513,1,495,510,0,0
8.144,0,1,1,1,1,514,1,499,510,0,0
8.145,1,1,1,1,1,512,1,511,507,0,0
8.146,2,1,1,1,1,511,2,512,508,0,0
8.147,3,1,1,1,1,511,1,511,508,0,0
8.148,4,1,1,1,1,512,1,508,508,0,0
8.149,5,1,1,1,1,511,1,512,508,0,0
8.15,6,1,1,1,1,511,1,509,508,0,0
8.151,7,1,1,1,1,511,1,509,508,0,0
8.152,8,1,1,1,1,511,1,507,510,0,0
8.153,9,1,1,1,1,512,1,501,509,0,0
8.154,10,1,1,1,1,510,2,504,509,0,0
8.155,11,1,1,1,1,510,1,501,508,0,0
8.156,12,1,1,1,1,511,1,506,506,0,0
8.157,13,1,1,1,1,510,1,512,509,0,0
8.158,14,1,1,1,1,512,1,507,508,0,0
8.159,15,1,1,1,1,512,0,512,506,0,0
8.16,0,1,1,1,1,510,1,522,508,0,0
8.161,1,1,1,1,1,511,1,524,510,0,0
8.162,2,1,1,1,1,511,2,516,508,0,0
8.163,3,1,1,1,1,510,1,507,505,0,0
8.164,4,1,1,1,1,511,1,503,508,0,0
8.165,5,1,1,1,1,511,1,504,509,0,0
8.166,6,1,1,1,1,513,1,508,510,0,0
8.167,7,1,1,1,1,513,0,511,507,0,0
8.168,8,1,1,1,1,511,1,509,508,0,0
8.169,9,1,1,1,1,512,1,508,508,0,0
8.17,10,1,1,1,1,512,2,514,510,0,0
8.171,11,1,1,1,1,511,1,513,509,0,0
8.172,12,1,1,1,1,512,1,514,509,0,0
8.173,13,1,1,1,1,512,1,518,508,0,0
8.174,14,1,1,1,1,510,1,513,508,0,0
8.175,15,1,1,1,1,512,0,522,508,0,0
8.176,0,1,1,1,1,513,1,529,508,0,0
8.177,1,1,1,1,1,512,1,522,508,0,0
8.178,2,1,1,1,1,512,2,523,508,0,0
8.179,3,1,1,1,1,510,1,520,507,0,0
8.18,4,1,1,1,1,513,1,508,509,0,0
8.181,5,1,1,1,1,512,1,506,511,0,0
8.182,6,1,1,1,1,509,1,507,510,0,0
8.183,7,1,1,1,1,510,1,507,506,0,0
8.184,8,1,1,1,1,512,1,507,507,0,0
8.185,9,1,1,1,1,511,1,503,509,0,0
8.186,10,1,1,1,1,512,2,501,508,0,0
8.187,11,1,1,1,1,511,1,511,508,0,0
8.188,12,1,1,1,1,511,1,521,508,0,0
8.189,13,1,1,1,1,512,1,519,507,0,0
8.19,14,1,1,1,1,510,1,511,507,0,0
8.191,15,1,1,1,1,510,1,505,508,0,0
8.192,0,1,1,1,1,516,1,507,510,0,0
8.193,1,1,1,1,1,511,1,502,511,0,0
8.194,2,1,1,1,1,513,2,495,512,0,0
8.195,3,1,1,1,1,511,1,497,508,0,0
8.196,4,1,1,1,1,511,1,500,510,0,0
8.197,5,1,1,1,1,512,1,508,510,0,0
8.198,6,1,1,1,1,511,1,512,508,0,0
8.199,7,1,1,1,1,510,1,501,507,0,0
8.2,8,1,1,1,1,513,1,509,509,0,0
8.201,9,1,1,1,1,512,1,512,508,0,0
8.202,10,1,1,1,1,511,2,516,508,0,0
8.203,11,1,1,1,1,510,1,519,508,0,0
8.204,12,1,1,1,1,512,0,516,510,0,0
8.205,13,1,1,1,1,513,1,522,508,0,0
8.206,14,1,1,1,1,512,1,522,508,0,0
8.207,15,1,1,1,1,512,1,522,508,0,0
8.208,0,1,1,1,1,511,1,530,508,0,0
8.209,1,1,1,1,1,510,1,519,508,0,0
8.21,2,1,1,1,1,512,2,515,508,0,0
8.211,3,1,1,1,1,512,1,514,508,0,0
8.212,4,1,1,1,1,512,0,513,509,0,0
8.213,5,1,1,1,1,511,1,503,510,0,0
8.214,6,1,1,1,1,510,1,501,508,0,0
8.215,7,1,1,1,1,511,1,501,508,0,0
8.216,8,1,1,1,1,511,1,506,507,0,0
8.217,9,1,1,1,1,510,1,504,507,0,0
8.218,10,1,1,1,1,512,2,500,508,0,0
8.219,11,1,1,1,1,512,1,494,508,0,0
8.22,12,1,1,1,1,512,1,499,508,0,0
8.221,13,1,1,1,1,512,1,503,507,0,0
8.222,14,1,1,1,1,510,1,497,511,0,0
8.223,15,1,1,1,1,511,1,495,509,0,0
8.224,0,1,1,1,1,513,1,493,508,0,0
8.225,1,1,1,1,1,512,1,499,509,0,0
8.226,2,1,1,1,1,512,1,498,509,0,0
8.227,3,1,1,1,1,512,1,504,509,0,0
8.228,4,1,1,1,1,512,1,504,511,0,0
8.229,5,1,1,1,1,512,1,511,510,0,0
8.23,6,1,1,1,1,511,1,511,508,0,0
8.231,7,1,1,1,1,511,1,512,508,0,0
8.232,8,1,1,1,1,511,1,521,508,0,0
8.233,9,1,1,1,1,512,1,516,507,0,0
8.234,10,1,1,1,1,510,1,521,507,0,0
8.235,11,1,1,1,1,511,1,516,508,0,0
8.236,12,1,1,1,1,511,1,520,508,0,0
8.237,13,1,1,1,1,512,1,516,507,0,0
8.238,14,1,1,1,1,510,1,510,508,0,0
8.239,15,1,1,1,1,511,1,507,507,0,0
8.24,0,1,1,1,1,512,1,504,509,0,0
8.241,1,1,1,1,1,511,1,510,510,0,0
8.242,2,1,1,1,1,513,2,514,508,0,0
8.243,3,1,1,1,1,512,1,518,507,0,0
8.244,4,1,1,1,1,511,0,511,508,0,0
8.245,5,1,1,1,1,510,1,515,510,0,0
8.246,6,1,1,1,1,511,1,514,509,0,0
8.247,7,1,1,1,1,513,1,514,510,0,0
8.248,8,1,1,1,1,512,1,522,509,0,0
8.249,9,1,1,1,1,511,1,520,510,0,0
8.25,10,1,1,1,1,511,2,519,508,0,0
8.251,11,1,1,1,1,511,1,517,508,0,0
8.252,12,1,1,1,1,512,0,520,510,0,0
8.253,13,1,1,1,1,511,1,516,510,0,0
8.254,14,1,1,1,1,510,1,515,508,0,0
8.255,15,1,1,1,1,511,1,524,508,0,0
8.256,0,1,1,1,1,512,1,517,507,0,0
8.257,1,1,1,1,1,512,1,512,507,0,0
8.258,2,1,1,1,1,511,2,510,508,0,0
8.259,3,1,1,1,1,511,1,513,507,0,0
8.26,4,1,1,1,1,512,0,508,510,0,0
8.261,5,1,1,1,1,512,1,504,508,0,0
8.262,6,1,1,1,1,511,1,507,509,0,0
8.263,7,1,1,1,1,511,1,510,508,0,0
8.264,8,1,1,1,1,512,1,511,508,0,0
8.265,9,1,1,1,1,511,1,508,506,0,0
8.266,10,1,1,1,1,511,2,510,506,0,0
8.267,11,1,1,1,1,511,1,508,509,0,0
8.268,12,1,1,1,1,513,1,505,509,0,0
8.269,13,1,1,1,1,511,1,502,507,0,0
8.27,14,1,1,1,1,509,1,504,508,0,0
8.271,15,1,1,1,1,511,1,504,508,0,0
8.272,0,1,1,1,1,510,1,505,509,0,0
8.273,1,1,1,1,1,510,1,506,509,0,0
8.274,2,1,1,1,1,511,2,505,507,0,0
8.275,3,1,1,1,1,513,1,509,509,0,0
8.276,4,1,1,1,1,512,1,511,509,0,0
8.277,5,1,1,1,1,512,1,514,511,0,0
8.278,6,1,1,1,1,512,1,508,509,0,0
8.279,7,1,1,1,1,512,1,515,510,0,0
8.28,8,1,1,1,1,513,1,513,510,0,0
8.281,9,1,1,1,1,514,1,507,509,0,0
8.282,10,1,1,1,1,511,2,510,507,0,0
8.283,11,1,1,1,1,511,1,509,508,0,0
8.284,12,1,1,1,1,511,1,511,505,0,0
8.285,13,1,1,1,1,511,1,510,509,0,0
8.286,14,1,1,1,1,512,1,513,510,0,0
8.287,15,1,1,1,1,514,0,513,507,0,0
8.288,0,1,1,1,1,513,1,513,508,0,0
8.289,1,1,1,1,1,509,1,514,508,0,0
8.29,2,1,1,1,1,510,2,511,507,0,0
8.291,3,1,1,1,1,511,1,516,508,0,0
8.292,4,1,1,1,1,514,1,515,509,0,0
8.293,5,1,1,1,1,513,1,512,510,0,0
8.294,6,1,1,1,1,510,1,515,508,0,0
8.295,7,1,1,1,1,512,0,515,508,0,0
8.296,8,1,1,1,1,511,1,512,509,0,0
8.297,9,1,1,1,1,512,1,502,508,0,0
8.298,10,1,1,1,1,510,2,499,507,0,0
8.299,11,1,1,1,1,512,1,503,508,0,0
8.3,12,1,1,1,1,511,1,510,510,0,0
8.301,13,1,1,1,1,511,1,511,509,0,0
8.302,14,1,1,1,1,511,1,514,508,0,0
8.303,15,1,1,1,1,510,0,513,507,0,0
8.304,0,1,1,1,1,511,1,512,509,0,0
8.305,1,1,1,1,1,511,1,513,508,0,0
8.306,2,1,1,1,1,512,2,516,509,0,0
8.307,3,1,1,1,1,514,1,511,510,0,0
8.308,4,1,1,1,1,512,1,509,508,0,0
8.309,5,1,1,1,1,512,1,507,508,0,0
8.31,6,1,1,1,1,512,1,508,507,0,0
8.311,7,1,1,1,1,513,1,502,510,0,0
8.312,8,1,1,1,1,511,1,504,508,0,0
8.313,9,1,1,1,1,511,1,503,510,0,0
8.314,10,1,1,1,1,512,2,505,509,0,0
8.315,11,1,1,1,1,511,1,505,510,0,0
8.316,12,1,1,1,1,510,1,510,508,0,0
8.317,13,1,1,1,1,509,1,508,508,0,0
8.318,14,1,1,1,1,511,1,503,508,0,0
8.319,15,1,1,1,1,512,1,499,508,0,0
8.32,0,1,1,1,1,513,1,503,508,0,0
8.321,1,1,1,1,1,511,1,511,508,0,0
8.322,2,1,1,1,1,511,2,510,509,0,0
8.323,3,1,1,1,1,510,1,505,505,0,0
8.324,4,1,1,1,1,511,1,512,508,0,0
8.325,5,1,1,1,1,511,1,516,510,0,0
8.326,6,1,1,1,1,511,1,516,509,0,0
8.327,7,1,1,1,1,510,1,521,510,0,0
8.328,8,1,1,1,1,510,1,520,508,0,0
8.329,9,1,1,1,1,511,1,513,507,0,0
8.33,10,1,1,1,1,510,1,511,507,0,0
8.331,11,1,1,1,1,511,1,512,509,0,0
8.332,12,1,1,1,1,512,1,513,508,0,0
8.333,13,1,1,1,1,513,1,521,510,0,0
8.334,14,1,1,1,1,514,1,515,509,0,0
8.335,15,1,1,1,1,512,1,509,510,0,0
8.336,0,1,1,1,1,511,1,505,508,0,0
8.337,1,1,1,1,1,512,1,505,510,0,0
8.338,2,1,1,1,1,512,1,511,508,0,0
8.339,3,1,1,1,1,512,1,511,507,0,0
8.34,4,1,1,1,1,512,1,512,509,0,0
8.341,5,1,1,1,1,511,1,511,508,0,0
8.342,6,1,1,1,1,512,1,512,508,0,0
8.343,7,1,1,1,1,511,1,502,508,0,0
8.344,8,1,1,1,1,511,1,497,508,0,0
8.345,9,1,1,1,1,510,1,501,507,0,0
8.346,10,1,1,1,1,512,1,502,508,0,0
8.347,11,1,1,1,1,512,1,511,510,0,0
8.348,12,1,1,1,1,512,1,518,509,0,0
8.349,13,1,1,1,1,512,1,518,509,0,0
8.35,14,1,1,1,1,512,1,513,510,0,0
8.351,15,1,1,1,1,511,1,509,507,0,0
8.352,0,1,1,1,1,513,1,511,507,0,0
8.353,1,1,1,1,1,512,1,513,509,0,0
8.354,2,1,1,1,1,512,2,513,507,0,0
8.355,3,1,1,1,1,511,1,507,508,0,0
8.356,4,1,1,1,1,512,1,514,509,0,0
8.357,5,1,1,1,1,512,1,517,508,0,0
8.358,6,1,1,1,1,511,1,510,507,0,0
8.359,7,1,1,1,1,511,1,508,510,0,0
8.36,8,1,1,1,1,512,1,503,511,0,0
8.361,9,1,1,1,1,511,1,504,512,0,0
8.362,10,1,1,1,1,513,2,506,510,0,0
8.363,11,1,1,1,1,513,1,508,508,0,0
8.364,12,1,1,1,1,510,1,510,508,0,0
8.365,13,1,1,1,1,509,1,512,508,0,0
8.366,14,1,1,1,1,511,1,503,507,0,0
8.367,15,1,1,1,1,513,1,507,508,0,0
8.368,0,1,1,1,1,511,1,514,508,0,0
8.369,1,1,1,1,1,512,1,515,506,0,0
8.37,2,1,1,1,1,510,2,513,509,0,0
8.371,3,1,1,1,1,512,1,512,508,0,0
8.372,4,1,1,1,1,511,1,513,507,0,0
8.373,5,1,1,1,1,510,1,509,507,0,0
8.374,6,1,1,1,1,512,1,508,508,0,0
8.375,7,1,1,1,1,512,0,504,508,0,0
8.376,8,1,1,1,1,512,1,497,510,0,0
8.377,9,1,1,1,1,511,1,499,509,0,0
8.378,10,1,1,1,1,511,2,496,508,0,0
8.379,11,1,1,1,1,512,1,500,508,0,0
8.38,12,1,1,1,1,511,1,499,508,0,0
8.381,13,1,1,1,1,511,1,494,508,0,0
8.382,14,1,1,1,1,510,1,502,507,0,0
8.383,15,1,1,1,1,512,0,512,508,0,0
8.384,0,1,1,1,1,511,1,515,507,0,0
8.385,1,1,1,1,1,512,1,525,508,0,0
8.386,2,1,1,1,1,511,2,525,511,0,0
8.387,3,1,1,1,1,512,1,520,509,0,0
8.388,4,1,1,1,1,512,1,513,509,0,0
8.389,5,1,1,1,1,510,1,507,507,0,0
8.39,6,1,1,1,1,512,1,515,507,0,0
8.391,7,1,1,1,1,513,0,516,508,0,0
8.392,8,1,1,1,1,511,1,510,510,0,0
8.393,9,1,1,1,1,511,1,514,511,0,0
8.394,10,1,1,1,1,512,2,515,511,0,0
8.395,11,1,1,1,1,512,1,513,509,0,0
8.396,12,1,1,1,1,513,1,518,508,0,0
8.397,13,1,1,1,1,512,1,524,508,0,0
8.398,14,1,1,1,1,512,1,519,508,0,0
8.399,15,1,1,1,1,513,1,510,507,0,0
8.4,0,1,1,1,1,511,1,513,508,0,0
8.401,1,1,1,1,1,513,1,514,509,0,0
8.402,2,1,1,1,1,512,2,516,509,0,0
8.403,3,1,1,1,1,510,1,517,508,0,0
8.404,4,1,1,1,1,511,1,517,510,0,0
8.405,5,1,1,1,1,512,1,515,508,0,0
8.406,6,1,1,1,1,511,1,511,510,0,0
8.407,7,1,1,1,1,510,1,512,510,0,0
8.408,8,1,1,1,1,512,1,510,510,0,0
8.409,9,1,1,1,1,511,1,514,509,0,0
8.41,10,1,1,1,1,509,2,503,507,0,0
8.411,11,1,1,1,1,511,1,502,508,0,0
8.412,12,1,1,1,1,512,1,501,508,0,0
8.413,13,1,1,1,1,511,1,490,510,0,0
8.414,14,1,1,1,1,512,1,487,511,0,0
8.415,15,1,1,1,1,512,1,494,510,0,0
8.416,0,1,1,1,1,512,1,505,505,0,0
8.417,1,1,1,1,1,511,1,506,507,0,0
8.418,2,1,1,1,1,512,2,511,509,0,0
8.419,3,1,1,1,1,511,1,510,510,0,0
8.42,4,1,1,1,1,512,0,515,507,0,0
8.421,5,1,1,1,1,510,1,509,508,0,0
8.422,6,1,1,1,1,511,1,504,507,0,0
8.423,7,1,1,1,1,512,1,502,510,0,0
8.424,8,1,1,1,1,510,1,504,508,0,0
8.425,9,1,1,1,1,511,1,510,508,0,0
8.426,10,1,1,1,1,511,2,511,508,0,0
8.427,11,1,1,1,1,512,1,525,509,0,0
8.428,12,1,1,1,1,510,0,524,508,0,0
8.429,13,1,1,1,1,513,1,519,510,0,0
8.43,14,1,1,1,1,511,1,516,508,0,0
8.431,15,1,1,1,1,513,1,516,507,0,0
8.432,0,1,1,1,1,512,1,519,509,0,0
8.433,1,1,1,1,1,511,1,505,508,0,0
8.434,2,1,1,1,1,512,2,508,508,0,0
8.435,3,1,1,1,1,513,1,505,508,0,0
8.436,4,1,1,1,1,512,0,507,508,0,0
8.437,5,1,1,1,1,510,1,503,509,0,0
8.438,6,1,1,1,1,511,1,509,508,0,0
8.439,7,1,1,1,1,510,1,504,508,0,0
8.44,8,1,1,1,1,511,1,498,507,0,0
8.441,9,1,1,1,1,511,1,503,507,0,0
8.442,10,1,1,1,1,510,1,510,508,0,0
8.443,11,1,1,1,1,511,1,510,508,0,0
8.444,12,1,1,1,1,511,1,510,508,0,0
8.445,13,1,1,1,1,511,1,515,511,0,0
8.446,14,1,1,1,1,513,1,515,510,0,0
8.447,15,1,1,1,1,512,1,510,510,0,0
8.448,0,1,1,1,1,511,1,508,508,0,0
8.449,1,1,1,1,1,511,1,508,507,0,0
8.45,2,1,1,1,1,511,1,509,506,0,0
8.451,3,1,1,1,1,512,1,505,507,0,0
8.452,4,1,1,1,1,512,1,507,508,0,0
8.453,5,1,1,1,1,513,1,504,509,0,0
8.454,6,1,1,1,1,513,1,503,508,0,0
8.455,7,1,1,1,1,514,1,516,510,0,0
8.456,8,1,1,1,1,512,1,516,509,0,0
8.457,9,1,1,1,1,512,1,513,508,0,0
8.458,10,1,1,1,1,512,1,519,508,0,0
8.459,11,1,1,1,1,510,1,516,508,0,0
8.46,12,1,1,1,1,511,0,520,510,0,0
8.461,13,1,1,1,1,511,1,522,508,0,0
8.462,14,1,1,1,1,511,1,516,509,0,0
8.463,15,1,1,1,1,511,1,511,508,0,0
8.464,0,1,1,1,1,511,1,513,509,0,0
8.465,1,1,1,1,1,511,1,506,508,0,0
8.466,2,1,1,1,1,513,2,503,510,0,0
8.467,3,1,1,1,1,512,1,506,508,0,0
8.468,4,1,1,1,1,510,0,508,507,0,0
8.469,5,1,1,1,1,510,1,513,510,0,0
8.47,6,1,1,1,1,512,1,507,508,0,0
8.471,7,1,1,1,1,511,1,508,509,0,0
8.472,8,1,1,1,1,511,1,514,509,0,0
8.473,9,1,1,1,1,512,1,518,509,0,0
8.474,10,1,1,1,1,512,2,513,504,0,0
8.475,11,1,1,1,1,511,1,511,508,0,0
8.476,12,1,1,1,1,511,0,518,508,0,0
8.477,13,1,1,1,1,511,1,514,508,0,0
8.478,14,1,1,1,1,510,1,504,510,0,0
8.479,15,1,1,1,1,511,1,506,509,0,0
8.48,0,1,1,1,1,510,1,503,508,0,0
8.481,1,1,1,1,1,511,1,507,509,0,0
8.482,2,1,1,1,1,511,2,503,508,0,0
8.483,3,1,1,1,1,511,1,506,508,0,0
8.484,4,1,1,1,1,511,1,509,508,0,0
8.485,5,1,1,1,1,513,1,515,510,0,0
8.486,6,1,1,1,1,511,1,501,507,0,0
8.487,7,1,1,1,1,511,1,509,508,0,0
8.488,8,1,1,1,1,512,1,511,508,0,0
8.489,9,1,1,1,1,511,1,512,510,0,0
8.49,10,1,1,1,1,511,2,508,507,0,0
8.491,11,1,1,1,1,511,1,516,509,0,0
8.492,12,1,1,1,1,512,1,515,510,0,0
8.493,13,1,1,1,1,512,1,514,509,0,0
8.494,14,1,1,1,1,512,1,510,506,0,0
8.495,15,1,1,1,1,512,1,508,507,0,0
8.496,0,1,1,1,1,513,1,511,509,0,0
8.497,1,1,1,1,1,513,1,509,511,0,0
8.498,2,1,1,1,1,512,2,502,508,0,0
8.499,3,1,1,1,1,512,1,504,509,0,0
8.5,4,1,1,1,1,510,1,503,508,0,0
8.501,5,1,1,1,1,512,1,511,507,0,0
8.502,6,1,1,1,1,510,1,510,508,0,0
8.503,7,1,1,1,1,511,1,511,508,0,0
8.504,8,1,1,1,1,511,1,510,507,0,0
8.505,9,1,1,1,1,513,1,504,508,0,0
8.506,10,1,1,1,1,511,2,505,509,0,0
8.507,11,1,1,1,1,512,1,511,510,0,0
8.508,12,1,1,1,1,511,1,504,509,0,0
8.509,13,1,1,1,1,511,1,504,508,0,0
8.51,14,1,1,1,1,512,1,508,509,0,0
8.511,15,1,1,1,1,510,0,508,507,0,0
8.512,0,1,1,1,1,511,1,510,508,0,0
8.513,1,1,1,1,1,512,1,504,511,0,0
8.514,2,1,1,1,1,510,2,499,510,0,0
8.515,3,1,1,1,1,510,1,510,508,0,0
8.516,4,1,1,1,1,511,1,515,510,0,0
8.517,5,1,1,1,1,511,1,515,508,0,0
8.518,6,1,1,1,1,511,1,507,508,0,0
8.519,7,1,1,1,1,512,0,512,507,0,0
8.52,8,1,1,1,1,512,1,511,509,0,0
8.521,9,1,1,1,1,511,1,519,510,0,0
8.522,10,1,1,1,1,511,2,513,508,0,0
8.523,11,1,1,1,1,510,1,514,508,0,0
8.524,12,1,1,1,1,512,1,505,508,0,0
8.525,13,1,1,1,1,510,1,506,507,0,0
8.526,14,1,1,1,1,511,1,504,508,0,0
8.527,15,1,1,1,1,512,1,504,509,0,0
8.528,0,1,1,1,1,513,1,502,508,0,0
8.529,1,1,1,1,1,512,1,508,509,0,0
8.53,2,1,1,1,1,512,2,505,510,0,0
8.531,3,1,1,1,1,511,1,505,511,0,0
8.532,4,1,1,1,1,510,1,513,509,0,0
8.533,5,1,1,1,1,511,1,517,507,0,0
8.534,6,1,1,1,1,511,1,512,508,0,0
8.535,7,1,1,1,1,511,1,508,510,0,0
8.536,8,1,1,1,1,511,1,508,507,0,0
8.537,9,1,1,1,1,512,1,508,507,0,0
8.538,10,1,1,1,1,512,2,507,508,0,0
8.539,11,1,1,1,1,512,1,510,508,0,0
8.54,12,1,1,1,1,511,1,511,508,0,0
8.541,13,1,1,1,1,513,1,509,508,0,0
8.542,14,1,1,1,1,513,1,507,509,0,0
8.543,15,1,1,1,1,513,1,514,510,0,0
8.544,0,1,1,1,1,510,1,516,508,0,0
8.545,1,1,1,1,1,512,1,516,508,0,0
8.546,2,1,1,1,1,511,2,519,510,0,0
8.547,3,1,1,1,1,511,1,525,509,0,0
8.548,4,1,1,1,1,511,1,527,510,0,0
8.549,5,1,1,1,1,511,1,525,506,0,0
8.55,6,1,1,1,1,511,1,515,508,0,0
8.551,7,1,1,1,1,512,1,514,508,0,0
8.552,8,1,1,1,1,511,1,513,507,0,0
8.553,9,1,1,1,1,511,1,510,508,0,0
8.554,10,1,1,1,1,512,1,501,511,0,0
8.555,11,1,1,1,1,511,1,502,508,0,0
8.556,12,1,1,1,1,511,1,502,508,0,0
8.557,13,1,1,1,1,512,1,512,509,0,0
8.558,14,1,1,1,1,513,1,511,510,0,0
8.559,15,1,1,1,1,512,1,508,509,0,0
8.56,0,1,1,1,1,512,1,506,508,0,0
8.561,1,1,1,1,1,510,1,510,509,0,0
8.562,2,1,1,1,1,511,1,510,507,0,0
8.563,3,1,1,1,1,511,1,508,508,0,0
8.564,4,1,1,1,1,512,1,514,509,0,0
8.565,5,1,1,1,1,512,1,511,509,0,0
8.566,6,1,1,1,1,508,1,510,508,0,0
8.567,7,1,1,1,1,511,1,506,508,0,0
8.568,8,1,1,1,1,511,1,502,510,0,0
8.569,9,1,1,1,1,513,1,506,507,0,0
8.57,10,1,1,1,1,512,2,511,509,0,0
8.571,11,1,1,1,1,513,1,504,509,0,0
8.572,12,1,1,1,1,513,1,499,510,0,0
8.573,13,1,1,1,1,511,1,499,510,0,0
8.574,14,1,1,1,1,511,1,496,508,0,0
8.575,15,1,1,1,1,513,1,506,508,0,0
8.576,0,1,1,1,1,511,1,505,507,0,0
8.577,1,1,1,1,1,512,1,506,511,0,0
8.578,2,1,1,1,1,510,2,498,508,0,0
8.579,3,1,1,1,1,513,1,499,507,0,0
8.58,4,1,1,1,1,512,1,506,508,0,0
8.581,5,1,1,1,1,510,1,514,508,0,0
8.582,6,1,1,1,1,511,1,510,507,0,0
8.583,7,1,1,1,1,512,1,508,507,0,0
8.584,8,1,1,1,1,509,1,516,508,0,0
8.585,9,1,1,1,1,512,1,516,507,0,0
8.586,10,1,1,1,1,511,2,515,509,0,0
8.587,11,1,1,1,1,511,1,514,509,0,0
8.588,12,1,1,1,1,511,1,508,508,0,0
8.589,13,1,1,1,1,510,1,511,508,0,0
8.59,14,1,1,1,1,511,1,528,506,0,0
8.591,15,1,1,1,1,512,0,525,509,0,0
8.592,0,1,1,1,1,510,1,520,508,0,0
8.593,1,1,1,1,1,514,1,518,508,0,0
8.594,2,1,1,1,1,510,2,510,509,0,0
8.595,3,1,1,1,1,511,1,516,510,0,0
8.596,4,1,1,1,1,510,1,516,510,0,0
8.597,5,1,1,1,1,512,1,509,508,0,0
8.598,6,1,1,1,1,512,1,510,507,0,0
8.599,7,1,1,1,1,512,0,511,508,0,0
8.6,8,1,1,1,1,511,1,516,508,0,0
8.601,9,1,1,1,1,511,1,517,509,0,0
8.602,10,1,1,1,1,512,2,512,508,0,0
8.603,11,1,1,1,1,511,1,515,508,0,0
8.604,12,1,1,1,1,511,1,518,509,0,0
8.605,13,1,1,1,1,512,1,515,509,0,0
8.606,14,1,1,1,1,511,1,511,507,0,0
8.607,15,1,1,1,1,510,0,505,510,0,0
8.608,0,1,1,1,1,512,1,504,510,0,0
8.609,1,1,1,1,1,511,1,513,508,0,0
8.61,2,1,1,1,1,512,2,512,508,0,0
8.611,3,1,1,1,1,511,1,503,510,0,0
8.612,4,1,1,1,1,511,1,494,510,0,0
8.613,5,1,1,1,1,511,1,496,509,0,0
8.614,6,1,1,1,1,512,1,505,510,0,0
8.615,7,1,1,1,1,512,1,501,507,0,0
8.616,8,1,1,1,1,511,1,504,507,0,0
8.617,9,1,1,1,1,511,1,509,507,0,0
8.618,10,1,1,1,1,512,2,516,508,0,0
8.619,11,1,1,1,1,512,1,519,508,0,0
8.62,12,1,1,1,1,512,1,516,508,0,0
8.621,13,1,1,1,1,511,1,521,509,0,0
8.622,14,1,1,1,1,511,1,515,510,0,0
8.623,15,1,1,1,1,511,1,519,508,0,0
8.624,0,1,1,1,1,511,1,519,507,0,0
8.625,1,1,1,1,1,513,1,510,508,0,0
8.626,2,1,1,1,1,512,2,511,508,0,0
8.627,3,1,1,1,1,511,1,511,510,0,0
8.628,4,1,1,1,1,510,1,512,508,0,0
8.629,5,1,1,1,1,513,1,513,509,0,0
8.63,6,1,1,1,1,512,1,512,508,0,0
8.631,7,1,1,1,1,511,1,511,509,0,0
8.632,8,1,1,1,1,511,1,514,509,0,0
8.633,9,1,1,1,1,512,1,511,509,0,0
8.634,10,1,1,1,1,513,2,512,508,0,0
8.635,11,1,1,1,1,512,1,506,505,0,0
8.636,12,1,1,1,1,511,0,506,507,0,0
8.637,13,1,1,1,1,511,1,503,506,0,0
8.638,14,1,1,1,1,513,1,503,507,0,0
8.639,15,1,1,1,1,511,1,507,508,0,0
8.64,0,1,1,1,1,511,1,508,508,0,0
8.641,1,1,1,1,1,512,1,511,509,0,0
8.642,2,1,1,1,1,512,2,512,510,0,0
8.643,3,1,1,1,1,512,1,510,509,0,0
8.644,4,1,1,1,1,511,0,510,509,0,0
8.645,5,1,1,1,1,508,1,516,511,0,0
8.646,6,1,1,1,1,511,1,518,507,0,0
8.647,7,1,1,1,1,510,1,518,507,0,0
8.648,8,1,1,1,1,512,1,512,507,0,0
8.649,9,1,1,1,1,513,1,512,508,0,0
8.65,10,1,1,1,1,511,2,516,509,0,0
8.651,11,1,1,1,1,511,1,513,506,0,0
8.652,12,1,1,1,1,511,0,524,509,0,0
8.653,13,1,1,1,1,510,1,519,508,0,0
8.654,14,1,1,1,1,511,1,517,507,0,0
8.655,15,1,1,1,1,511,1,515,507,0,0
8.656,0,1,1,1,1,510,1,506,509,0,0
8.657,1,1,1,1,1,511,1,507,510,0,0
8.658,2,1,1,1,1,513,1,505,509,0,0
8.659,3,1,1,1,1,513,1,509,511,0,0
8.66,4,1,1,1,1,513,1,510,508,0,0
8.661,5,1,1,1,1,512,1,510,508,0,0
8.662,6,1,1,1,1,511,1,507,508,0,0
8.663,7,1,1,1,1,512,1,499,508,0,0
8.664,8,1,1,1,1,513,1,505,509,0,0
8.665,9,1,1,1,1,511,1,513,509,0,0
8.666,10,1,1,1,1,510,1,515,509,0,0
8.667,11,1,1,1,1,511,1,519,508,0,0
8.668,12,1,1,1,1,511,1,507,511,0,0
8.669,13,1,1,1,1,512,1,501,508,0,0
8.67,14,1,1,1,1,512,1,501,507,0,0
8.671,15,1,1,1,1,511,1,500,508,0,0
8.672,0,1,1,1,1,512,1,506,507,0,0
8.673,1,1,1,1,1,510,1,509,507,0,0
8.674,2,1,1,1,1,511,1,512,509,0,0
8.675,3,1,1,1,1,511,1,503,510,0,0
8.676,4,1,1,1,1,512,1,509,510,0,0
8.677,5,1,1,1,1,513,1,508,509,0,0
8.678,6,1,1,1,1,512,1,516,512,0,0
8.679,7,1,1,1,1,511,1,506,509,0,0
8.68,8,1,1,1,1,511,1,506,507,0,0
8.681,9,1,1,1,1,511,1,511,508,0,0
8.682,10,1,1,1,1,511,2,520,508,0,0
8.683,11,1,1,1,1,511,1,507,508,0,0
8.684,12,1,1,1,1,512,0,503,507,0,0
8.685,13,1,1,1,1,512,1,511,508,0,0
8.686,14,1,1,1,1,512,1,515,509,0,0
8.687,15,1,1,1,1,511,1,512,511,0,0
8.688,0,1,1,1,1,511,1,506,506,0,0
8.689,1,1,1,1,1,513,1,500,506,0,0
8.69,2,1,1,1,1,513,2,508,506,0,0
8.691,3,1,1,1,1,510,1,503,510,0,0
8.692,4,1,1,1,1,510,0,499,508,0,0
8.693,5,1,1,1,1,511,1,494,508,0,0
8.694,6,1,1,1,1,513,1,501,509,0,0
8.695,7,1,1,1,1,512,1,499,508,0,0
8.696,8,1,1,1,1,511,1,494,510,0,0
8.697,9,1,1,1,1,512,1,492,509,0,0
8.698,10,1,1,1,1,513,2,496,510,0,0
8.699,11,1,1,1,1,513,1,507,506,0,0
8.7,12,1,1,1,1,511,0,499,508,0,0
8.701,13,1,1,1,1,511,1,502,508,0,0
8.702,14,1,1,1,1,512,1,509,508,0,0
8.703,15,1,1,1,1,511,1,508,511,0,0
8.704,0,1,1,1,1,511,1,510,508,0,0
8.705,1,1,1,1,1,511,1,513,508,0,0
8.706,2,1,1,1,1,512,2,514,507,0,0
8.707,3,1,1,1,1,512,1,516,507,0,0
8.708,4,1,1,1,1,511,1,518,508,0,0
8.709,5,1,1,1,1,511,1,510,508,0,0
8.71,6,1,1,1,1,511,1,512,510,0,0
8.711,7,1,1,1,1,514,1,511,511,0,0
8.712,8,1,1,1,1,513,1,510,510,0,0
8.713,9,1,1,1,1,511,1,511,510,0,0
8.714,10,1,1,1,1,511,2,514,509,0,0
8.715,11,1,1,1,1,512,1,514,505,0,0
8.716,12,1,1,1,1,511,1,513,508,0,0
8.717,13,1,1,1,1,511,1,517,508,0,0
8.718,14,1,1,1,1,512,1,516,508,0,0
8.719,15,1,1,1,1,510,1,516,508,0,0
8.72,0,1,1,1,1,510,1,518,507,0,0
8.721,1,1,1,1,1,510,1,524,508,0,0
8.722,2,1,1,1,1,511,2,520,509,0,0
8.723,3,1,1,1,1,510,1,513,508,0,0
8.724,4,1,1,1,1,513,1,506,508,0,0
8.725,5,1,1,1,1,511,1,511,509,0,0
8.726,6,1,1,1,1,513,1,512,508,0,0
8.727,7,1,1,1,1,510,0,514,509,0,0
8.728,8,1,1,1,1,511,1,514,510,0,0
8.729,9,1,1,1,1,512,1,515,508,0,0
8.73,10,1,1,1,1,513,2,515,510,0,0
8.731,11,1,1,1,1,512,1,514,508,0,0
8.732,12,1,1,1,1,510,1,518,511,0,0
8.733,13,1,1,1,1,511,1,520,508,0,0
8.734,14,1,1,1,1,510,1,522,507,0,0
8.735,15,1,1,1,1,513,0,519,511,0,0
8.736,0,1,1,1,1,513,1,513,507,0,0
8.737,1,1,1,1,1,512,1,511,510,0,0
8.738,2,1,1,1,1,509,2,508,508,0,0
8.739,3,1,1,1,1,511,1,515,507,0,0
8.74,4,1,1,1,1,511,1,516,507,0,0
8.741,5,1,1,1,1,512,1,510,508,0,0
8.742,6,1,1,1,1,510,1,498,509,0,0
8.743,7,1,1,1,1,511,0,497,508,0,0
8.744,8,1,1,1,1,513,1,503,509,0,0
8.745,9,1,1,1,1,511,1,508,509,0,0
8.746,10,1,1,1,1,512,2,507,507,0,0
8.747,11,1,1,1,1,512,1,509,508,0,0
8.748,12,1,1,1,1,512,1,514,508,0,0
8.749,13,1,1,1,1,511,1,517,507,0,0
8.75,14,1,1,1,1,512,1,514,510,0,0
8.751,15,1,1,1,1,512,1,510,511,0,0
8.752,0,1,1,1,1,512,1,515,511,0,0
8.753,1,1,1,1,1,512,1,510,509,0,0
8.754,2,1,1,1,1,511,2,498,510,0,0
8.755,3,1,1,1,1,512,1,497,508,0,0
8.756,4,1,1,1,1,511,1,512,510,0,0
8.757,5,1,1,1,1,511,1,512,507,0,0
8.758,6,1,1,1,1,511,1,511,508,0,0
8.759,7,1,1,1,1,511,1,512,509,0,0
8.76,8,1,1,1,1,513,1,515,509,0,0
8.761,9,1,1,1,1,512,1,501,507,0,0
8.762,10,1,1,1,1,511,2,499,508,0,0
8.763,11,1,1,1,1,514,1,502,509,0,0
8.764,12,1,1,1,1,511,1,507,510,0,0
8.765,13,1,1,1,1,511,1,512,510,0,0
8.766,14,1,1,1,1,512,1,517,510,0,0
8.767,15,1,1,1,1,510,1,516,508,0,0
8.768,0,1,1,1,1,510,1,517,508,0,0
8.769,1,1,1,1,1,510,1,517,509,0,0
8.77,2,1,1,1,1,511,1,518,509,0,0
8.771,3,1,1,1,1,511,1,522,507,0,0
8.772,4,1,1,1,1,510,1,519,506,0,0
8.773,5,1,1,1,1,512,1,510,507,0,0
8.774,6,1,1,1,1,510,1,511,510,0,0
8.775,7,1,1,1,1,511,1,515,509,0,0
8.776,8,1,1,1,1,512,1,515,509,0,0
8.777,9,1,1,1,1,512,1,515,508,0,0
8.778,10,1,1,1,1,510,1,505,508,0,0
8.779,11,1,1,1,1,511,1,504,509,0,0
8.78,12,1,1,1,1,512,1,498,509,0,0
8.781,13,1,1,1,1,511,1,506,510,0,0
8.782,14,1,1,1,1,511,1,505,508,0,0
8.783,15,1,1,1,1,512,1,509,508,0,0
8.784,0,1,1,1,1,512,1,513,509,0,0
8.785,1,1,1,1,1,512,1,513,506,0,0
8.786,2,1,1,1,1,511,1,510,507,0,0
8.787,3,1,1,1,1,511,1,503,508,0,0
8.788,4,1,1,1,1,512,1,500,507,0,0
8.789,5,1,1,1,1,511,1,505,509,0,0
8.79,6,1,1,1,1,510,1,510,510,0,0
8.791,7,1,1,1,1,510,1,507,508,0,0
8.792,8,1,1,1,1,511,1,501,506,0,0
8.793,9,1,1,1,1,512,1,496,508,0,0
8.794,10,1,1,1,1,513,2,496,508,0,0
8.795,11,1,1,1,1,513,1,510,507,0,0
8.796,12,1,1,1,1,512,1,506,508,0,0
8.797,13,1,1,1,1,510,1,515,509,0,0
8.798,14,1,1,1,1,512,1,513,508,0,0
8.799,15,1,1,1,1,511,1,506,508,0,0
8.8,0,1,1,1,1,512,1,499,508,0,0
8.801,1,1,1,1,1,511,1,508,509,0,0
8.802,2,1,1,1,1,514,2,514,508,0,0
8.803,3,1,1,1,1,511,1,515,508,0,0
8.804,4,1,1,1,1,510,1,519,507,0,0
8.805,5,1,1,1,1,511,1,520,509,0,0
8.806,6,1,1,1,1,511,1,519,511,0,0
8.807,7,1,1,1,1,511,1,516,509,0,0
8.808,8,1,1,1,1,511,1,512,507,0,0
8.809,9,1,1,1,1,512,1,515,510,0,0
8.81,10,1,1,1,1,511,2,515,510,0,0
8.811,11,1,1,1,1,511,1,515,509,0,0
8.812,12,1,1,1,1,512,1,510,510,0,0
8.813,13,1,1,1,1,511,1,510,509,0,0
8.814,14,1,1,1,1,511,1,511,508,0,0
8.815,15,1,1,1,1,511,0,513,508,0,0
8.816,0,1,1,1,1,512,1,509,510,0,0
8.817,1,1,1,1,1,510,1,511,508,0,0
8.818,2,1,1,1,1,513,2,505,508,0,0
8.819,3,1,1,1,1,511,1,508,510,0,0
8.82,4,1,1,1,1,511,1,500,507,0,0
8.821,5,1,1,1,1,513,1,508,507,0,0
8.822,6,1,1,1,1,511,1,513,508,0,0
8.823,7,1,1,1,1,509,0,508,508,0,0
8.824,8,1,1,1,1,512,1,507,508,0,0
8.825,9,1,1,1,1,511,1,510,509,0,0
8.826,10,1,1,1,1,512,2,511,507,0,0
8.827,11,1,1,1,1,512,1,513,511,0,0
8.828,12,1,1,1,1,510,1,512,509,0,0
8.829,13,1,1,1,1,512,1,509,510,0,0
8.83,14,1,1,1,1,511,1,509,509,0,0
8.831,15,1,1,1,1,512,0,512,508,0,0
8.832,0,1,1,1,1,512,1,508,508,0,0
8.833,1,1,1,1,1,511,1,516,508,0,0
8.834,2,1,1,1,1,511,2,517,508,0,0
8.835,3,1,1,1,1,512,1,520,509,0,0
8.836,4,1,1,1,1,511,1,521,508,0,0
8.837,5,1,1,1,1,512,1,513,509,0,0
8.838,6,1,1,1,1,512,1,513,508,0,0
8.839,7,1,1,1,1,512,1,517,507,0,0
8.84,8,1,1,1,1,512,1,518,506,0,0
8.841,9,1,1,1,1,511,1,512,507,0,0
8.842,10,1,1,1,1,512,2,510,508,0,0
8.843,11,1,1,1,1,512,1,502,510,0,0
8.844,12,1,1,1,1,512,1,501,510,0,0
8.845,13,1,1,1,1,512,1,501,507,0,0
8.846,14,1,1,1,1,512,1,504,510,0,0
8.847,15,1,1,1,1,512,1,508,509,0,0
8.848,0,1,1,1,1,511,1,503,506,0,0
8.849,1,1,1,1,1,510,1,500,508,0,0
8.85,2,1,1,1,1,511,2,506,507,0,0
8.851,3,1,1,1,1,513,1,506,508,0,0
8.852,4,1,1,1,1,512,1,507,507,0,0
8.853,5,1,1,1,1,510,1,515,510,0,0
8.854,6,1,1,1,1,510,1,520,508,0,0
8.855,7,1,1,1,1,511,1,518,507,0,0
8.856,8,1,1,1,1,512,1,512,507,0,0
8.857,9,1,1,1,1,512,1,510,508,0,0
8.858,10,1,1,1,1,512,2,508,509,0,0
8.859,11,1,1,1,1,510,1,508,509,0,0
8.86,12,1,1,1,1,512,0,505,508,0,0
8.861,13,1,1,1,1,513,1,507,506,0,0
8.862,14,1,1,1,1,511,1,505,511,0,0
8.863,15,1,1,1,1,511,1,511,509,0,0
8.864,0,1,1,1,1,511,1,528,508,0,0
8.865,1,1,1,1,1,510,1,525,508,0,0
8.866,2,1,1,1,1,511,2,514,509,0,0
8.867,3,1,1,1,1,511,1,524,509,0,0
8.868,4,1,1,1,1,513,0,523,510,0,0
8.869,5,1,1,1,1,514,1,519,509,0,0
8.87,6,1,1,1,1,512,1,522,509,0,0
8.871,7,1,1,1,1,510,1,513,510,0,0
8.872,8,1,1,1,1,511,1,513,508,0,0
8.873,9,1,1,1,1,510,1,508,508,0,0
8.874,10,1,1,1,1,511,2,507,508,0,0
8.875,11,1,1,1,1,511,1,503,508,0,0
8.876,12,1,1,1,1,512,1,504,508,0,0
8.877,13,1,1,1,1,511,1,499,509,0,0
8.878,14,1,1,1,1,512,1,505,510,0,0
8.879,15,1,1,1,1,512,1,511,509,0,0
8.88,0,1,1,1,1,512,1,508,510,0,0
8.881,1,1,1,1,1,512,1,512,508,0,0
8.882,2,1,1,1,1,508,1,520,508,0,0
8.883,3,1,1,1,1,511,1,515,508,0,0
8.884,4,1,1,1,1,511,1,507,510,0,0
8.885,5,1,1,1,1,511,1,514,509,0,0
8.886,6,1,1,1,1,509,1,511,507,0,0
8.887,7,1,1,1,1,511,1,509,508,0,0
8.888,8,1,1,1,1,512,1,510,508,0,0
8.889,9,1,1,1,1,511,1,512,508,0,0
8.89,10,1,1,1,1,512,1,505,507,0,0
8.891,11,1,1,1,1,511,1,498,505,0,0
8.892,12,1,1,1,1,512,1,497,507,0,0
8.893,13,1,1,1,1,511,1,501,509,0,0
8.894,14,1,1,1,1,511,1,502,509,0,0
8.895,15,1,1,1,1,512,1,507,507,0,0
8.896,0,1,1,1,1,512,1,509,508,0,0
8.897,1,1,1,1,1,511,1,519,508,0,0
8.898,2,1,1,1,1,511,2,516,508,0,0
8.899,3,1,1,1,1,512,1,507,508,0,0
8.9,4,1,1,1,1,510,0,503,508,0,0
8.901,5,1,1,1,1,512,1,506,509,0,0
8.902,6,1,1,1,1,511,1,512,510,0,0
8.903,7,1,1,1,1,512,1,510,510,0,0
8.904,8,1,1,1,1,512,1,508,509,0,0
8.905,9,1,1,1,1,511,1,510,510,0,0
8.906,10,1,1,1,1,511,2,507,507,0,0
8.907,11,1,1,1,1,511,1,507,510,0,0
8.908,12,1,1,1,1,511,0,509,508,0,0
8.909,13,1,1,1,1,510,1,508,508,0,0
8.91,14,1,1,1,1,511,1,511,506,0,0
8.911,15,1,1,1,1,512,1,508,507,0,0
8.912,0,1,1,1,1,512,1,504,509,0,0
8.913,1,1,1,1,1,512,1,501,510,0,0
8.914,2,1,1,1,1,511,2,505,510,0,0
8.915,3,1,1,1,1,510,1,503,507,0,0
8.916,4,1,1,1,1,513,0,512,507,0,0
8.917,5,1,1,1,1,511,1,519,508,0,0
8.918,6,1,1,1,1,512,1,518,507,0,0
8.919,7,1,1,1,1,510,1,510,509,0,0
8.92,8,1,1,1,1,511,1,509,511,0,0
8.921,9,1,1,1,1,511,1,508,509,0,0
8.922,10,1,1,1,1,513,2,513,511,0,0
8.923,11,1,1,1,1,513,1,505,509,0,0
8.924,12,1,1,1,1,512,1,511,508,0,0
8.925,13,1,1,1,1,514,1,510,511,0,0
8.926,14,1,1,1,1,512,1,508,509,0,0
8.927,15,1,1,1,1,512,1,504,508,0,0
8.928,0,1,1,1,1,511,1,502,507,0,0
8.929,1,1,1,1,1,510,1,494,507,0,0
8.93,2,1,1,1,1,511,2,498,507,0,0
8.931,3,1,1,1,1,513,1,503,510,0,0
8.932,4,1,1,1,1,513,1,514,507,0,0
8.933,5,1,1,1,1,510,1,505,507,0,0
8.934,6,1,1,1,1,512,1,504,509,0,0
8.935,7,1,1,1,1,512,1,502,508,0,0
8.936,8,1,1,1,1,513,1,511,508,0,0
8.937,9,1,1,1,1,512,1,516,509,0,0
8.938,10,1,1,1,1,511,2,520,507,0,0
8.939,11,1,1,1,1,509,1,529,507,0,0
8.94,12,1,1,1,1,510,1,528,508,0,0
8.941,13,1,1,1,1,512,1,526,509,0,0
8.942,14,1,1,1,1,512,1,521,509,0,0
8.943,15,1,1,1,1,512,0,520,508,0,0
8.944,0,1,1,1,1,512,1,523,510,0,0
8.945,1,1,1,1,1,512,1,518,510,0,0
8.946,2,1,1,1,1,512,2,521,512,0,0
8.947,3,1,1,1,1,512,1,512,509,0,0
8.948,4,1,1,1,1,512,1,519,510,0,0
8.949,5,1,1,1,1,510,1,515,511,0,0
8.95,6,1,1,1,1,510,1,513,509,0,0
8.951,7,1,1,1,1,511,0,515,508,0,0
8.952,8,1,1,1,1,511,1,517,508,0,0
8.953,9,1,1,1,1,511,1,518,505,0,0
8.954,10,1,1,1,1,513,2,509,507,0,0
8.955,11,1,1,1,1,511,1,519,510,0,0
8.956,12,1,1,1,1,510,1,520,508,0,0
8.957,13,1,1,1,1,510,1,506,508,0,0
8.958,14,1,1,1,1,512,1,504,508,0,0
8.959,15,1,1,1,1,512,0,506,508,0,0
8.96,0,1,1,1,1,513,1,501,509,0,0
8.961,1,1,1,1,1,512,1,500,509,0,0
8.962,2,1,1,1,1,512,2,500,509,0,0
8.963,3,1,1,1,1,512,1,502,507,0,0
8.964,4,1,1,1,1,511,1,506,510,0,0
8.965,5,1,1,1,1,513,1,504,508,0,0
8.966,6,1,1,1,1,511,1,511,508,0,0
8.967,7,1,1,1,1,511,1,516,509,0,0
8.968,8,1,1,1,1,512,1,511,509,0,0
8.969,9,1,1,1,1,512,1,506,508,0,0
8.97,10,1,1,1,1,511,2,505,507,0,0
8.971,11,1,1,1,1,511,1,504,508,0,0
8.972,12,1,1,1,1,513,1,504,507,0,0
8.973,13,1,1,1,1,512,1,501,507,0,0
8.974,14,1,1,1,1,512,1,501,508,0,0
8.975,15,1,1,1,1,511,1,504,510,0,0
8.976,0,1,1,1,1,510,1,504,509,0,0
8.977,1,1,1,1,1,512,1,507,507,0,0
8.978,2,1,1,1,1,510,2,494,505,0,0
8.979,3,1,1,1,1,512,1,491,509,0,0
8.98,4,1,1,1,1,513,1,502,508,0,0
8.981,5,1,1,1,1,512,1,503,510,0,0
8.982,6,1,1,1,1,512,1,508,508,0,0
8.983,7,1,1,1,1,512,1,511,509,0,0
8.984,8,1,1,1,1,510,1,504,507,0,0
8.985,9,1,1,1,1,512,1,508,507,0,0
8.986,10,1,1,1,1,513,1,507,507,0,0
8.987,11,1,1,1,1,510,1,514,509,0,0
8.988,12,1,1,1,1,510,1,518,509,0,0
8.989,13,1,1,1,1,511,1,515,507,0,0
8.99,14,1,1,1,1,512,1,521,510,0,0
8.991,15,1,1,1,1,512,1,520,509,0,0
8.992,0,1,1,1,1,510,1,519,511,0,0
8.993,1,1,1,1,1,510,1,520,509,0,0
8.994,2,1,1,1,1,512,1,519,509,0,0
8.995,3,1,1,1,1,511,1,518,511,0,0
8.996,4,1,1,1,1,511,1,523,507,0,0
8.997,5,1,1,1,1,512,1,516,504,0,0
8.998,6,1,1,1,1,512,1,509,507,0,0
8.999,7,1,1,1,1,511,1,510,511,0,0
9.0,8,1,1,1,1,508,1,503,508,0,0
9.001,9,1,1,1,1,509,1,511,508,0,0
9.002,10,1,1,1,1,511,1,509,511,0,0
9.003,11,1,1,1,1,512,1,507,510,0,0
9.004,12,1,1,1,1,511,1,513,508,0,0
9.005,13,1,1,1,1,512,1,510,507,0,0
9.006,14,1,1,1,1,512,1,511,508,0,0
9.007,15,1,1,1,1,511,1,511,507,0,0
9.008,0,1,1,1,1,512,1,513,509,0,0
9.009,1,1,1,1,1,511,1,505,509,0,0
9.01,2,1,1,1,1,510,2,510,507,0,0
9.011,3,1,1,1,1,512,1,516,509,0,0
9.012,4,1,1,1,1,511,1,515,510,0,0
9.013,5,1,1,1,1,512,1,513,508,0,0
9.014,6,1,1,1,1,511,1,507,507,0,0
9.015,7,1,1,1,1,513,1,508,509,0,0
9.016,8,1,1,1,1,511,1,508,508,0,0
9.017,9,1,1,1,1,512,1,503,510,0,0
9.018,10,1,1,1,1,511,2,507,508,0,0
9.019,11,1,1,1,1,510,1,510,510,0,0
9.02,12,1,1,1,1,512,1,514,511,0,0
9.021,13,1,1,1,1,512,1,514,507,0,0
9.022,14,1,1,1,1,513,1,503,508,0,0
9.023,15,1,1,1,1,512,1,500,509,0,0
9.024,0,1,1,1,1,512,1,510,507,0,0
9.025,1,1,1,1,1,512,1,516,508,0,0
9.026,2,1,1,1,1,511,2,512,508,0,0
9.027,3,1,1,1,1,511,1,510,508,0,0
9.028,4,1,1,1,1,512,1,513,508,0,0
9.029,5,1,1,1,1,512,1,511,507,0,0
9.03,6,1,1,1,1,512,1,520,509,0,0
9.031,7,1,1,1,1,510,0,520,506,0,0
9.032,8,1,1,1,1,511,1,515,510,0,0
9.033,9,1,1,1,1,509,1,516,508,0,0
9.034,10,1,1,1,1,512,2,519,509,0,0
9.035,11,1,1,1,1,511,1,523,508,0,0
9.036,12,1,1,1,1,512,1,520,508,0,0
9.037,13,1,1,1,1,512,1,515,510,0,0
9.038,14,1,1,1,1,511,1,519,509,0,0
9.039,15,1,1,1,1,511,0,513,510,0,0
9.04,0,1,1,1,1,513,1,510,511,0,0
9.041,1,1,1,1,1,511,1,507,508,0,0
9.042,2,1,1,1,1,511,2,500,507,0,0
9.043,3,1,1,1,1,511,1,492,507,0,0
9.044,4,1,1,1,1,512,1,499,506,0,0
9.045,5,1,1,1,1,511,1,502,508,0,0
9.046,6,1,1,1,1,511,1,510,512,0,0
9.047,7,1,1,1,1,511,0,507,510,0,0
9.048,8,1,1,1,1,510,1,508,506,0,0
9.049,9,1,1,1,1,510,1,512,508,0,0
9.05,10,1,1,1,1,512,2,512,507,0,0
9.051,11,1,1,1,1,513,1,518,511,0,0
9.052,12,1,1,1,1,510,1,518,509,0,0
9.053,13,1,1,1,1,511,1,507,509,0,0
9.054,14,1,1,1,1,512,1,509,506,0,0
9.055,15,1,1,1,1,512,1,512,508,0,0
9.056,0,1,1,1,1,511,1,504,508,0,0
9.057,1,1,1,1,1,512,1,508,509,0,0
9.058,2,1,1,1,1,510,2,505,509,0,0
9.059,3,1,1,1,1,513,1,504,506,0,0
9.06,4,1,1,1,1,514,1,506,506,0,0
9.061,5,1,1,1,1,512,1,509,508,0,0
9.062,6,1,1,1,1,512,1,509,508,0,0
9.063,7,1,1,1,1,511,1,507,511,0,0
9.064,8,1,1,1,1,511,1,507,511,0,0
9.065,9,1,1,1,1,509,1,507,510,0,0
9.066,10,1,1,1,1,510,2,505,509,0,0
9.067,11,1,1,1,1,511,1,503,508,0,0
9.068,12,1,1,1,1,511,1,512,508,0,0
9.069,13,1,1,1,1,511,1,510,508,0,0
9.07,14,1,1,1,1,511,1,509,509,0,0
9.071,15,1,1,1,1,512,1,513,508,0,0
9.072,0,1,1,1,1,511,1,515,507,0,0
9.073,1,1,1,1,1,513,1,509,505,0,0
9.074,2,1,1,1,1,513,2,504,510,0,0
9.075,3,1,1,1,1,511,1,512,510,0,0
9.076,4,1,1,1,1,511,0,517,510,0,0
9.077,5,1,1,1,1,513,1,518,511,0,0
9.078,6,1,1,1,1,511,1,520,508,0,0
9.079,7,1,1,1,1,511,1,511,507,0,0
9.08,8,1,1,1,1,509,1,510,508,0,0
9.081,9,1,1,1,1,512,1,511,507,0,0
9.082,10,1,1,1,1,511,2,507,508,0,0
9.083,11,1,1,1,1,510,1,511,507,0,0
9.084,12,1,1,1,1,510,0,521,508,0,0
9.085,13,1,1,1,1,510,1,519,508,0,0
9.086,14,1,1,1,1,512,1,518,508,0,0
9.087,15,1,1,1,1,511,1,511,510,0,0
9.088,0,1,1,1,1,513,1,512,509,0,0
9.089,1,1,1,1,1,512,1,507,508,0,0
9.09,2,1,1,1,1,512,2,510,507,0,0
9.091,3,1,1,1,1,510,1,502,509,0,0
9.092,4,1,1,1,1,512,0,500,510,0,0
9.093,5,1,1,1,1,512,1,496,509,0,0
9.094,6,1,1,1,1,511,1,497,510,0,0
9.095,7,1,1,1,1,512,1,500,510,0,0
9.096,8,1,1,1,1,511,1,505,509,0,0
9.097,9,1,1,1,1,510,1,504,509,0,0
9.098,10,1,1,1,1,512,1,512,508,0,0
9.099,11,1,1,1,1,511,1,519,508,0,0
9.1,12,1,1,1,1,512,1,516,508,0,0
9.101,13,1,1,1,1,512,1,518,509,0,0
9.102,14,1,1,1,1,512,1,524,507,0,0
9.103,15,1,1,1,1,512,1,516,507,0,0
9.104,0,1,1,1,1,511,1,515,507,0,0
9.105,1,1,1,1,1,510,1,511,510,0,0
9.106,2,1,1,1,1,512,1,515,509,0,0
9.107,3,1,1,1,1,514,1,519,509,0,0
9.108,4,1,1,1,1,513,1,513,509,0,0
9.109,5,1,1,1,1,512,1,512,508,0,0
9.11,6,1,1,1,1,511,1,518,508,0,0
9.111,7,1,1,1,1,512,1,507,510,0,0
9.112,8,1,1,1,1,511,1,505,508,0,0
9.113,9,1,1,1,1,510,1,499,510,0,0
9.114,10,1,1,1,1,510,1,505,511,0,0
9.115,11,1,1,1,1,511,1,506,509,0,0
9.116,12,1,1,1,1,512,0,511,508,0,0
9.117,13,1,1,1,1,510,1,512,508,0,0
9.118,14,1,1,1,1,510,1,510,507,0,0
9.119,15,1,1,1,1,510,1,510,505,0,0
9.12,0,1,1,1,1,511,1,513,510,0,0
9.121,1,1,1,1,1,513,1,506,510,0,0
9.122,2,1,1,1,1,511,2,502,507,0,0
9.123,3,1,1,1,1,512,1,494,508,0,0
9.124,4,1,1,1,1,510,0,496,508,0,0
9.125,5,1,1,1,1,512,1,499,508,0,0
9.126,6,1,1,1,1,512,1,502,508,0,0
9.127,7,1,1,1,1,514,1,507,508,0,0
9.128,8,1,1,1,1,512,1,503,511,0,0
9.129,9,1,1,1,1,512,1,507,508,0,0
9.13,10,1,1,1,1,511,2,504,510,0,0
9.131,11,1,1,1,1,512,1,511,510,0,0
9.132,12,1,1,1,1,511,0,519,510,0,0
9.133,13,1,1,1,1,511,1,517,506,0,0
9.134,14,1,1,1,1,512,1,519,510,0,0
9.135,15,1,1,1,1,512,1,519,509,0,0
9.136,0,1,1,1,1,512,1,520,507,0,0
9.137,1,1,1,1,1,512,1,512,508,0,0
9.138,2,1,1,1,1,510,2,514,509,0,0
9.139,3,1,1,1,1,511,1,516,508,0,0
9.14,4,1,1,1,1,510,1,520,509,0,0
9.141,5,1,1,1,1,511,1,510,507,0,0
9.142,6,1,1,1,1,512,1,511,510,0,0
9.143,7,1,1,1,1,510,1,515,509,0,0
9.144,8,1,1,1,1,512,1,519,509,0,0
9.145,9,1,1,1,1,511,1,518,508,0,0
9.146,10,1,1,1,1,512,2,515,508,0,0
9.147,11,1,1,1,1,511,1,512,507,0,0
9.148,12,1,1,1,1,511,1,507,506,0,0
9.149,13,1,1,1,1,511,1,504,509,0,0
9.15,14,1,1,1,1,511,1,507,510,0,0
9.151,15,1,1,1,1,511,1,513,509,0,0
9.152,0,1,1,1,1,512,1,512,508,0,0
9.153,1,1,1,1,1,510,1,513,508,0,0
9.154,2,1,1,1,1,512,2,514,508,0,0
9.155,3,1,1,1,1,512,1,516,510,0,0
9.156,4,1,1,1,1,511,1,518,509,0,0
9.157,5,1,1,1,1,513,1,510,509,0,0
9.158,6,1,1,1,1,512,1,508,509,0,0
9.159,7,1,1,1,1,510,0,504,508,0,0
9.16,8,1,1,1,1,509,1,502,505,0,0
9.161,9,1,1,1,1,511,1,497,506,0,0
9.162,10,1,1,1,1,512,2,507,509,0,0
9.163,11,1,1,1,1,512,1,506,510,0,0
9.164,12,1,1,1,1,512,1,511,510,0,0
9.165,13,1,1,1,1,513,1,507,509,0,0
9.166,14,1,1,1,1,513,1,506,508,0,0
9.167,15,1,1,1,1,512,0,504,510,0,0
9.168,0,1,1,1,1,512,1,509,509,0,0
9.169,1,1,1,1,1,512,1,505,507,0,0
9.17,2,1,1,1,1,511,2,507,508,0,0
9.171,3,1,1,1,1,510,1,515,509,0,0
9.172,4,1,1,1,1,510,1,519,511,0,0
9.173,5,1,1,1,1,511,1,521,511,0,0
9.174,6,1,1,1,1,511,1,519,508,0,0
9.175,7,1,1,1,1,511,0,513,507,0,0
9.176,8,1,1,1,1,511,1,518,507,0,0
9.177,9,1,1,1,1,513,1,520,508,0,0
9.178,10,1,1,1,1,511,2,516,508,0,0
9.179,11,1,1,1,1,512,1,508,508,0,0
9.18,12,1,1,1,1,512,1,508,508,0,0
9.181,13,1,1,1,1,512,1,511,506,0,0
9.182,14,1,1,1,1,512,1,516,510,0,0
9.183,15,1,1,1,1,510,1,518,509,0,0
9.184,0,1,1,1,1,511,1,513,510,0,0
9.185,1,1,1,1,1,511,1,511,508,0,0
9.186,2,1,1,1,1,512,2,514,508,0,0
9.187,3,1,1,1,1,515,1,511,509,0,0
9.188,4,1,1,1,1,513,1,507,508,0,0
9.189,5,1,1,1,1,513,1,506,508,0,0
9.19,6,1,1,1,1,510,1,508,510,0,0
9.191,7,1,1,1,1,511,1,499,510,0,0
9.192,8,1,1,1,1,511,1,504,509,0,0
9.193,9,1,1,1,1,509,1,507,508,0,0
9.194,10,1,1,1,1,511,2,506,506,0,0
9.195,11,1,1,1,1,509,1,507,507,0,0
9.196,12,1,1,1,1,511,1,508,509,0,0
9.197,13,1,1,1,1,513,1,507,510,0,0
9.198,14,1,1,1,1,511,1,504,508,0,0
9.199,15,1,1,1,1,510,1,510,509,0,0
9.2,0,1,1,1,1,511,1,519,506,0,0
9.201,1,1,1,1,1,513,1,508,505,0,0
9.202,2,1,1,1,1,512,2,502,508,0,0
9.203,3,1,1,1,1,511,1,504,508,0,0
9.204,4,1,1,1,1,510,1,507,507,0,0
9.205,5,1,1,1,1,512,1,511,509,0,0
9.206,6,1,1,1,1,513,1,512,509,0,0
9.207,7,1,1,1,1,510,1,511,509,0,0
9.208,8,1,1,1,1,510,1,516,509,0,0
9.209,9,1,1,1,1,512,1,516,509,0,0
9.21,10,1,1,1,1,512,1,510,507,0,0
9.211,11,1,1,1,1,513,1,512,510,0,0
9.212,12,1,1,1,1,511,1,509,506,0,0
9.213,13,1,1,1,1,510,1,511,508,0,0
9.214,14,1,1,1,1,512,1,508,510,0,0
9.215,15,1,1,1,1,511,1,505,508,0,0
9.216,0,1,1,1,1,511,1,502,509,0,0
9.217,1,1,1,1,1,512,1,512,509,0,0
9.218,2,1,1,1,1,511,1,507,508,0,0
9.219,3,1,1,1,1,511,1,502,508,0,0
9.22,4,1,1,1,1,512,1,503,508,0,0
9.221,5,1,1,1,1,512,1,506,509,0,0
9.222,6,1,1,1,1,511,1,509,509,0,0
9.223,7,1,1,1,1,510,1,507,508,0,0
9.224,8,1,1,1,1,513,1,506,508,0,0
9.225,9,1,1,1,1,511,1,507,507,0,0
9.226,10,1,1,1,1,512,2,510,508,0,0
9.227,11,1,1,1,1,512,1,508,508,0,0
9.228,12,1,1,1,1,512,1,509,507,0,0
9.229,13,1,1,1,1,511,1,510,508,0,0
9.23,14,1,1,1,1,511,1,513,509,0,0
9.231,15,1,1,1,1,511,1,513,509,0,0
9.232,0,1,1,1,1,511,1,523,508,0,0
9.233,1,1,1,1,1,511,1,519,507,0,0
9.234,2,1,1,1,1,511,2,514,511,0,0
9.235,3,1,1,1,1,510,1,514,509,0,0
9.236,4,1,1,1,1,512,1,513,509,0,0
9.237,5,1,1,1,1,512,1,521,506,0,0
9.238,6,1,1,1,1,511,1,520,510,0,0
9.239,7,1,1,1,1,511,1,514,509,0,0
9.24,8,1,1,1,1,513,1,516,508,0,0
9.241,9,1,1,1,1,512,1,517,509,0,0
9.242,10,1,1,1,1,512,2,508,510,0,0
9.243,11,1,1,1,1,510,1,504,507,0,0
9.244,12,1,1,1,1,511,1,501,507,0,0
9.245,13,1,1,1,1,511,1,501,505,0,0
9.246,14,1,1,1,1,511,1,508,507,0,0
9.247,15,1,1,1,1,512,0,504,508,0,0
9.248,0,1,1,1,1,511,1,507,510,0,0
9.249,1,1,1,1,1,512,1,508,509,0,0
9.25,2,1,1,1,1,513,2,511,507,0,0
9.251,3,1,1,1,1,511,1,512,509,0,0
9.252,4,1,1,1,1,509,1,508,507,0,0
9.253,5,1,1,1,1,512,1,515,508,0,0
9.254,6,1,1,1,1,512,1,512,507,0,0
9.255,7,1,1,1,1,511,0,513,508,0,0
9.256,8,1,1,1,1,513,1,514,510,0,0
9.257,9,1,1,1,1,512,1,515,508,0,0
9.258,10,1,1,1,1,512,2,507,508,0,0
9.259,11,1,1,1,1,512,1,505,507,0,0
9.26,12,1,1,1,1,512,1,511,510,0,0
9.261,13,1,1,1,1,511,1,506,510,0,0
9.262,14,1,1,1,1,513,1,498,509,0,0
9.263,15,1,1,1,1,512,0,500,510,0,0
9.264,0,1,1,1,1,511,1,504,508,0,0
9.265,1,1,1,1,1,511,1,510,507,0,0
9.266,2,1,1,1,1,509,2,504,508,0,0
9.267,3,1,1,1,1,511,1,510,508,0,0
9.268,4,1,1,1,1,512,1,511,510,0,0
9.269,5,1,1,1,1,512,1,508,509,0,0
9.27,6,1,1,1,1,511,1,512,508,0,0
9.271,7,1,1,1,1,510,1,510,509,0,0
9.272,8,1,1,1,1,511,1,516,509,0,0
9.273,9,1,1,1,1,514,1,519,506,0,0
9.274,10,1,1,1,1,511,2,511,509,0,0
9.275,11,1,1,1,1,511,1,504,510,0,0
9.276,12,1,1,1,1,512,1,508,508,0,0
9.277,13,1,1,1,1,511,1,510,508,0,0
9.278,14,1,1,1,1,510,1,500,504,0,0
9.279,15,1,1,1,1,513,1,513,507,0,0
9.28,0,1,1,1,1,510,1,508,509,0,0
9.281,1,1,1,1,1,511,1,507,508,0,0
9.282,2,1,1,1,1,512,2,508,507,0,0
9.283,3,1,1,1,1,510,1,503,510,0,0
9.284,4,1,1,1,1,512,1,510,509,0,0
9.285,5,1,1,1,1,512,1,509,508,0,0
9.286,6,1,1,1,1,511,1,517,508,0,0
9.287,7,1,1,1,1,509,1,514,508,0,0
9.288,8,1,1,1,1,513,1,518,510,0,0
9.289,9,1,1,1,1,511,1,521,508,0,0
9.29,10,1,1,1,1,512,2,518,510,0,0
9.291,11,1,1,1,1,512,1,517,508,0,0
9.292,12,1,1,1,1,511,0,513,507,0,0
9.293,13,1,1,1,1,514,1,511,507,0,0
9.294,14,1,1,1,1,511,1,514,510,0,0
9.295,15,1,1,1,1,511,1,512,509,0,0
9.296,0,1,1,1,1,512,1,512,510,0,0
9.297,1,1,1,1,1,511,1,518,510,0,0
9.298,2,1,1,1,1,512,2,514,510,0,0
9.299,3,1,1,1,1,512,1,511,507,0,0
9.3,4,1,1,1,1,510,0,506,509,0,0
9.301,5,1,1,1,1,511,1,503,510,0,0
9.302,6,1,1,1,1,512,1,505,510,0,0
9.303,7,1,1,1,1,512,1,504,508,0,0
9.304,8,1,1,1,1,512,1,507,507,0,0
9.305,9,1,1,1,1,511,1,511,508,0,0
9.306,10,1,1,1,1,513,2,512,508,0,0
9.307,11,1,1,1,1,510,1,517,509,0,0
9.308,12,1,1,1,1,511,0,514,511,0,0
9.309,13,1,1,1,1,511,1,512,510,0,0
9.31,14,1,1,1,1,511,1,518,510,0,0
9.311,15,1,1,1,1,512,1,511,508,0,0
9.312,0,1,1,1,1,511,1,508,511,0,0
9.313,1,1,1,1,1,512,1,504,509,0,0
9.314,2,1,1,1,1,513,1,508,506,0,0
9.315,3,1,1,1,1,511,1,515,506,0,0
9.316,4,1,1,1,1,510,1,518,509,0,0
9.317,5,1,1,1,1,511,1,517,508,0,0
9.318,6,1,1,1,1,509,1,517,507,0,0
9.319,7,1,1,1,1,512,1,508,508,0,0
9.32,8,1,1,1,1,511,1,519,508,0,0
9.321,9,1,1,1,1,511,1,519,509,0,0
9.322,10,1,1,1,1,509,1,517,506,0,0
9.323,11,1,1,1,1,512,1,515,510,0,0
9.324,12,1,1,1,1,513,1,515,510,0,0
9.325,13,1,1,1,1,512,1,514,509,0,0
9.326,14,1,1,1,1,511,1,508,508,0,0
9.327,15,1,1,1,1,511,1,501,509,0,0
9.328,0,1,1,1,1,515,1,502,508,0,0
9.329,1,1,1,1,1,513,1,505,509,0,0
9.33,2,1,1,1,1,511,1,507,509,0,0
9.331,3,1,1,1,1,511,1,505,508,0,0
9.332,4,1,1,1,1,510,1,510,510,0,0
9.333,5,1,1,1,1,510,1,516,508,0,0
9.334,6,1,1,1,1,509,1,513,507,0,0
9.335,7,1,1,1,1,512,1,505,508,0,0
9.336,8,1,1,1,1,511,1,499,509,0,0
9.337,9,1,1,1,1,511,1,502,508,0,0
9.338,10,1,1,1,1,510,2,505,508,0,0
9.339,11,1,1,1,1,511,1,499,507,0,0
9.34,12,1,1,1,1,511,0,497,507,0,0
9.341,13,1,1,1,1,513,1,500,510,0,0
9.342,14,1,1,1,1,512,1,504,510,0,0
9.343,15,1,1,1,1,510,1,502,508,0,0
9.344,0,1,1,1,1,512,1,499,509,0,0
9.345,1,1,1,1,1,512,1,503,508,0,0
9.346,2,1,1,1,1,513,2,499,508,0,0
9.347,3,1,1,1,1,510,1,509,504,0,0
9.348,4,1,1,1,1,511,0,511,507,0,0
9.349,5,1,1,1,1,511,1,514,508,0,0
9.35,6,1,1,1,1,511,1,518,508,0,0
9.351,7,1,1,1,1,510,1,511,508,0,0
9.352,8,1,1,1,1,510,1,511,508,0,0
9.353,9,1,1,1,1,512,1,510,510,0,0
9.354,10,1,1,1,1,513,2,506,507,0,0
9.355,11,1,1,1,1,511,1,514,506,0,0
9.356,12,1,1,1,1,512,1,512,508,0,0
9.357,13,1,1,1,1,511,1,504,509,0,0
9.358,14,1,1,1,1,512,1,505,507,0,0
9.359,15,1,1,1,1,512,1,500,510,0,0
9.36,0,1,1,1,1,511,1,506,509,0,0
9.361,1,1,1,1,1,513,1,508,510,0,0
9.362,2,1,1,1,1,512,2,511,510,0,0
9.363,3,1,1,1,1,511,1,516,508,0,0
9.364,4,1,1,1,1,512,1,519,506,0,0
9.365,5,1,1,1,1,511,1,520,508,0,0
9.366,6,1,1,1,1,510,1,511,510,0,0
9.367,7,1,1,1,1,511,1,508,508,0,0
9.368,8,1,1,1,1,512,1,511,511,0,0
9.369,9,1,1,1,1,511,1,511,507,0,0
9.37,10,1,1,1,1,511,2,515,507,0,0
9.371,11,1,1,1,1,512,1,518,507,0,0
9.372,12,1,1,1,1,512,1,518,507,0,0
9.373,13,1,1,1,1,512,1,526,508,0,0
9.374,14,1,1,1,1,511,1,531,508,0,0
9.375,15,1,1,1,1,511,1,525,508,0,0
9.376,0,1,1,1,1,512,1,527,510,0,0
9.377,1,1,1,1,1,511,1,535,511,0,0
9.378,2,1,1,1,1,511,2,528,510,0,0
9.379,3,1,1,1,1,512,1,516,507,0,0
9.38,4,1,1,1,1,511,1,510,508,0,0
9.381,5,1,1,1,1,511,1,513,508,0,0
9.382,6,1,1,1,1,512,1,514,507,0,0
9.383,7,1,1,1,1,509,0,513,508,0,0
9.384,8,1,1,1,1,511,1,512,509,0,0
9.385,9,1,1,1,1,511,1,512,510,0,0
9.386,10,1,1,1,1,512,2,509,508,0,0
9.387,11,1,1,1,1,511,1,504,508,0,0
9.388,12,1,1,1,1,511,1,507,507,0,0
9.389,13,1,1,1,1,511,1,504,510,0,0
9.39,14,1,1,1,1,511,1,501,511,0,0
9.391,15,1,1,1,1,511,1,502,509,0,0
9.392,0,1,1,1,1,512,1,504,510,0,0
9.393,1,1,1,1,1,514,1,504,508,0,0
9.394,2,1,1,1,1,511,2,504,508,0,0
9.395,3,1,1,1,1,510,1,506,508,0,0
9.396,4,1,1,1,1,511,1,504,507,0,0
9.397,5,1,1,1,1,513,1,503,509,0,0
9.398,6,1,1,1,1,512,1,501,506,0,0
9.399,7,1,1,1,1,511,0,496,507,0,0
9.4,8,1,1,1,1,510,1,499,506,0,0
9.401,9,1,1,1,1,512,1,504,506,0,0
9.402,10,1,1,1,1,511,2,509,509,0,0
9.403,11,1,1,1,1,511,1,511,507,0,0
9.404,12,1,1,1,1,511,1,501,505,0,0
9.405,13,1,1,1,1,511,1,504,509,0,0
9.406,14,1,1,1,1,509,1,506,508,0,0
9.407,15,1,1,1,1,512,1,510,511,0,0
9.408,0,1,1,1,1,512,1,506,509,0,0
9.409,1,1,1,1,1,512,1,507,509,0,0
9.41,2,1,1,1,1,510,2,503,509,0,0
9.411,3,1,1,1,1,511,1,505,510,0,0
9.412,4,1,1,1,1,512,1,507,511,0,0
9.413,5,1,1,1,1,512,1,497,509,0,0
9.414,6,1,1,1,1,512,1,500,510,0,0
9.415,7,1,1,1,1,510,1,499,508,0,0
9.416,8,1,1,1,1,511,1,504,510,0,0
9.417,9,1,1,1,1,512,1,512,508,0,0
9.418,10,1,1,1,1,509,2,512,510,0,0
9.419,11,1,1,1,1,513,1,515,507,0,0
9.42,12,1,1,1,1,512,1,517,508,0,0
9.421,13,1,1,1,1,513,1,515,508,0,0
9.422,14,1,1,1,1,511,1,524,510,0,0
9.423,15,1,1,1,1,511,1,518,509,0,0
9.424,0,1,1,1,1,512,1,518,509,0,0
9.425,1,1,1,1,1,512,1,518,508,0,0
9.426,2,1,1,1,1,511,1,519,507,0,0
9.427,3,1,1,1,1,511,1,526,509,0,0
9.428,4,1,1,1,1,512,1,527,510,0,0
9.429,5,1,1,1,1,511,1,522,509,0,0
9.43,6,1,1,1,1,510,1,514,509,0,0
9.431,7,1,1,1,1,512,1,516,508,0,0
9.432,8,1,1,1,1,513,1,519,507,0,0
9.433,9,1,1,1,1,512,1,519,510,0,0
9.434,10,1,1,1,1,512,1,509,507,0,0
9.435,11,1,1,1,1,511,1,513,507,0,0
9.436,12,1,1,1,1,513,1,507,508,0,0
9.437,13,1,1,1,1,512,1,514,510,0,0
9.438,14,1,1,1,1,511,1,512,508,0,0
9.439,15,1,1,1,1,512,1,520,509,0,0
9.44,0,1,1,1,1,510,1,507,508,0,0
9.441,1,1,1,1,1,511,1,503,508,0,0
9.442,2,1,1,1,1,511,1,501,508,0,0
9.443,3,1,1,1,1,512,1,505,507,0,0
9.444,4,1,1,1,1,513,1,508,510,0,0
9.445,5,1,1,1,1,512,1,508,508,0,0
9.446,6,1,1,1,1,512,1,510,507,0,0
9.447,7,1,1,1,1,510,1,514,509,0,0
9.448,8,1,1,1,1,513,1,513,510,0,0
9.449,9,1,1,1,1,513,1,515,512,0,0
9.45,10,1,1,1,1,512,2,513,509,0,0
9.451,11,1,1,1,1,512,1,515,508,0,0
9.452,12,1,1,1,1,512,1,519,509,0,0
9.453,13,1,1,1,1,511,1,515,507,0,0
9.454,14,1,1,1,1,512,1,512,508,0,0
9.455,15,1,1,1,1,512,1,517,509,0,0
9.456,0,1,1,1,1,511,1,511,509,0,0
9.457,1,1,1,1,1,510,1,508,509,0,0
9.458,2,1,1,1,1,510,2,507,508,0,0
9.459,3,1,1,1,1,513,1,504,509,0,0
9.46,4,1,1,1,1,510,1,501,510,0,0
9.461,5,1,1,1,1,511,1,499,508,0,0
9.462,6,1,1,1,1,512,1,499,509,0,0
9.463,7,1,1,1,1,512,1,501,510,0,0
9.464,8,1,1,1,1,512,1,497,507,0,0
9.465,9,1,1,1,1,511,1,506,508,0,0
9.466,10,1,1,1,1,512,2,502,508,0,0
9.467,11,1,1,1,1,511,1,504,509,0,0
9.468,12,1,1,1,1,510,1,503,507,0,0
9.469,13,1,1,1,1,511,1,501,509,0,0
9.47,14,1,1,1,1,511,1,498,509,0,0
9.471,15,1,1,1,1,513,0,497,510,0,0
9.472,0,1,1,1,1,512,1,506,507,0,0
9.473,1,1,1,1,1,512,1,503,507,0,0
9.474,2,1,1,1,1,512,2,504,508,0,0
9.475,3,1,1,1,1,511,1,504,508,0,0
9.476,4,1,1,1,1,511,1,505,507,0,0
9.477,5,1,1,1,1,511,1,509,508,0,0
9.478,6,1,1,1,1,510,1,514,508,0,0
9.479,7,1,1,1,1,513,0,514,510,0,0
9.48,8,1,1,1,1,512,1,508,509,0,0
9.481,9,1,1,1,1,512,1,515,509,0,0
9.482,10,1,1,1,1,510,2,516,508,0,0
9.483,11,1,1,1,1,511,1,519,508,0,0
9.484,12,1,1,1,1,512,1,521,509,0,0
9.485,13,1,1,1,1,512,1,522,509,0,0
9.486,14,1,1,1,1,509,1,520,507,0,0
9.487,15,1,1,1,1,512,1,520,505,0,0
9.488,0,1,1,1,1,511,1,519,508,0,0
9.489,1,1,1,1,1,511,1,513,507,0,0
9.49,2,1,1,1,1,512,2,508,505,0,0
9.491,3,1,1,1,1,513,1,511,510,0,0
9.492,4,1,1,1,1,512,1,514,508,0,0
9.493,5,1,1,1,1,512,1,511,510,0,0
9.494,6,1,1,1,1,512,1,512,511,0,0
9.495,7,1,1,1,1,511,1,507,510,0,0
9.496,8,1,1,1,1,511,1,512,510,0,0
9.497,9,1,1,1,1,511,1,508,508,0,0
9.498,10,1,1,1,1,512,2,509,509,0,0
9.499,11,1,1,1,1,512,1,507,508,0,0
9.5,12,1,1,1,1,512,1,509,509,0,0
9.501,13,1,1,1,1,512,1,515,509,0,0
9.502,14,1,1,1,1,512,1,516,508,0,0
9.503,15,1,1,1,1,511,1,517,508,0,0
9.504,0,1,1,1,1,512,1,512,508,0,0
9.505,1,1,1,1,1,511,1,511,509,0,0
9.506,2,1,1,1,1,511,2,503,507,0,0
9.507,3,1,1,1,1,512,1,498,509,0,0
9.508,4,1,1,1,1,511,1,503,509,0,0
9.509,5,1,1,1,1,511,1,505,508,0,0
9.51,6,1,1,1,1,510,1,507,508,0,0
9.511,7,1,1,1,1,511,1,504,507,0,0
9.512,8,1,1,1,1,512,1,507,510,0,0
9.513,9,1,1,1,1,512,1,515,508,0,0
9.514,10,1,1,1,1,511,2,514,508,0,0
9.515,11,1,1,1,1,511,1,520,508,0,0
9.516,12,1,1,1,1,510,0,527,508,0,0
9.517,13,1,1,1,1,511,1,516,510,0,0
9.518,14,1,1,1,1,511,1,511,508,0,0
9.519,15,1,1,1,1,513,1,503,508,0,0
9.52,0,1,1,1,1,511,1,504,509,0,0
9.521,1,1,1,1,1,512,1,499,509,0,0
9.522,2,1,1,1,1,514,2,505,508,0,0
9.523,3,1,1,1,1,512,1,501,509,0,0
9.524,4,1,1,1,1,511,0,501,508,0,0
9.525,5,1,1,1,1,513,1,496,510,0,0
9.526,6,1,1,1,1,511,1,502,508,0,0
9.527,7,1,1,1,1,511,1,507,510,0,0
9.528,8,1,1,1,1,511,1,510,509,0,0
9.529,9,1,1,1,1,511,1,513,508,0,0
9.53,10,1,1,1,1,511,2,518,508,0,0
9.531,11,1,1,1,1,512,1,518,507,0,0
9.532,12,1,1,1,1,513,1,522,508,0,0
9.533,13,1,1,1,1,513,1,518,508,0,0
9.534,14,1,1,1,1,514,1,524,507,0,0
9.535,15,1,1,1,1,510,1,524,509,0,0
9.536,0,1,1,1,1,511,1,521,509,0,0
9.537,1,1,1,1,1,508,1,518,508,0,0
9.538,2,1,1,1,1,512,1,524,508,0,0
9.539,3,1,1,1,1,510,1,514,509,0,0
9.54,4,1,1,1,1,510,1,512,506,0,0
9.541,5,1,1,1,1,513,1,511,509,0,0
9.542,6,1,1,1,1,510,1,518,508,0,0
9.543,7,1,1,1,1,512,1,515,505,0,0
9.544,8,1,1,1,1,511,1,522,509,0,0
9.545,9,1,1,1,1,510,1,519,509,0,0
9.546,10,1,1,1,1,512,1,520,508,0,0
9.547,11,1,1,1,1,511,1,516,509,0,0
9.548,12,1,1,1,1,512,1,516,508,0,0
9.549,13,1,1,1,1,510,1,510,508,0,0
9.55,14,1,1,1,1,511,1,503,507,0,0
9.551,15,1,1,1,1,512,1,506,509,0,0
9.552,0,1,1,1,1,513,1,513,508,0,0
9.553,1,1,1,1,1,512,1,515,509,0,0
9.554,2,1,1,1,1,511,2,521,508,0,0
9.555,3,1,1,1,1,511,1,521,508,0,0
9.556,4,1,1,1,1,511,0,521,506,0,0
9.557,5,1,1,1,1,510,1,515,506,0,0
9.558,6,1,1,1,1,511,1,518,509,0,0
9.559,7,1,1,1,1,511,1,508,512,0,0
9.56,8,1,1,1,1,511,1,506,509,0,0
9.561,9,1,1,1,1,512,1,503,508,0,0
9.562,10,1,1,1,1,512,2,505,506,0,0
9.563,11,1,1,1,1,512,1,492,510,0,0
9.564,12,1,1,1,1,512,0,494,508,0,0
9.565,13,1,1,1,1,512,1,487,508,0,0
9.566,14,1,1,1,1,512,1,494,508,0,0
9.567,15,1,1,1,1,513,1,496,511,0,0
9.568,0,1,1,1,1,511,1,498,507,0,0
9.569,1,1,1,1,1,511,1,512,509,0,0
9.57,2,1,1,1,1,511,2,509,508,0,0
9.571,3,1,1,1,1,510,1,510,508,0,0
9.572,4,1,1,1,1,512,0,510,508,0,0
9.573,5,1,1,1,1,511,1,507,508,0,0
9.574,6,1,1,1,1,509,1,506,509,0,0
9.575,7,1,1,1,1,512,1,512,508,0,0
9.576,8,1,1,1,1,511,1,515,507,0,0
9.577,9,1,1,1,1,510,1,516,507,0,0
9.578,10,1,1,1,1,511,2,519,507,0,0
9.579,11,1,1,1,1,512,1,514,508,0,0
9.58,12,1,1,1,1,511,1,512,510,0,0
9.581,13,1,1,1,1,513,1,513,509,0,0
9.582,14,1,1,1,1,513,1,507,510,0,0
9.583,15,1,1,1,1,512,1,505,510,0,0
9.584,0,1,1,1,1,513,1,501,509,0,0
9.585,1,1,1,1,1,514,1,505,510,0,0
9.586,2,1,1,1,1,511,2,502,508,0,0
9.587,3,1,1,1,1,511,1,505,510,0,0
9.588,4,1,1,1,1,512,1,507,507,0,0
9.589,5,1,1,1,1,511,1,504,509,0,0
9.59,6,1,1,1,1,508,1,502,508,0,0
9.591,7,1,1,1,1,511,1,506,505,0,0
9.592,8,1,1,1,1,513,1,505,509,0,0
9.593,9,1,1,1,1,512,1,507,508,0,0
9.594,10,1,1,1,1,511,2,507,508,0,0
9.595,11,1,1,1,1,510,1,507,510,0,0
9.596,12,1,1,1,1,510,1,505,506,0,0
9.597,13,1,1,1,1,511,1,504,510,0,0
9.598,14,1,1,1,1,511,1,510,508,0,0
9.599,15,1,1,1,1,511,0,518,508,0,0
9.6,0,1,1,1,1,510,1,521,508,0,0
9.601,1,1,1,1,1,511,1,519,508,0,0
9.602,2,1,1,1,1,511,2,523,509,0,0
9.603,3,1,1,1,1,510,1,524,508,0,0
9.604,4,1,1,1,1,513,1,523,508,0,0
9.605,5,1,1,1,1,512,1,524,508,0,0
9.606,6,1,1,1,1,513,1,529,508,0,0
9.607,7,1,1,1,1,512,0,531,509,0,0
9.608,8,1,1,1,1,512,1,519,510,0,0
9.609,9,1,1,1,1,510,1,515,508,0,0
9.61,10,1,1,1,1,511,2,517,509,0,0
9.611,11,1,1,1,1,511,1,519,508,0,0
9.612,12,1,1,1,1,511,1,520,508,0,0
9.613,13,1,1,1,1,511,1,514,508,0,0
9.614,14,1,1,1,1,511,1,508,508,0,0
9.615,15,1,1,1,1,511,0,509,509,0,0
9.616,0,1,1,1,1,511,1,510,508,0,0
9.617,1,1,1,1,1,512,1,512,510,0,0
9.618,2,1,1,1,1,511,2,518,506,0,0
9.619,3,1,1,1,1,511,1,513,508,0,0
9.62,4,1,1,1,1,511,1,511,508,0,0
9.621,5,1,1,1,1,511,1,512,508,0,0
9.622,6,1,1,1,1,512,1,511,510,0,0
9.623,7,1,1,1,1,512,1,501,509,0,0
9.624,8,1,1,1,1,513,1,507,508,0,0
9.625,9,1,1,1,1,511,1,503,509,0,0
9.626,10,1,1,1,1,513,2,498,508,0,0
9.627,11,1,1,1,1,511,1,494,509,0,0
9.628,12,1,1,1,1,511,1,492,509,0,0
9.629,13,1,1,1,1,511,1,492,509,0,0
9.63,14,1,1,1,1,512,1,492,509,0,0
9.631,15,1,1,1,1,511,1,505,508,0,0
9.632,0,1,1,1,1,513,1,511,510,0,0
9.633,1,1,1,1,1,513,1,510,508,0,0
9.634,2,1,1,1,1,513,2,511,508,0,0
9.635,3,1,1,1,1,512,1,516,507,0,0
9.636,4,1,1,1,1,511,1,519,508,0,0
9.637,5,1,1,1,1,510,1,515,508,0,0
9.638,6,1,1,1,1,509,1,511,509,0,0
9.639,7,1,1,1,1,512,1,507,509,0,0
9.64,8,1,1,1,1,512,1,502,508,0,0
9.641,9,1,1,1,1,511,1,508,508,0,0
9.642,10,1,1,1,1,512,1,502,508,0,0
9.643,11,1,1,1,1,512,1,505,508,0,0
9.644,12,1,1,1,1,510,1,508,506,0,0
9.645,13,1,1,1,1,511,1,505,506,0,0
9.646,14,1,1,1,1,510,1,508,510,0,0
9.647,15,1,1,1,1,511,1,505,508,0,0
9.648,0,1,1,1,1,512,1,491,508,0,0
9.649,1,1,1,1,1,510,1,492,509,0,0
9.65,2,1,1,1,1,513,1,496,508,0,0
9.651,3,1,1,1,1,511,1,504,508,0,0
9.652,4,1,1,1,1,511,1,504,508,0,0
9.653,5,1,1,1,1,512,1,509,510,0,0
9.654,6,1,1,1,1,512,1,507,508,0,0
9.655,7,1,1,1,1,513,1,503,509,0,0
9.656,8,1,1,1,1,511,1,517,508,0,0
9.657,9,1,1,1,1,512,1,518,508,0,0
9.658,10,1,1,1,1,511,1,516,511,0,0
9.659,11,1,1,1,1,513,1,516,509,0,0
9.66,12,1,1,1,1,511,1,512,508,0,0
9.661,13,1,1,1,1,511,1,514,507,0,0
9.662,14,1,1,1,1,512,1,512,510,0,0
9.663,15,1,1,1,1,511,1,508,507,0,0
9.664,0,1,1,1,1,511,1,514,507,0,0
9.665,1,1,1,1,1,510,1,517,507,0,0
9.666,2,1,1,1,1,511,2,505,508,0,0
9.667,3,1,1,1,1,510,1,503,509,0,0
9.668,4,1,1,1,1,511,1,508,507,0,0
9.669,5,1,1,1,1,512,1,509,509,0,0
9.67,6,1,1,1,1,512,1,508,510,0,0
9.671,7,1,1,1,1,512,1,507,509,0,0
9.672,8,1,1,1,1,513,1,517,508,0,0
9.673,9,1,1,1,1,512,1,523,507,0,0
9.674,10,1,1,1,1,512,2,519,507,0,0
9.675,11,1,1,1,1,511,1,517,509,0,0
9.676,12,1,1,1,1,513,1,519,510,0,0
9.677,13,1,1,1,1,511,1,516,508,0,0
9.678,14,1,1,1,1,512,1,513,508,0,0
9.679,15,1,1,1,1,512,1,513,507,0,0
9.68,0,1,1,1,1,511,1,509,509,0,0
9.681,1,1,1,1,1,512,1,509,509,0,0
9.682,2,1,1,1,1,511,2,509,511,0,0
9.683,3,1,1,1,1,511,1,515,509,0,0
9.684,4,1,1,1,1,509,1,515,510,0,0
9.685,5,1,1,1,1,511,1,512,505,0,0
9.686,6,1,1,1,1,511,1,512,507,0,0
9.687,7,1,1,1,1,513,0,508,507,0,0
9.688,8,1,1,1,1,509,1,510,509,0,0
9.689,9,1,1,1,1,511,1,517,508,0,0
9.69,10,1,1,1,1,512,2,514,509,0,0
9.691,11,1,1,1,1,511,1,517,508,0,0
9.692,12,1,1,1,1,512,1,516,509,0,0
9.693,13,1,1,1,1,511,1,515,508,0,0
9.694,14,1,1,1,1,510,1,508,510,0,0
9.695,15,1,1,1,1,511,0,505,510,0,0
9.696,0,1,1,1,1,512,1,505,509,0,0
9.697,1,1,1,1,1,512,1,502,509,0,0
9.698,2,1,1,1,1,512,2,506,508,0,0
9.699,3,1,1,1,1,512,1,516,508,0,0
9.7,4,1,1,1,1,514,1,519,508,0,0
9.701,5,1,1,1,1,512,1,519,509,0,0
9.702,6,1,1,1,1,510,1,519,508,0,0
9.703,7,1,1,1,1,512,0,509,508,0,0
9.704,8,1,1,1,1,512,1,507,506,0,0
9.705,9,1,1,1,1,512,1,507,509,0,0
9.706,10,1,1,1,1,511,2,510,508,0,0
9.707,11,1,1,1,1,511,1,515,507,0,0
9.708,12,1,1,1,1,511,1,521,508,0,0
9.709,13,1,1,1,1,512,1,517,509,0,0
9.71,14,1,1,1,1,512,1,516,510,0,0
9.711,15,1,1,1,1,511,1,520,510,0,0
9.712,0,1,1,1,1,511,1,524,509,0,0
9.713,1,1,1,1,1,511,1,524,507,0,0
9.714,2,1,1,1,1,511,2,529,508,0,0
9.715,3,1,1,1,1,511,1,526,509,0,0
9.716,4,1,1,1,1,513,1,527,508,0,0
9.717,5,1,1,1,1,511,1,519,509,0,0
9.718,6,1,1,1,1,512,1,514,509,0,0
9.719,7,1,1,1,1,511,1,511,509,0,0
9.72,8,1,1,1,1,510,1,510,508,0,0
9.721,9,1,1,1,1,512,1,505,508,0,0
9.722,10,1,1,1,1,511,2,505,509,0,0
9.723,11,1,1,1,1,512,1,507,508,0,0
9.724,12,1,1,1,1,514,1,502,509,0,0
9.725,13,1,1,1,1,512,1,499,511,0,0
9.726,14,1,1,1,1,509,1,494,506,0,0
9.727,15,1,1,1,1,511,1,492,509,0,0
9.728,0,1,1,1,1,512,1,498,507,0,0
9.729,1,1,1,1,1,510,1,510,510,0,0
9.73,2,1,1,1,1,511,2,510,508,0,0
9.731,3,1,1,1,1,512,1,519,509,0,0
9.732,4,1,1,1,1,512,0,513,508,0,0
9.733,5,1,1,1,1,512,1,508,507,0,0
9.734,6,1,1,1,1,513,1,510,507,0,0
9.735,7,1,1,1,1,511,1,504,510,0,0
9.736,8,1,1,1,1,512,1,506,510,0,0
9.737,9,1,1,1,1,512,1,509,511,0,0
9.738,10,1,1,1,1,511,2,513,506,0,0
9.739,11,1,1,1,1,510,1,507,507,0,0
9.74,12,1,1,1,1,511,0,505,510,0,0
9.741,13,1,1,1,1,512,1,504,509,0,0
9.742,14,1,1,1,1,511,1,497,509,0,0
9.743,15,1,1,1,1,512,1,495,508,0,0
9.744,0,1,1,1,1,513,1,500,510,0,0
9.745,1,1,1,1,1,512,1,495,508,0,0
9.746,2,1,1,1,1,512,2,489,508,0,0
9.747,3,1,1,1,1,510,1,492,510,0,0
9.748,4,1,1,1,1,512,0,489,508,0,0
9.749,5,1,1,1,1,513,1,496,508,0,0
9.75,6,1,1,1,1,512,1,495,508,0,0
9.751,7,1,1,1,1,512,1,501,508,0,0
9.752,8,1,1,1,1,512,1,504,507,0,0
9.753,9,1,1,1,1,512,1,507,509,0,0
9.754,10,1,1,1,1,511,1,507,510,0,0
9.755,11,1,1,1,1,511,1,511,508,0,0
9.756,12,1,1,1,1,510,1,516,507,0,0
9.757,13,1,1,1,1,509,1,518,508,0,0
9.758,14,1,1,1,1,511,1,519,509,0,0
9.759,15,1,1,1,1,512,1,518,508,0,0
9.76,0,1,1,1,1,512,1,514,508,0,0
9.761,1,1,1,1,1,512,1,508,507,0,0
9.762,2,1,1,1,1,512,1,508,508,0,0
9.763,3,1,1,1,1,511,1,514,512,0,0
9.764,4,1,1,1,1,511,1,519,508,0,0
9.765,5,1,1,1,1,512,1,508,509,0,0
9.766,6,1,1,1,1,513,1,512,509,0,0
9.767,7,1,1,1,1,511,1,517,510,0,0
9.768,8,1,1,1,1,513,1,517,510,0,0
9.769,9,1,1,1,1,512,1,515,507,0,0
9.77,10,1,1,1,1,510,1,517,507,0,0
9.771,11,1,1,1,1,510,1,516,508,0,0
9.772,12,1,1,1,1,509,0,520,505,0,0
9.773,13,1,1,1,1,511,1,519,510,0,0
9.774,14,1,1,1,1,510,1,511,510,0,0
9.775,15,1,1,1,1,511,1,505,510,0,0
9.776,0,1,1,1,1,511,1,512,507,0,0
9.777,1,1,1,1,1,512,1,516,509,0,0
9.778,2,1,1,1,1,511,2,520,508,0,0
9.779,3,1,1,1,1,511,1,523,508,0,0
9.78,4,1,1,1,1,509,0,523,508,0,0
9.781,5,1,1,1,1,512,1,529,509,0,0
9.782,6,1,1,1,1,510,1,530,508,0,0
9.783,7,1,1,1,1,510,1,523,510,0,0
9.784,8,1,1,1,1,512,1,511,509,0,0
9.785,9,1,1,1,1,513,1,504,510,0,0
9.786,10,1,1,1,1,511,2,509,508,0,0
9.787,11,1,1,1,1,511,1,508,507,0,0
9.788,12,1,1,1,1,509,0,503,506,0,0
9.789,13,1,1,1,1,511,1,498,508,0,0
9.79,14,1,1,1,1,511,1,496,509,0,0
9.791,15,1,1,1,1,513,1,497,509,0,0
9.792,0,1,1,1,1,514,1,504,509,0,0
9.793,1,1,1,1,1,512,1,510,509,0,0
9.794,2,1,1,1,1,513,2,517,507,0,0
9.795,3,1,1,1,1,510,1,517,506,0,0
9.796,4,1,1,1,1,510,1,510,507,0,0
9.797,5,1,1,1,1,512,1,509,508,0,0
9.798,6,1,1,1,1,511,1,511,509,0,0
9.799,7,1,1,1,1,512,1,515,510,0,0
9.8,8,1,1,1,1,511,1,522,510,0,0
9.801,9,1,1,1,1,511,1,518,506,0,0
9.802,10,1,1,1,1,512,2,525,507,0,0
9.803,11,1,1,1,1,510,1,528,509,0,0
9.804,12,1,1,1,1,511,1,526,509,0,0
9.805,13,1,1,1,1,511,1,512,508,0,0
9.806,14,1,1,1,1,513,1,511,508,0,0
9.807,15,1,1,1,1,512,1,508,510,0,0
9.808,0,1,1,1,1,511,1,502,508,0,0
9.809,1,1,1,1,1,511,1,500,509,0,0
9.81,2,1,1,1,1,510,2,501,508,0,0
9.811,3,1,1,1,1,511,1,496,510,0,0
9.812,4,1,1,1,1,512,1,497,509,0,0
9.813,5,1,1,1,1,512,1,497,508,0,0
9.814,6,1,1,1,1,512,1,496,507,0,0
9.815,7,1,1,1,1,512,0,503,508,0,0
9.816,8,1,1,1,1,510,1,510,510,0,0
9.817,9,1,1,1,1,511,1,515,508,0,0
9.818,10,1,1,1,1,512,2,510,508,0,0
9.819,11,1,1,1,1,510,1,509,508,0,0
9.82,12,1,1,1,1,512,1,510,506,0,0
9.821,13,1,1,1,1,512,1,511,508,0,0
9.822,14,1,1,1,1,511,1,512,509,0,0
9.823,15,1,1,1,1,513,0,516,508,0,0
9.824,0,1,1,1,1,512,1,513,508,0,0
9.825,1,1,1,1,1,511,1,505,506,0,0
9.826,2,1,1,1,1,512,2,502,510,0,0
9.827,3,1,1,1,1,510,1,502,510,0,0
9.828,4,1,1,1,1,513,1,503,509,0,0
9.829,5,1,1,1,1,511,1,499,508,0,0
9.83,6,1,1,1,1,510,1,496,509,0,0
9.831,7,1,1,1,1,511,0,506,509,0,0
9.832,8,1,1,1,1,513,1,508,509,0,0
9.833,9,1,1,1,1,512,1,508,508,0,0
9.834,10,1,1,1,1,511,2,511,507,0,0
9.835,11,1,1,1,1,512,1,518,511,0,0
9.836,12,1,1,1,1,511,1,520,508,0,0
9.837,13,1,1,1,1,511,1,518,508,0,0
9.838,14,1,1,1,1,509,1,512,509,0,0
9.839,15,1,1,1,1,511,1,514,508,0,0
9.84,0,1,1,1,1,510,1,509,509,0,0
9.841,1,1,1,1,1,513,1,514,508,0,0
9.842,2,1,1,1,1,512,2,511,509,0,0
9.843,3,1,1,1,1,511,1,515,510,0,0
9.844,4,1,1,1,1,514,1,512,506,0,0
9.845,5,1,1,1,1,511,1,520,507,0,0
9.846,6,1,1,1,1,512,1,518,506,0,0
9.847,7,1,1,1,1,512,1,512,508,0,0
9.848,8,1,1,1,1,512,1,513,511,0,0
9.849,9,1,1,1,1,511,1,515,508,0,0
9.85,10,1,1,1,1,512,2,519,509,0,0
9.851,11,1,1,1,1,512,1,516,506,0,0
9.852,12,1,1,1,1,510,1,517,507,0,0
9.853,13,1,1,1,1,511,1,512,510,0,0
9.854,14,1,1,1,1,511,1,508,510,0,0
9.855,15,1,1,1,1,512,1,513,508,0,0
9.856,0,1,1,1,1,512,1,511,509,0,0
9.857,1,1,1,1,1,510,1,504,509,0,0
9.858,2,1,1,1,1,512,1,515,508,0,0
9.859,3,1,1,1,1,511,1,516,509,0,0
9.86,4,1,1,1,1,511,1,502,507,0,0
9.861,5,1,1,1,1,511,1,505,508,0,0
9.862,6,1,1,1,1,511,1,508,507,0,0
9.863,7,1,1,1,1,512,1,507,509,0,0
9.864,8,1,1,1,1,511,1,506,507,0,0
9.865,9,1,1,1,1,510,1,506,509,0,0
9.866,10,1,1,1,1,512,1,507,508,0,0
9.867,11,1,1,1,1,511,1,513,509,0,0
9.868,12,1,1,1,1,511,1,507,509,0,0
9.869,13,1,1,1,1,513,1,500,508,0,0
9.87,14,1,1,1,1,511,1,505,507,0,0
9.871,15,1,1,1,1,511,1,509,508,0,0
9.872,0,1,1,1,1,515,1,509,508,0,0
9.873,1,1,1,1,1,513,1,511,507,0,0
9.874,2,1,1,1,1,512,1,518,508,0,0
9.875,3,1,1,1,1,510,1,522,508,0,0
9.876,4,1,1,1,1,510,1,513,510,0,0
9.877,5,1,1,1,1,510,1,507,508,0,0
9.878,6,1,1,1,1,512,1,508,507,0,0
9.879,7,1,1,1,1,511,1,520,510,0,0
9.88,8,1,1,1,1,513,1,517,511,0,0
9.881,9,1,1,1,1,511,1,508,507,0,0
9.882,10,1,1,1,1,514,2,504,510,0,0
9.883,11,1,1,1,1,512,1,505,510,0,0
9.884,12,1,1,1,1,513,1,512,508,0,0
9.885,13,1,1,1,1,510,1,516,506,0,0
9.886,14,1,1,1,1,511,1,515,507,0,0
9.887,15,1,1,1,1,512,1,515,508,0,0
9.888,0,1,1,1,1,510,1,508,507,0,0
9.889,1,1,1,1,1,511,1,508,508,0,0
9.89,2,1,1,1,1,511,2,512,508,0,0
9.891,3,1,1,1,1,512,1,506,510,0,0
9.892,4,1,1,1,1,512,1,508,510,0,0
9.893,5,1,1,1,1,514,1,499,509,0,0
9.894,6,1,1,1,1,513,1,499,508,0,0
9.895,7,1,1,1,1,512,1,494,510,0,0
9.896,8,1,1,1,1,511,1,495,510,0,0
9.897,9,1,1,1,1,511,1,504,510,0,0
9.898,10,1,1,1,1,510,2,509,507,0,0
9.899,11,1,1,1,1,511,1,511,506,0,0
9.9,12,1,1,1,1,509,1,508,507,0,0
9.901,13,1,1,1,1,511,1,511,509,0,0
9.902,14,1,1,1,1,511,1,518,508,0,0
9.903,15,1,1,1,1,511,0,520,511,0,0
9.904,0,1,1,1,1,510,1,512,508,0,0
9.905,1,1,1,1,1,514,1,510,508,0,0
9.906,2,1,1,1,1,512,2,501,507,0,0
9.907,3,1,1,1,1,511,1,498,508,0,0
9.908,4,1,1,1,1,512,1,510,507,0,0
9.909,5,1,1,1,1,511,1,504,507,0,0
9.91,6,1,1,1,1,510,1,513,508,0,0
9.911,7,1,1,1,1,509,0,515,508,0,0
9.912,8,1,1,1,1,512,1,514,507,0,0
9.913,9,1,1,1,1,511,1,519,508,0,0
9.914,10,1,1,1,1,510,2,515,509,0,0
9.915,11,1,1,1,1,511,1,518,509,0,0
9.916,12,1,1,1,1,512,1,516,510,0,0
9.917,13,1,1,1,1,510,1,516,508,0,0
9.918,14,1,1,1,1,512,1,516,508,0,0
9.919,15,1,1,1,1,513,0,515,507,0,0
9.92,0,1,1,1,1,513,1,521,506,0,0
9.921,1,1,1,1,1,512,1,524,509,0,0
9.922,2,1,1,1,1,511,2,519,510,0,0
9.923,3,1,1,1,1,511,1,510,509,0,0
9.924,4,1,1,1,1,510,1,502,506,0,0
9.925,5,1,1,1,1,511,1,500,506,0,0
9.926,6,1,1,1,1,512,1,497,508,0,0
9.927,7,1,1,1,1,511,1,501,508,0,0
9.928,8,1,1,1,1,511,1,499,509,0,0
9.929,9,1,1,1,1,511,1,500,509,0,0
9.93,10,1,1,1,1,512,2,502,510,0,0
9.931,11,1,1,1,1,512,1,503,510,0,0
9.932,12,1,1,1,1,512,1,501,508,0,0
9.933,13,1,1,1,1,511,1,499,508,0,0
9.934,14,1,1,1,1,510,1,504,510,0,0
9.935,15,1,1,1,1,512,1,506,508,0,0
9.936,0,1,1,1,1,511,1,512,507,0,0
9.937,1,1,1,1,1,513,1,518,509,0,0
9.938,2,1,1,1,1,512,2,521,508,0,0
9.939,3,1,1,1,1,513,1,519,509,0,0
9.94,4,1,1,1,1,510,1,513,508,0,0
9.941,5,1,1,1,1,513,1,512,510,0,0
9.942,6,1,1,1,1,511,1,513,509,0,0
9.943,7,1,1,1,1,513,1,508,508,0,0
9.944,8,1,1,1,1,512,1,511,506,0,0
9.945,9,1,1,1,1,512,1,507,509,0,0
9.946,10,1,1,1,1,513,2,504,508,0,0
9.947,11,1,1,1,1,511,1,504,511,0,0
9.948,12,1,1,1,1,510,0,502,509,0,0
9.949,13,1,1,1,1,513,1,502,508,0,0
9.95,14,1,1,1,1,512,1,506,508,0,0
9.951,15,1,1,1,1,511,1,506,508,0,0
9.952,0,1,1,1,1,511,1,505,508,0,0
9.953,1,1,1,1,1,511,1,508,506,0,0
9.954,2,1,1,1,1,511,2,520,509,0,0
9.955,3,1,1,1,1,511,1,515,509,0,0
9.956,4,1,1,1,1,511,0,514,508,0,0
9.957,5,1,1,1,1,512,1,505,511,0,0
9.958,6,1,1,1,1,512,1,507,508,0,0
9.959,7,1,1,1,1,511,1,510,507,0,0
9.96,8,1,1,1,1,513,1,510,509,0,0
9.961,9,1,1,1,1,513,1,510,508,0,0
9.962,10,1,1,1,1,509,2,511,509,0,0
9.963,11,1,1,1,1,511,1,509,507,0,0
9.964,12,1,1,1,1,511,0,499,508,0,0
9.965,13,1,1,1,1,510,1,505,508,0,0
9.966,14,1,1,1,1,512,1,510,509,0,0
9.967,15,1,1,1,1,513,1,514,507,0,0
9.968,0,1,1,1,1,512,1,517,511,0,0
9.969,1,1,1,1,1,511,1,513,509,0,0
9.97,2,1,1,1,1,513,1,512,509,0,0
9.971,3,1,1,1,1,510,1,518,510,0,0
9.972,4,1,1,1,1,511,1,520,508,0,0
9.973,5,1,1,1,1,511,1,514,506,0,0
9.974,6,1,1,1,1,512,1,519,509,0,0
9.975,7,1,1,1,1,511,1,513,508,0,0
9.976,8,1,1,1,1,511,1,513,506,0,0
9.977,9,1,1,1,1,512,1,521,508,0,0
9.978,10,1,1,1,1,511,1,518,509,0,0
9.979,11,1,1,1,1,512,1,514,508,0,0
9.98,12,1,1,1,1,512,1,518,508,0,0
9.981,13,1,1,1,1,513,1,521,508,0,0
9.982,14,1,1,1,1,511,1,521,508,0,0
9.983,15,1,1,1,1,511,1,519,508,0,0
9.984,0,1,1,1,1,511,1,516,507,0,0
9.985,1,1,1,1,1,513,1,509,510,0,0
9.986,2,1,1,1,1,512,1,511,508,0,0
9.987,3,1,1,1,1,511,1,512,508,0,0
9.988,4,1,1,1,1,509,1,512,508,0,0
9.989,5,1,1,1,1,511,1,513,508,0,0
9.99,6,1,1,1,1,513,1,507,509,0,0
9.991,7,1,1,1,1,508,1,511,507,0,0
9.992,8,1,1,1,1,512,1,510,508,0,0
9.993,9,1,1,1,1,511,1,511,508,0,0
9.994,10,1,1,1,1,511,2,514,508,0,0
9.995,11,1,1,1,1,510,1,511,508,0,0
9.996,12,1,1,1,1,513,0,516,508,0,0
9.997,13,1,1,1,1,511,1,515,509,0,0
9.998,14,1,1,1,1,512,1,511,509,0,0
9.999,15,1,1,1,1,514,1,512,508,0,0
10.0,0,1,1,1,1,511,1,513,509,0,0
10.001,1,1,1,1,1,512,1,514,510,0,0
10.002,2,1,1,1,1,511,2,512,509,0,0
10.003,3,1,1,1,1,512,1,513,508,0,0
10.004,4,1,1,1,1,512,0,513,508,0,0
10.005,5,1,1,1,1,511,1,505,508,0,0
10.006,6,1,1,1,1,512,1,507,507,0,0
10.007,7,1,1,1,1,512,1,504,508,0,0
10.008,8,1,1,1,1,511,1,504,508,0,0
10.009,9,1,1,1,1,513,1,499,507,0,0
10.01,10,1,1,1,1,511,2,506,509,0,0
10.011,11,1,1,1,1,509,1,501,510,0,0
10.012,12,1,1,1,1,512,1,498,510,0,0
10.013,13,1,1,1,1,512,1,492,508,0,0
10.014,14,1,1,1,1,512,1,489,508,0,0
10.015,15,1,1,1,1,511,1,489,508,0,0
10.016,0,1,1,1,1,513,1,496,507,0,0
10.017,1,1,1,1,1,511,1,498,508,0,0
10.018,2,1,1,1,1,511,2,497,509,0,0
10.019,3,1,1,1,1,512,1,504,506,0,0
10.02,4,1,1,1,1,510,1,506,507,0,0
10.021,5,1,1,1,1,511,1,507,507,0,0
10.022,6,1,1,1,1,511,1,504,508,0,0
10.023,7,1,1,1,1,511,1,507,508,0,0
10.024,8,1,1,1,1,511,1,514,509,0,0
10.025,9,1,1,1,1,511,1,513,512,0,0
10.026,10,1,1,1,1,510,2,513,507,0,0
10.027,11,1,1,1,1,510,1,515,506,0,0
10.028,12,1,1,1,1,511,1,520,508,0,0
10.029,13,1,1,1,1,511,1,514,509,0,0
10.03,14,1,1,1,1,511,1,513,509,0,0
10.031,15,1,1,1,1,511,1,511,508,0,0
10.032,0,1,1,1,1,512,1,519,511,0,0
10.033,1,1,1,1,1,512,1,517,508,0,0
10.034,2,1,1,1,1,511,2,512,510,0,0
10.035,3,1,1,1,1,511,1,508,510,0,0
10.036,4,1,1,1,1,510,1,512,507,0,0
10.037,5,1,1,1,1,512,1,505,506,0,0
10.038,6,1,1,1,1,511,1,513,508,0,0
10.039,7,1,1,1,1,511,0,518,508,0,0
10.04,8,1,1,1,1,512,1,513,507,0,0
10.041,9,1,1,1,1,511,1,508,507,0,0
10.042,10,1,1,1,1,511,2,508,508,0,0
10.043,11,1,1,1,1,511,1,510,511,0,0
10.044,12,1,1,1,1,511,1,511,506,0,0
10.045,13,1,1,1,1,512,1,510,508,0,0
10.046,14,1,1,1,1,511,1,503,510,0,0
10.047,15,1,1,1,1,512,0,496,510,0,0
10.048,0,1,1,1,1,511,1,498,507,0,0
10.049,1,1,1,1,1,511,1,504,509,0,0
10.05,2,1,1,1,1,511,2,504,507,0,0
10.051,3,1,1,1,1,512,1,507,508,0,0
10.052,4,1,1,1,1,511,1,507,507,0,0
10.053,5,1,1,1,1,509,1,515,509,0,0
10.054,6,1,1,1,1,510,1,517,508,0,0
10.055,7,1,1,1,1,510,1,518,508,0,0
10.056,8,1,1,1,1,511,1,515,510,0,0
10.057,9,1,1,1,1,511,1,509,509,0,0
10.058,10,1,1,1,1,513,2,505,508,0,0
10.059,11,1,1,1,1,512,1,502,509,0,0
10.06,12,1,1,1,1,512,1,508,508,0,0
10.061,13,1,1,1,1,511,1,509,509,0,0
10.062,14,1,1,1,1,512,1,509,510,0,0
10.063,15,1,1,1,1,511,1,512,509,0,0
10.064,0,1,1,1,1,512,1,507,508,0,0
10.065,1,1,1,1,1,511,1,509,509,0,0
10.066,2,1,1,1,1,512,2,518,508,0,0
10.067,3,1,1,1,1,510,1,515,508,0,0
10.068,4,1,1,1,1,511,1,516,507,0,0
10.069,5,1,1,1,1,512,1,516,508,0,0
10.07,6,1,1,1,1,511,1,514,511,0,0
10.071,7,1,1,1,1,512,1,517,509,0,0
10.072,8,1,1,1,1,513,1,521,507,0,0
10.073,9,1,1,1,1,512,1,519,508,0,0
10.074,10,1,1,1,1,510,2,517,509,0,0
10.075,11,1,1,1,1,513,1,519,508,0,0
10.076,12,1,1,1,1,511,1,516,509,0,0
10.077,13,1,1,1,1,511,1,512,508,0,0
10.078,14,1,1,1,1,512,1,514,506,0,0
10.079,15,1,1,1,1,511,1,513,509,0,0
10.08,0,1,1,1,1,512,1,512,507,0,0
10.081,1,1,1,1,1,512,1,515,507,0,0
10.082,2,1,1,1,1,511,1,516,507,0,0
10.083,3,1,1,1,1,512,1,519,507,0,0
10.084,4,1,1,1,1,511,1,516,506,0,0
10.085,5,1,1,1,1,511,1,517,509,0,0
10.086,6,1,1,1,1,510,1,518,508,0,0
10.087,7,1,1,1,1,511,1,518,508,0,0
10.088,8,1,1,1,1,513,1,512,511,0,0
10.089,9,1,1,1,1,512,1,515,510,0,0
10.09,10,1,1,1,1,510,1,510,508,0,0
10.091,11,1,1,1,1,512,1,506,508,0,0
10.092,12,1,1,1,1,512,1,508,510,0,0
10.093,13,1,1,1,1,511,1,502,512,0,0
10.094,14,1,1,1,1,511,1,507,507,0,0
10.095,15,1,1,1,1,512,1,514,509,0,0
10.096,0,1,1,1,1,511,1,511,508,0,0
10.097,1,1,1,1,1,511,1,505,510,0,0
10.098,2,1,1,1,1,512,1,508,509,0,0
10.099,3,1,1,1,1,510,1,511,508,0,0
10.1,4,1,1,1,1,510,1,514,508,0,0
10.101,5,1,1,1,1,511,1,515,509,0,0
10.102,6,1,1,1,1,511,1,516,509,0,0
10.103,7,1,1,1,1,511,1,520,507,0,0
10.104,8,1,1,1,1,512,1,513,509,0,0
10.105,9,1,1,1,1,513,1,514,506,0,0
10.106,10,1,1,1,1,513,2,513,507,0,0
10.107,11,1,1,1,1,512,1,513,508,0,0
10.108,12,1,1,1,1,510,1,510,509,0,0
10.109,13,1,1,1,1,512,1,511,511,0,0
10.11,14,1,1,1,1,513,1,506,508,0,0
10.111,15,1,1,1,1,512,1,510,507,0,0
10.112,0,1,1,1,1,513,1,506,508,0,0
10.113,1,1,1,1,1,511,1,506,510,0,0
10.114,2,1,1,1,1,511,2,502,507,0,0
10.115,3,1,1,1,1,513,1,506,508,0,0
10.116,4,1,1,1,1,510,1,504,508,0,0
10.117,5,1,1,1,1,511,1,504,509,0,0
10.118,6,1,1,1,1,509,1,510,510,0,0
10.119,7,1,1,1,1,512,1,508,509,0,0
10.12,8,1,1,1,1,511,1,504,507,0,0
10.121,9,1,1,1,1,512,1,503,509,0,0
10.122,10,1,1,1,1,510,2,508,508,0,0
10.123,11,1,1,1,1,512,1,509,508,0,0
10.124,12,1,1,1,1,511,1,516,509,0,0
10.125,13,1,1,1,1,511,1,518,510,0,0
10.126,14,1,1,1,1,512,1,511,508,0,0
10.127,15,1,1,1,1,511,0,512,510,0,0
10.128,0,1,1,1,1,514,1,501,509,0,0
10.129,1,1,1,1,1,513,1,501,508,0,0
10.13,2,1,1,1,1,511,2,499,504,0,0
10.131,3,1,1,1,1,511,1,497,508,0,0
10.132,4,1,1,1,1,513,1,496,509,0,0
10.133,5,1,1,1,1,513,1,502,509,0,0
10.134,6,1,1,1,1,512,1,504,510,0,0
10.135,7,1,1,1,1,511,0,513,508,0,0
10.136,8,1,1,1,1,512,1,513,508,0,0
10.137,9,1,1,1,1,512,1,512,508,0,0
10.138,10,1,1,1,1,513,2,508,509,0,0
10.139,11,1,1,1,1,510,1,506,509,0,0
10.14,12,1,1,1,1,510,1,514,506,0,0
10.141,13,1,1,1,1,511,1,521,508,0,0
10.142,14,1,1,1,1,510,1,527,508,0,0
10.143,15,1,1,1,1,511,1,524,509,0,0
10.144,0,1,1,1,1,510,1,516,508,0,0
10.145,1,1,1,1,1,511,1,506,507,0,0
10.146,2,1,1,1,1,512,2,508,508,0,0
10.147,3,1,1,1,1,513,1,515,509,0,0
10.148,4,1,1,1,1,512,1,519,507,0,0
10.149,5,1,1,1,1,512,1,516,509,0,0
10.15,6,1,1,1,1,511,1,510,509,0,0
10.151,7,1,1,1,1,511,1,503,508,0,0
10.152,8,1,1,1,1,511,1,505,507,0,0
10.153,9,1,1,1,1,511,1,504,509,0,0
10.154,10,1,1,1,1,513,2,502,509,0,0
10.155,11,1,1,1,1,512,1,505,509,0,0
10.156,12,1,1,1,1,513,1,508,508,0,0
10.157,13,1,1,1,1,510,1,512,509,0,0
10.158,14,1,1,1,1,512,1,514,510,0,0
10.159,15,1,1,1,1,511,1,509,509,0,0
10.16,0,1,1,1,1,510,1,517,508,0,0
10.161,1,1,1,1,1,511,1,512,508,0,0
10.162,2,1,1,1,1,509,2,506,508,0,0
10.163,3,1,1,1,1,511,1,513,508,0,0
10.164,4,1,1,1,1,511,0,512,508,0,0
10.165,5,1,1,1,1,511,1,514,507,0,0
10.166,6,1,1,1,1,511,1,513,508,0,0
10.167,7,1,1,1,1,514,1,507,509,0,0
10.168,8,1,1,1,1,513,1,502,510,0,0
10.169,9,1,1,1,1,513,1,508,508,0,0
10.17,10,1,1,1,1,511,2,510,508,0,0
10.171,11,1,1,1,1,510,1,508,508,0,0
10.172,12,1,1,1,1,512,0,512,510,0,0
10.173,13,1,1,1,1,510,1,506,507,0,0
10.174,14,1,1,1,1,511,1,502,507,0,0
10.175,15,1,1,1,1,512,1,504,508,0,0
10.176,0,1,1,1,1,513,1,508,508,0,0
10.177,1,1,1,1,1,512,1,511,509,0,0
10.178,2,1,1,1,1,510,2,500,507,0,0
10.179,3,1,1,1,1,512,1,501,510,0,0
10.18,4,1,1,1,1,512,0,501,508,0,0
10.181,5,1,1,1,1,511,1,511,506,0,0
10.182,6,1,1,1,1,512,1,520,509,0,0
10.183,7,1,1,1,1,512,1,520,510,0,0
10.184,8,1,1,1,1,511,1,525,508,0,0
10.185,9,1,1,1,1,512,1,523,508,0,0
10.186,10,1,1,1,1,511,1,519,508,0,0
10.187,11,1,1,1,1,510,1,517,509,0,0
10.188,12,1,1,1,1,511,1,519,506,0,0
10.189,13,1,1,1,1,511,1,523,507,0,0
10.19,14,1,1,1,1,512,1,525,508,0,0
10.191,15,1,1,1,1,514,1,520,509,0,0
10.192,0,1,1,1,1,512,1,516,512,0,0
10.193,1,1,1,1,1,513,1,505,511,0,0
10.194,2,1,1,1,1,511,1,496,508,0,0
10.195,3,1,1,1,1,511,1,496,509,0,0
10.196,4,1,1,1,1,511,1,491,507,0,0
10.197,5,1,1,1,1,512,1,499,508,0,0
10.198,6,1,1,1,1,513,1,500,508,0,0
10.199,7,1,1,1,1,511,1,504,510,0,0
10.2,8,1,1,1,1,513,1,497,507,0,0
10.201,9,1,1,1,1,511,1,502,509,0,0
10.202,10,1,1,1,1,510,1,509,507,0,0
10.203,11,1,1,1,1,509,1,516,508,0,0
10.204,12,1,1,1,1,512,1,515,510,0,0
10.205,13,1,1,1,1,511,1,515,508,0,0
10.206,14,1,1,1,1,511,1,514,510,0,0
10.207,15,1,1,1,1,510,1,513,508,0,0
10.208,0,1,1,1,1,512,1,510,508,0,0
10.209,1,1,1,1,1,511,1,500,509,0,0
10.21,2,1,1,1,1,509,2,506,508,0,0
10.211,3,1,1,1,1,512,1,510,511,0,0
10.212,4,1,1,1,1,511,0,510,508,0,0
10.213,5,1,1,1,1,510,1,515,508,0,0
10.214,6,1,1,1,1,512,1,514,508,0,0
10.215,7,1,1,1,1,512,1,510,506,0,0
10.216,8,1,1,1,1,513,1,516,509,0,0
10.217,9,1,1,1,1,513,1,512,509,0,0
10.218,10,1,1,1,1,511,2,506,508,0,0
10.219,11,1,1,1,1,510,1,514,505,0,0
10.22,12,1,1,1,1,511,0,512,507,0,0
10.221,13,1,1,1,1,512,1,521,508,0,0
10.222,14,1,1,1,1,511,1,516,507,0,0
10.223,15,1,1,1,1,512,1,514,509,0,0
10.224,0,1,1,1,1,511,1,508,509,0,0
10.225,1,1,1,1,1,512,1,509,508,0,0
10.226,2,1,1,1,1,511,2,513,510,0,0
10.227,3,1,1,1,1,510,1,519,508,0,0
10.228,4,1,1,1,1,510,0,515,509,0,0
10.229,5,1,1,1,1,511,1,506,509,0,0
10.23,6,1,1,1,1,512,1,505,508,0,0
10.231,7,1,1,1,1,512,1,505,510,0,0
10.232,8,1,1,1,1,512,1,508,511,0,0
10.233,9,1,1,1,1,512,1,513,508,0,0
10.234,10,1,1,1,1,513,2,510,508,0,0
10.235,11,1,1,1,1,509,1,511,508,0,0
10.236,12,1,1,1,1,512,1,515,510,0,0
10.237,13,1,1,1,1,511,1,515,507,0,0
10.238,14,1,1,1,1,513,1,517,510,0,0
10.239,15,1,1,1,1,512,1,519,509,0,0
10.24,0,1,1,1,1,512,1,516,508,0,0
10.241,1,1,1,1,1,510,1,510,508,0,0
10.242,2,1,1,1,1,511,2,511,508,0,0
10.243,3,1,1,1,1,511,1,514,509,0,0
10.244,4,1,1,1,1,512,1,518,507,0,0
10.245,5,1,1,1,1,512,1,512,510,0,0
10.246,6,1,1,1,1,510,1,515,507,0,0
10.247,7,1,1,1,1,511,1,507,509,0,0
10.248,8,1,1,1,1,511,1,510,507,0,0
10.249,9,1,1,1,1,512,1,514,507,0,0
10.25,10,1,1,1,1,510,2,507,507,0,0
10.251,11,1,1,1,1,512,1,515,508,0,0
10.252,12,1,1,1,1,512,1,512,509,0,0
10.253,13,1,1,1,1,512,1,509,510,0,0
10.254,14,1,1,1,1,512,1,509,509,0,0
10.255,15,1,1,1,1,514,0,510,508,0,0
10.256,0,1,1,1,1,511,1,505,509,0,0
10.257,1,1,1,1,1,512,1,508,508,0,0
10.258,2,1,1,1,1,512,2,511,508,0,0
10.259,3,1,1,1,1,512,1,510,509,0,0
10.26,4,1,1,1,1,510,1,507,508,0,0
10.261,5,1,1,1,1,512,1,500,507,0,0
10.262,6,1,1,1,1,511,1,505,508,0,0
10.263,7,1,1,1,1,511,0,508,508,0,0
10.264,8,1,1,1,1,511,1,499,508,0,0
10.265,9,1,1,1,1,512,1,506,509,0,0
10.266,10,1,1,1,1,515,2,514,510,0,0
10.267,11,1,1,1,1,511,1,520,509,0,0
10.268,12,1,1,1,1,511,1,513,508,0,0
10.269,13,1,1,1,1,511,1,515,505,0,0
10.27,14,1,1,1,1,510,1,512,509,0,0
10.271,15,1,1,1,1,512,0,515,509,0,0
10.272,0,1,1,1,1,512,1,516,511,0,0
10.273,1,1,1,1,1,510,1,514,507,0,0
10.274,2,1,1,1,1,512,2,508,509,0,0
10.275,3,1,1,1,1,510,1,507,508,0,0
10.276,4,1,1,1,1,511,1,507,508,0,0
10.277,5,1,1,1,1,511,1,505,509,0,0
10.278,6,1,1,1,1,513,1,502,507,0,0
10.279,7,1,1,1,1,511,1,508,509,0,0
10.28,8,1,1,1,1,512,1,514,508,0,0
10.281,9,1,1,1,1,510,1,512,509,0,0
10.282,10,1,1,1,1,512,2,512,507,0,0
10.283,11,1,1,1,1,513,1,517,507,0,0
10.284,12,1,1,1,1,512,1,517,507,0,0
10.285,13,1,1,1,1,507,1,519,509,0,0
10.286,14,1,1,1,1,512,1,518,508,0,0
10.287,15,1,1,1,1,512,1,515,508,0,0
10.288,0,1,1,1,1,513,1,513,508,0,0
10.289,1,1,1,1,1,510,1,515,508,0,0
10.29,2,1,1,1,1,511,2,518,508,0,0
10.291,3,1,1,1,1,512,1,515,508,0,0
10.292,4,1,1,1,1,512,1,516,510,0,0
10.293,5,1,1,1,1,511,1,510,508,0,0
10.294,6,1,1,1,1,510,1,492,507,0,0
10.295,7,1,1,1,1,511,1,494,508,0,0
10.296,8,1,1,1,1,511,1,499,508,0,0
10.297,9,1,1,1,1,512,1,503,508,0,0
10.298,10,1,1,1,1,512,1,511,508,0,0
10.299,11,1,1,1,1,513,1,513,507,0,0
10.3,12,1,1,1,1,513,1,516,508,0,0
10.301,13,1,1,1,1,513,1,520,505,0,0
10.302,14,1,1,1,1,513,1,515,505,0,0
10.303,15,1,1,1,1,515,1,515,507,0,0
10.304,0,1,1,1,1,515,1,509,509,0,0
10.305,1,1,1,1,1,515,1,505,511,0,0
10.306,2,1,1,1,1,511,1,498,511,0,0
10.307,3,1,1,1,1,511,1,495,512,0,0
10.308,4,1,1,1,1,510,1,494,515,0,0
10.309,5,1,1,1,1,505,1,490,512,0,0
10.31,6,1,1,1,1,505,1,492,510,0,0
10.311,7,1,1,1,1,504,1,504,508,0,0
10.312,8,1,1,1,1,507,1,505,510,0,0
10.313,9,1,1,1,1,509,1,515,507,0,0
10.314,10,1,1,1,1,512,1,513,508,0,0
10.315,11,1,1,1,1,511,1,514,507,0,0
10.316,12,1,1,1,1,511,1,508,509,0,0
10.317,13,1,1,1,1,512,1,510,509,0,0
10.318,14,1,1,1,1,512,1,505,509,0,0
10.319,15,1,1,1,1,513,1,507,506,0,0
10.32,0,1,1,1,1,514,1,504,508,0,0
10.321,1,1,1,1,1,513,1,513,508,0,0
10.322,2,1,1,1,1,513,2,516,508,0,0
10.323,3,1,1,1,1,510,1,522,507,0,0
10.324,4,1,1,1,1,511,1,517,508,0,0
10.325,5,1,1,1,1,514,1,512,507,0,0
10.326,6,1,1,1,1,514,1,513,508,0,0
10.327,7,1,1,1,1,513,1,524,507,0,0
10.328,8,1,1,1,1,512,1,520,507,0,0
10.329,9,1,1,1,1,512,1,512,507,0,0
10.33,10,1,1,1,1,513,2,524,508,0,0
10.331,11,1,1,1,1,515,1,521,507,0,0
10.332,12,1,1,1,1,512,1,511,508,0,0
10.333,13,1,1,1,1,511,1,512,503,0,0
10.334,14,1,1,1,1,513,1,513,505,0,0
10.335,15,1,1,1,1,514,1,518,504,0,0
10.336,0,1,1,1,1,514,1,518,503,0,0
10.337,1,1,1,1,1,513,1,506,507,0,0
10.338,2,1,1,1,1,515,2,503,512,0,0
10.339,3,1,1,1,1,513,1,504,512,0,0
10.34,4,1,1,1,1,509,1,507,510,0,0
10.341,5,1,1,1,1,508,1,497,508,0,0
10.342,6,1,1,1,1,506,1,495,504,0,0
10.343,7,1,1,1,1,507,0,496,506,0,0
10.344,8,1,1,1,1,511,1,494,512,0,0
10.345,9,1,1,1,1,507,1,487,519,0,0
10.346,10,1,1,1,1,502,2,490,514,0,0
10.347,11,1,1,1,1,499,1,491,512,0,0
10.348,12,1,1,1,1,504,1,500,506,0,0
10.349,13,1,1,1,1,514,1,510,511,0,0
10.35,14,1,1,1,1,515,1,513,519,0,0
10.351,15,1,1,1,1,509,0,508,512,0,0
10.352,0,1,1,1,1,511,1,500,507,0,0
10.353,1,1,1,1,1,509,1,504,501,0,0
10.354,2,1,1,1,1,512,2,513,501,0,0
10.355,3,1,1,1,1,515,1,515,498,0,0
10.356,4,1,1,1,1,515,1,520,500,0,0
10.357,5,1,1,1,1,517,1,517,504,0,0
10.358,6,1,1,1,1,519,1,510,507,0,0
10.359,7,1,1,1,1,522,0,517,511,0,0
10.36,8,1,1,1,1,519,1,523,515,0,0
10.361,9,1,1,1,1,518,1,526,512,0,0
10.362,10,1,1,1,1,513,2,521,510,0,0
10.363,11,1,1,1,1,514,1,516,502,0,0
10.364,12,1,1,1,1,510,1,511,501,0,0
10.365,13,1,1,1,1,511,1,497,509,0,0
10.366,14,1,1,1,1,509,1,486,508,0,0
10.367,15,1,1,1,1,512,1,489,508,0,0
10.368,0,1,1,1,1,513,1,485,513,0,0
10.369,1,1,1,1,1,504,1,480,507,0,0
10.37,2,1,1,1,1,506,2,462,506,0,0
10.371,3,1,1,1,1,510,1,455,512,0,0
10.372,4,1,1,1,1,508,1,457,512,0,0
10.373,5,1,1,1,1,510,1,457,510,0,0
10.374,6,1,1,1,1,504,1,448,511,0,0
10.375,7,1,1,1,1,504,1,444,509,0,0
10.376,8,1,1,1,1,502,1,448,513,0,0
10.377,9,1,1,1,1,512,1,465,522,0,0
10.378,10,1,1,1,1,510,2,469,521,0,0
10.379,11,1,1,1,1,503,1,475,516,0,0
10.38,12,1,1,1,1,510,1,508,496,0,0
10.381,13,1,1,1,1,521,1,530,495,0,0
10.382,14,1,1,1,1,526,1,527,489,0,0
10.383,15,1,1,1,1,522,1,516,488,0,0
10.384,0,1,1,1,1,527,1,514,481,0,0
10.385,1,1,1,1,1,523,1,493,488,0,0
10.386,2,1,1,1,1,522,2,483,503,0,0
10.387,3,1,1,1,1,523,1,479,520,0,0
10.388,4,1,1,1,1,522,0,480,530,0,0
10.389,5,1,1,1,1,495,1,461,506,0,0
10.39,6,1,1,1,1,482,1,467,516,0,0
10.391,7,1,1,1,1,489,1,483,531,0,0
10.392,8,1,1,1,1,505,1,502,537,0,0
10.393,9,1,1,1,1,502,1,495,539,0,0
10.394,10,1,1,1,1,486,1,478,526,0,0
10.395,11,1,1,1,1,488,1,475,515,0,0
10.396,12,1,1,1,1,501,0,485,507,0,0
10.397,13,1,1,1,1,515,1,496,497,0,0
10.398,14,1,1,1,1,526,1,508,503,0,0
10.399,15,1,1,1,1,521,1,509,505,0,0
10.4,0,1,1,1,1,519,1,511,513,0,0
10.401,1,1,1,1,1,514,1,512,506,0,0
10.402,2,1,1,1,1,523,2,520,465,0,0
10.403,3,1,1,1,1,536,1,570,456,0,0
10.404,4,1,1,1,1,534,1,600,501,0,0
10.405,5,1,1,1,1,523,1,615,484,0,0
10.406,6,1,1,1,1,518,1,601,483,0,0
10.407,7,1,1,1,1,520,1,560,515,0,0
10.408,8,1,1,1,1,524,1,536,521,0,0
10.409,9,1,1,1,1,509,1,499,528,0,0
10.41,10,1,1,1,1,515,1,442,543,0,0
10.411,11,1,1,1,1,498,1,382,553,0,0
10.412,12,1,1,1,1,499,1,355,527,0,0
10.413,13,1,1,1,1,495,1,358,504,0,0
10.414,14,1,1,1,1,474,1,375,531,0,0
10.415,15,1,1,1,1,479,1,428,542,0,0
10.416,0,1,1,1,1,496,1,476,499,0,0
10.417,1,1,1,1,1,513,1,515,487,0,0
10.418,2,1,1,1,1,525,1,536,495,0,0
10.419,3,1,1,1,1,515,1,497,486,0,0
10.42,4,1,1,1,1,508,1,457,493,0,0
10.421,5,1,1,1,1,515,1,441,519,0,0
10.422,6,1,1,1,1,518,1,435,527,0,0
10.423,7,1,1,1,1,518,1,426,530,0,0
10.424,8,1,1,1,1,520,1,442,529,0,0
10.425,9,1,1,1,1,522,1,464,505,0,0
10.426,10,1,1,1,1,521,2,513,464,0,0
10.427,11,1,1,1,1,497,1,507,470,0,0
10.428,12,1,1,1,1,491,0,518,477,0,0
10.429,13,1,1,1,1,512,1,508,488,0,0
10.43,14,1,1,1,1,520,1,516,536,0,0
10.431,15,1,1,1,1,529,1,521,527,0,0
10.432,0,1,1,1,1,533,1,539,537,0,0
10.433,1,1,1,1,1,511,1,517,522,0,0
10.434,2,1,1,1,1,493,2,511,504,0,0
10.435,3,1,1,1,1,493,1,510,492,0,0
10.436,4,1,1,1,1,507,0,519,487,0,0
10.437,5,1,1,1,1,507,1,511,524,0,0
10.438,6,1,1,1,1,508,1,500,522,0,0
10.439,7,1,1,1,1,501,1,491,537,0,0
10.44,8,1,1,1,1,496,1,493,525,0,0
10.441,9,1,1,1,1,495,1,507,525,0,0
10.442,10,1,1,1,1,521,2,546,521,0,0
10.443,11,1,1,1,1,531,1,576,512,0,0
10.444,12,1,1,1,1,521,0,572,511,0,0
10.445,13,1,1,1,1,537,1,590,518,0,0
10.446,14,1,1,1,1,555,1,611,506,0,0
10.447,15,1,1,1,1,543,1,582,493,0,0
10.448,0,1,1,1,1,529,1,562,487,0,0
10.449,1,1,1,1,1,511,1,540,477,0,0
10.45,2,1,1,1,1,498,2,517,485,0,0
10.451,3,1,1,1,1,483,1,487,496,0,0
10.452,4,1,1,1,1,483,1,475,499,0,0
10.453,5,1,1,1,1,495,1,502,502,0,0
10.454,6,1,1,1,1,510,1,533,507,0,0
10.455,7,1,1,1,1,511,1,552,515,0,0
10.456,8,1,1,1,1,506,1,582,515,0,0
10.457,9,1,1,1,1,527,1,596,498,0,0
10.458,10,1,1,1,1,543,2,594,464,0,0
10.459,11,1,1,1,1,546,1,563,477,0,0
10.46,12,1,1,1,1,510,1,507,492,0,0
10.461,13,1,1,1,1,510,1,493,534,0,0
10.462,14,1,1,1,1,503,1,488,566,0,0
10.463,15,1,1,1,1,495,1,505,558,0,0
10.464,0,1,1,1,1,485,1,500,544,0,0
10.465,1,1,1,1,1,476,1,511,527,0,0
10.466,2,1,1,1,1,479,1,529,504,0,0
10.467,3,1,1,1,1,494,1,549,500,0,0
10.468,4,1,1,1,1,506,1,570,497,0,0
10.469,5,1,1,1,1,515,1,582,484,0,0
10.47,6,1,1,1,1,529,1,597,484,0,0
10.471,7,1,1,1,1,544,1,627,495,0,0
10.472,8,1,1,1,1,555,1,649,508,0,0
10.473,9,1,1,1,1,551,1,633,505,0,0
10.474,10,1,1,1,1,541,2,615,511,0,0
10.475,11,1,1,1,1,519,1,547,485,0,0
10.476,12,1,1,1,1,527,1,507,483,0,0
10.477,13,1,1,1,1,526,1,507,499,0,0
10.478,14,1,1,1,1,532,1,548,506,0,0
10.479,15,1,1,1,1,510,0,492,502,0,0
10.48,0,1,1,1,1,487,1,419,515,0,0
10.481,1,1,1,1,1,475,1,351,522,0,0
10.482,2,1,1,1,1,469,1,310,520,0,0
10.483,3,1,1,1,1,467,1,271,513,0,0
10.484,4,1,1,1,1,463,1,285,545,0,0
10.485,5,1,1,1,1,474,1,360,547,0,0
10.486,6,1,1,1,1,470,1,420,528,0,0
10.487,7,1,1,1,1,460,0,470,520,0,0
10.488,8,1,1,1,1,476,1,523,506,0,0
10.489,9,1,1,1,1,527,1,591,501,0,0
10.49,10,1,1,1,1,547,2,622,538,0,0
10.491,11,1,1,1,1,549,1,625,517,0,0
10.492,12,1,1,1,1,546,1,612,504,0,0
10.493,13,1,1,1,1,537,1,585,508,0,0
10.494,14,1,1,1,1,527,1,569,507,0,0
10.495,15,1,1,1,1,526,1,558,497,0,0
10.496,0,1,1,1,1,533,1,579,495,0,0
10.497,1,1,1,1,1,530,1,579,483,0,0
10.498,2,1,1,1,1,523,2,577,468,0,0
10.499,3,1,1,1,1,546,1,588,482,0,0
10.5,4,1,1,1,1,542,1,569,510,0,0
10.501,5,1,1,1,1,522,1,541,512,0,0
10.502,6,1,1,1,1,525,1,537,509,0,0
10.503,7,1,1,1,1,516,1,552,525,0,0
10.504,8,1,1,1,1,498,1,532,503,0,0
10.505,9,1,1,1,1,486,1,500,494,0,0
10.506,10,1,1,1,1,494,2,497,504,0,0
10.507,11,1,1,1,1,496,1,502,527,0,0
10.508,12,1,1,1,1,499,1,476,534,0,0
10.509,13,1,1,1,1,515,1,448,505,0,0
10.51,14,1,1,1,1,499,1,426,516,0,0
10.511,15,1,1,1,1,480,1,428,510,0,0
10.512,0,1,1,1,1,490,1,460,513,0,0
10.513,1,1,1,1,1,499,1,489,497,0,0
10.514,2,1,1,1,1,511,1,539,476,0,0
10.515,3,1,1,1,1,513,1,595,477,0,0
10.516,4,1,1,1,1,541,1,656,502,0,0
10.517,5,1,1,1,1,556,1,636,521,0,0
10.518,6,1,1,1,1,551,1,592,521,0,0
10.519,7,1,1,1,1,527,1,551,505,0,0
10.52,8,1,1,1,1,507,1,505,502,0,0
10.521,9,1,1,1,1,495,1,465,513,0,0
10.522,10,1,1,1,1,494,1,425,531,0,0
10.523,11,1,1,1,1,474,1,411,540,0,0
10.524,12,1,1,1,1,467,1,424,532,0,0
10.525,13,1,1,1,1,472,1,444,545,0,0
10.526,14,1,1,1,1,492,1,510,514,0,0
10.527,15,1,1,1,1,496,1,540,499,0,0
10.528,0,1,1,1,1,511,1,562,503,0,0
10.529,1,1,1,1,1,518,1,547,503,0,0
10.53,2,1,1,1,1,533,1,530,480,0,0
10.531,3,1,1,1,1,527,1,514,488,0,0
10.532,4,1,1,1,1,515,1,498,516,0,0
10.533,5,1,1,1,1,508,1,515,534,0,0
10.534,6,1,1,1,1,512,1,531,524,0,0
10.535,7,1,1,1,1,518,1,547,493,0,0
10.536,8,1,1,1,1,527,1,575,479,0,0
10.537,9,1,1,1,1,542,1,604,476,0,0
10.538,10,1,1,1,1,541,2,588,489,0,0
10.539,11,1,1,1,1,538,1,550,509,0,0
10.54,12,1,1,1,1,538,1,535,525,0,0
10.541,13,1,1,1,1,527,1,510,534,0,0
10.542,14,1,1,1,1,509,1,475,524,0,0
10.543,15,1,1,1,1,496,1,468,507,0,0
10.544,0,1,1,1,1,475,1,455,498,0,0
10.545,1,1,1,1,1,478,1,479,499,0,0
10.546,2,1,1,1,1,490,2,497,503,0,0
10.547,3,1,1,1,1,504,1,516,509,0,0
10.548,4,1,1,1,1,513,1,533,507,0,0
10.549,5,1,1,1,1,527,1,541,504,0,0
10.55,6,1,1,1,1,532,1,533,499,0,0
10.551,7,1,1,1,1,524,1,518,501,0,0
10.552,8,1,1,1,1,521,1,518,514,0,0
10.553,9,1,1,1,1,519,1,537,497,0,0
10.554,10,1,1,1,1,523,2,532,494,0,0
10.555,11,1,1,1,1,513,1,512,497,0,0
10.556,12,1,1,1,1,510,1,499,538,0,0
10.557,13,1,1,1,1,503,1,476,566,0,0
10.558,14,1,1,1,1,488,1,459,512,0,0
10.559,15,1,1,1,1,490,0,481,491,0,0
10.56,0,1,1,1,1,505,1,532,484,0,0
10.561,1,1,1,1,1,523,1,556,506,0,0
10.562,2,1,1,1,1,538,2,549,531,0,0
10.563,3,1,1,1,1,529,1,515,549,0,0
10.564,4,1,1,1,1,530,1,477,529,0,0
10.565,5,1,1,1,1,503,1,437,495,0,0
10.566,6,1,1,1,1,468,1,416,466,0,0
10.567,7,1,1,1,1,473,0,448,499,0,0
10.568,8,1,1,1,1,487,1,485,506,0,0
10.569,9,1,1,1,1,503,1,541,513,0,0
10.57,10,1,1,1,1,526,2,578,523,0,0
10.571,11,1,1,1,1,520,1,565,509,0,0
10.572,12,1,1,1,1,518,1,543,495,0,0
10.573,13,1,1,1,1,521,1,517,498,0,0
10.574,14,1,1,1,1,530,1,500,498,0,0
10.575,15,1,1,1,1,519,0,484,515,0,0
10.576,0,1,1,1,1,516,1,516,536,0,0
10.577,1,1,1,1,1,512,1,515,512,0,0
10.578,2,1,1,1,1,515,2,542,481,0,0
10.579,3,1,1,1,1,523,1,536,477,0,0
10.58,4,1,1,1,1,516,1,513,486,0,0
10.581,5,1,1,1,1,516,1,495,521,0,0
10.582,6,1,1,1,1,503,1,472,568,0,0
10.583,7,1,1,1,1,475,1,439,563,0,0
10.584,8,1,1,1,1,481,1,440,548,0,0
10.585,9,1,1,1,1,499,1,478,521,0,0
10.586,10,1,1,1,1,492,1,490,479,0,0
10.587,11,1,1,1,1,504,1,515,440,0,0
10.588,12,1,1,1,1,523,1,553,466,0,0
10.589,13,1,1,1,1,520,1,568,503,0,0
10.59,14,1,1,1,1,527,1,581,497,0,0
10.591,15,1,1,1,1,530,1,596,501,0,0
10.592,0,1,1,1,1,544,1,605,505,0,0
10.593,1,1,1,1,1,546,1,578,505,0,0
10.594,2,1,1,1,1,531,2,519,511,0,0
10.595,3,1,1,1,1,510,1,473,527,0,0
10.596,4,1,1,1,1,507,1,474,524,0,0
10.597,5,1,1,1,1,491,1,456,512,0,0
10.598,6,1,1,1,1,483,1,444,506,0,0
10.599,7,1,1,1,1,494,1,452,526,0,0
10.6,8,1,1,1,1,498,1,470,517,0,0
10.601,9,1,1,1,1,510,1,508,511,0,0
10.602,10,1,1,1,1,519,2,535,507,0,0
10.603,11,1,1,1,1,519,1,528,500,0,0
10.604,12,1,1,1,1,529,0,555,504,0,0
10.605,13,1,1,1,1,524,1,557,511,0,0
10.606,14,1,1,1,1,528,1,543,527,0,0
10.607,15,1,1,1,1,496,1,485,521,0,0
10.608,0,1,1,1,1,502,1,480,504,0,0
10.609,1,1,1,1,1,497,1,477,495,0,0
10.61,2,1,1,1,1,482,1,460,492,0,0
10.611,3,1,1,1,1,476,1,466,477,0,0
10.612,4,1,1,1,1,505,0,484,497,0,0
10.613,5,1,1,1,1,535,1,506,505,0,0
10.614,6,1,1,1,1,526,1,526,567,0,0
10.615,7,1,1,1,1,517,1,523,562,0,0
10.616,8,1,1,1,1,502,1,480,510,0,0
10.617,9,1,1,1,1,498,1,480,458,0,0
10.618,10,1,1,1,1,513,2,507,497,0,0
10.619,11,1,1,1,1,515,1,536,519,0,0
10.62,12,1,1,1,1,524,0,563,525,0,0
10.621,13,1,1,1,1,517,1,569,504,0,0
10.622,14,1,1,1,1,518,1,553,487,0,0
10.623,15,1,1,1,1,513,1,533,497,0,0
10.624,0,1,1,1,1,513,1,517,503,0,0
10.625,1,1,1,1,1,514,1,507,501,0,0
10.626,2,1,1,1,1,516,1,511,503,0,0
10.627,3,1,1,1,1,508,1,520,491,0,0
10.628,4,1,1,1,1,512,1,546,502,0,0
10.629,5,1,1,1,1,531,1,560,507,0,0
10.63,6,1,1,1,1,533,1,535,530,0,0
10.631,7,1,1,1,1,518,1,491,539,0,0
10.632,8,1,1,1,1,515,1,464,544,0,0
10.633,9,1,1,1,1,495,1,432,524,0,0
10.634,10,1,1,1,1,488,1,443,492,0,0
10.635,11,1,1,1,1,491,1,463,480,0,0
10.636,12,1,1,1,1,494,1,487,484,0,0
10.637,13,1,1,1,1,509,1,528,510,0,0
10.638,14,1,1,1,1,527,1,563,524,0,0
10.639,15,1,1,1,1,531,1,570,508,0,0
10.64,0,1,1,1,1,535,1,565,494,0,0
10.641,1,1,1,1,1,530,1,580,489,0,0
10.642,2,1,1,1,1,532,1,602,496,0,0
10.643,3,1,1,1,1,534,1,575,510,0,0
10.644,4,1,1,1,1,526,1,542,500,0,0
10.645,5,1,1,1,1,520,1,500,499,0,0
10.646,6,1,1,1,1,527,1,465,523,0,0
10.647,7,1,1,1,1,498,1,408,548,0,0
10.648,8,1,1,1,1,480,1,398,572,0,0
10.649,9,1,1,1,1,459,1,402,523,0,0
10.65,10,1,1,1,1,476,2,427,503,0,0
10.651,11,1,1,1,1,475,1,455,495,0,0
10.652,12,1,1,1,1,487,0,500,482,0,0
10.653,13,1,1,1,1,511,1,554,491,0,0
10.654,14,1,1,1,1,536,1,575,499,0,0
10.655,15,1,1,1,1,545,1,586,510,0,0
10.656,0,1,1,1,1,539,1,568,509,0,0
10.657,1,1,1,1,1,525,1,543,503,0,0
10.658,2,1,1,1,1,511,2,499,515,0,0
10.659,3,1,1,1,1,486,1,465,509,0,0
10.66,4,1,1,1,1,489,0,459,508,0,0
10.661,5,1,1,1,1,479,1,449,500,0,0
10.662,6,1,1,1,1,512,1,499,519,0,0
10.663,7,1,1,1,1,527,1,522,515,0,0
10.664,8,1,1,1,1,530,1,549,531,0,0
10.665,9,1,1,1,1,523,1,556,508,0,0
10.666,10,1,1,1,1,527,2,561,497,0,0
10.667,11,1,1,1,1,534,1,575,491,0,0
10.668,12,1,1,1,1,549,1,594,482,0,0
10.669,13,1,1,1,1,544,1,586,481,0,0
10.67,14,1,1,1,1,537,1,584,465,0,0
10.671,15,1,1,1,1,512,1,539,473,0,0
10.672,0,1,1,1,1,490,1,485,489,0,0
10.673,1,1,1,1,1,494,1,465,523,0,0
10.674,2,1,1,1,1,500,2,424,551,0,0
10.675,3,1,1,1,1,479,1,379,549,0,0
10.676,4,1,1,1,1,457,1,366,576,0,0
10.677,5,1,1,1,1,461,1,398,561,0,0
10.678,6,1,1,1,1,471,1,457,513,0,0
10.679,7,1,1,1,1,504,1,558,505,0,0
10.68,8,1,1,1,1,541,1,621,469,0,0
10.681,9,1,1,1,1,536,1,645,473,0,0
10.682,10,1,1,1,1,560,2,649,498,0,0
10.683,11,1,1,1,1,563,1,585,509,0,0
10.684,12,1,1,1,1,537,1,500,510,0,0
10.685,13,1,1,1,1,522,1,427,516,0,0
10.686,14,1,1,1,1,500,1,419,518,0,0
10.687,15,1,1,1,1,474,1,412,535,0,0
10.688,0,1,1,1,1,465,1,419,514,0,0
10.689,1,1,1,1,1,445,1,425,473,0,0
10.69,2,1,1,1,1,469,1,464,491,0,0
10.691,3,1,1,1,1,496,1,510,529,0,0
10.692,4,1,1,1,1,520,1,539,530,0,0
10.693,5,1,1,1,1,548,1,595,511,0,0
10.694,6,1,1,1,1,554,1,601,493,0,0
10.695,7,1,1,1,1,536,1,588,504,0,0
10.696,8,1,1,1,1,536,1,598,498,0,0
10.697,9,1,1,1,1,532,1,566,504,0,0
10.698,10,1,1,1,1,510,2,511,514,0,0
10.699,11,1,1,1,1,505,1,493,524,0,0
10.7,12,1,1,1,1,509,1,488,516,0,0
10.701,13,1,1,1,1,512,1,479,488,0,0
10.702,14,1,1,1,1,522,1,503,450,0,0
10.703,15,1,1,1,1,498,0,508,490,0,0
10.704,0,1,1,1,1,504,1,507,519,0,0
10.705,1,1,1,1,1,505,1,513,527,0,0
10.706,2,1,1,1,1,493,2,512,527,0,0
10.707,3,1,1,1,1,509,1,515,512,0,0
10.708,4,1,1,1,1,520,1,520,502,0,0
10.709,5,1,1,1,1,518,1,512,506,0,0
10.71,6,1,1,1,1,529,1,526,526,0,0
10.711,7,1,1,1,1,534,1,533,517,0,0
10.712,8,1,1,1,1,527,1,535,527,0,0
10.713,9,1,1,1,1,495,1,506,517,0,0
10.714,10,1,1,1,1,498,1,495,500,0,0
10.715,11,1,1,1,1,510,1,495,484,0,0
10.716,12,1,1,1,1,511,1,490,483,0,0
10.717,13,1,1,1,1,508,1,525,501,0,0
10.718,14,1,1,1,1,517,1,569,506,0,0
10.719,15,1,1,1,1,524,1,550,515,0,0
10.72,0,1,1,1,1,531,1,527,522,0,0
10.721,1,1,1,1,1,534,1,518,518,0,0
10.722,2,1,1,1,1,525,2,492,516,0,0
10.723,3,1,1,1,1,512,1,464,521,0,0
10.724,4,1,1,1,1,494,1,455,511,0,0
10.725,5,1,1,1,1,492,1,461,507,0,0
10.726,6,1,1,1,1,494,1,473,505,0,0
10.727,7,1,1,1,1,484,1,479,488,0,0
10.728,8,1,1,1,1,492,1,485,502,0,0
10.729,9,1,1,1,1,495,1,490,513,0,0
10.73,10,1,1,1,1,508,2,512,515,0,0
10.731,11,1,1,1,1,521,1,540,510,0,0
10.732,12,1,1,1,1,526,1,542,511,0,0
10.733,13,1,1,1,1,534,1,548,515,0,0
10.734,14,1,1,1,1,540,1,576,499,0,0
10.735,15,1,1,1,1,547,1,637,477,0,0
10.736,0,1,1,1,1,552,1,642,488,0,0
10.737,1,1,1,1,1,536,1,580,502,0,0
10.738,2,1,1,1,1,531,1,542,516,0,0
10.739,3,1,1,1,1,523,1,476,533,0,0
10.74,4,1,1,1,1,505,1,417,561,0,0
10.741,5,1,1,1,1,468,1,351,535,0,0
10.742,6,1,1,1,1,435,1,319,484,0,0
10.743,7,1,1,1,1,435,1,367,464,0,0
10.744,8,1,1,1,1,470,1,464,485,0,0
10.745,9,1,1,1,1,498,1,527,492,0,0
10.746,10,1,1,1,1,521,1,560,503,0,0
10.747,11,1,1,1,1,524,1,572,525,0,0
10.748,12,1,1,1,1,531,1,559,543,0,0
10.749,13,1,1,1,1,527,1,525,512,0,0
10.75,14,1,1,1,1,527,1,511,523,0,0
10.751,15,1,1,1,1,518,1,494,524,0,0
10.752,0,1,1,1,1,492,1,483,512,0,0
10.753,1,1,1,1,1,486,1,472,504,0,0
10.754,2,1,1,1,1,475,1,459,503,0,0
10.755,3,1,1,1,1,496,1,489,510,0,0
10.756,4,1,1,1,1,511,1,528,507,0,0
10.757,5,1,1,1,1,529,1,566,507,0,0
10.758,6,1,1,1,1,545,1,574,512,0,0
10.759,7,1,1,1,1,539,1,546,509,0,0
10.76,8,1,1,1,1,516,1,529,497,0,0
10.761,9,1,1,1,1,519,1,534,499,0,0
10.762,10,1,1,1,1,529,2,544,506,0,0
10.763,11,1,1,1,1,520,1,536,506,0,0
10.764,12,1,1,1,1,507,1,535,503,0,0
10.765,13,1,1,1,1,515,1,523,513,0,0
10.766,14,1,1,1,1,512,1,486,529,0,0
10.767,15,1,1,1,1,513,1,466,524,0,0
10.768,0,1,1,1,1,526,1,469,514,0,0
10.769,1,1,1,1,1,542,1,496,492,0,0
10.77,2,1,1,1,1,505,2,491,504,0,0
10.771,3,1,1,1,1,489,1,502,508,0,0
10.772,4,1,1,1,1,489,1,508,527,0,0
10.773,5,1,1,1,1,499,1,530,490,0,0
10.774,6,1,1,1,1,518,1,547,476,0,0
10.775,7,1,1,1,1,529,1,543,478,0,0
10.776,8,1,1,1,1,534,1,536,486,0,0
10.777,9,1,1,1,1,538,1,528,509,0,0
10.778,10,1,1,1,1,520,2,516,515,0,0
10.779,11,1,1,1,1,511,1,514,516,0,0
10.78,12,1,1,1,1,502,1,538,498,0,0
10.781,13,1,1,1,1,513,1,526,500,0,0
10.782,14,1,1,1,1,512,1,486,531,0,0
10.783,15,1,1,1,1,519,0,466,536,0,0
10.784,0,1,1,1,1,501,1,414,526,0,0
10.785,1,1,1,1,1,461,1,410,521,0,0
10.786,2,1,1,1,1,471,1,427,519,0,0
10.787,3,1,1,1,1,473,1,447,515,0,0
10.788,4,1,1,1,1,486,1,485,527,0,0
10.789,5,1,1,1,1,508,1,501,522,0,0
10.79,6,1,1,1,1,521,1,511,485,0,0
10.791,7,1,1,1,1,525,0,516,485,0,0
10.792,8,1,1,1,1,523,1,531,496,0,0
10.793,9,1,1,1,1,518,1,526,504,0,0
10.794,10,1,1,1,1,519,2,538,506,0,0
10.795,11,1,1,1,1,525,1,566,498,0,0
10.796,12,1,1,1,1,536,1,579,508,0,0
10.797,13,1,1,1,1,543,1,575,506,0,0
10.798,14,1,1,1,1,531,1,557,499,0,0
10.799,15,1,1,1,1,520,1,531,494,0,0
10.8,0,1,1,1,1,513,1,499,504,0,0
10.801,1,1,1,1,1,502,1,471,502,0,0
10.802,2,1,1,1,1,493,2,466,500,0,0
10.803,3,1,1,1,1,482,1,470,509,0,0
10.804,4,1,1,1,1,484,1,492,519,0,0
10.805,5,1,1,1,1,494,1,513,511,0,0
10.806,6,1,1,1,1,515,1,528,569,0,0
10.807,7,1,1,1,1,513,1,519,535,0,0
10.808,8,1,1,1,1,523,1,527,513,0,0
10.809,9,1,1,1,1,529,1,530,515,0,0
10.81,10,1,1,1,1,535,2,560,507,0,0
10.811,11,1,1,1,1,529,1,560,504,0,0
10.812,12,1,1,1,1,528,1,551,507,0,0
10.813,13,1,1,1,1,524,1,526,498,0,0
10.814,14,1,1,1,1,519,1,505,498,0,0
10.815,15,1,1,1,1,533,1,541,501,0,0
10.816,0,1,1,1,1,521,1,537,478,0,0
10.817,1,1,1,1,1,526,1,541,479,0,0
10.818,2,1,1,1,1,521,2,519,502,0,0
10.819,3,1,1,1,1,504,1,481,507,0,0
10.82,4,1,1,1,1,494,0,461,515,0,0
10.821,5,1,1,1,1,490,1,437,519,0,0
10.822,6,1,1,1,1,464,1,450,506,0,0
10.823,7,1,1,1,1,456,1,457,516,0,0
10.824,8,1,1,1,1,468,1,455,516,0,0
10.825,9,1,1,1,1,494,1,476,514,0,0
10.826,10,1,1,1,1,517,2,485,527,0,0
10.827,11,1,1,1,1,521,1,486,555,0,0
10.828,12,1,1,1,1,530,0,526,534,0,0
10.829,13,1,1,1,1,526,1,560,488,0,0
10.83,14,1,1,1,1,513,1,553,465,0,0
10.831,15,1,1,1,1,512,1,544,491,0,0
10.832,0,1,1,1,1,527,1,531,499,0,0
10.833,1,1,1,1,1,536,1,499,512,0,0
10.834,2,1,1,1,1,529,2,488,547,0,0
10.835,3,1,1,1,1,511,1,473,515,0,0
10.836,4,1,1,1,1,499,0,464,504,0,0
10.837,5,1,1,1,1,487,1,508,485,0,0
10.838,6,1,1,1,1,510,1,564,480,0,0
10.839,7,1,1,1,1,519,1,577,481,0,0
10.84,8,1,1,1,1,533,1,560,497,0,0
10.841,9,1,1,1,1,519,1,510,529,0,0
10.842,10,1,1,1,1,501,1,466,543,0,0
10.843,11,1,1,1,1,491,1,444,527,0,0
10.844,12,1,1,1,1,486,1,438,520,0,0
10.845,13,1,1,1,1,489,1,442,513,0,0
10.846,14,1,1,1,1,501,1,468,487,0,0
10.847,15,1,1,1,1,515,1,492,499,0,0
10.848,0,1,1,1,1,521,1,508,501,0,0
10.849,1,1,1,1,1,534,1,524,496,0,0
10.85,2,1,1,1,1,539,1,564,480,0,0
10.851,3,1,1,1,1,545,1,604,512,0,0
10.852,4,1,1,1,1,532,1,628,497,0,0
10.853,5,1,1,1,1,529,1,599,481,0,0
10.854,6,1,1,1,1,524,1,547,500,0,0
10.855,7,1,1,1,1,513,1,495,516,0,0
10.856,8,1,1,1,1,489,1,432,527,0,0
10.857,9,1,1,1,1,481,1,393,521,0,0
10.858,10,1,1,1,1,487,1,419,569,0,0
10.859,11,1,1,1,1,479,1,439,530,0,0
10.86,12,1,1,1,1,479,1,453,517,0,0
10.861,13,1,1,1,1,491,1,495,513,0,0
10.862,14,1,1,1,1,520,1,551,501,0,0
10.863,15,1,1,1,1,526,1,542,497,0,0
10.864,0,1,1,1,1,513,1,531,481,0,0
10.865,1,1,1,1,1,521,1,548,487,0,0
10.866,2,1,1,1,1,528,2,567,495,0,0
10.867,3,1,1,1,1,533,1,568,507,0,0
10.868,4,1,1,1,1,539,0,574,511,0,0
10.869,5,1,1,1,1,527,1,553,528,0,0
10.87,6,1,1,1,1,517,1,518,534,0,0
10.871,7,1,1,1,1,511,1,494,519,0,0
10.872,8,1,1,1,1,515,1,487,513,0,0
10.873,9,1,1,1,1,509,1,466,510,0,0
10.874,10,1,1,1,1,492,2,468,505,0,0
10.875,11,1,1,1,1,491,1,489,492,0,0
10.876,12,1,1,1,1,501,0,508,494,0,0
10.877,13,1,1,1,1,515,1,558,491,0,0
10.878,14,1,1,1,1,524,1,555,503,0,0
10.879,15,1,1,1,1,510,1,527,496,0,0
10.88,0,1,1,1,1,508,1,497,504,0,0
10.881,1,1,1,1,1,519,1,488,515,0,0
10.882,2,1,1,1,1,509,2,466,515,0,0
10.883,3,1,1,1,1,504,1,470,519,0,0
10.884,4,1,1,1,1,492,0,473,520,0,0
10.885,5,1,1,1,1,505,1,495,521,0,0
10.886,6,1,1,1,1,518,1,532,515,0,0
10.887,7,1,1,1,1,536,1,569,515,0,0
10.888,8,1,1,1,1,535,1,569,509,0,0
10.889,9,1,1,1,1,527,1,542,498,0,0
10.89,10,1,1,1,1,530,2,530,489,0,0
10.891,11,1,1,1,1,517,1,492,525,0,0
10.892,12,1,1,1,1,495,1,467,525,0,0
10.893,13,1,1,1,1,490,1,453,527,0,0
10.894,14,1,1,1,1,491,1,468,503,0,0
10.895,15,1,1,1,1,489,1,475,483,0,0
10.896,0,1,1,1,1,498,1,511,463,0,0
10.897,1,1,1,1,1,513,1,532,473,0,0
10.898,2,1,1,1,1,525,2,564,491,0,0
10.899,3,1,1,1,1,542,1,592,487,0,0
10.9,4,1,1,1,1,550,1,608,515,0,0
10.901,5,1,1,1,1,534,1,567,536,0,0
10.902,6,1,1,1,1,521,1,524,540,0,0
10.903,7,1,1,1,1,520,1,489,538,0,0
10.904,8,1,1,1,1,526,1,461,534,0,0
10.905,9,1,1,1,1,512,1,425,518,0,0
10.906,10,1,1,1,1,472,1,403,490,0,0
10.907,11,1,1,1,1,446,1,405,511,0,0
10.908,12,1,1,1,1,446,1,429,525,0,0
10.909,13,1,1,1,1,467,1,464,516,0,0
10.91,14,1,1,1,1,486,1,476,520,0,0
10.911,15,1,1,1,1,494,0,483,511,0,0
10.912,0,1,1,1,1,512,1,511,495,0,0
10.913,1,1,1,1,1,526,1,534,492,0,0
10.914,2,1,1,1,1,544,2,571,500,0,0
10.915,3,1,1,1,1,534,1,565,499,0,0
10.916,4,1,1,1,1,537,1,559,487,0,0
10.917,5,1,1,1,1,527,1,537,488,0,0
10.918,6,1,1,1,1,524,1,540,500,0,0
10.919,7,1,1,1,1,524,0,536,516,0,0
10.92,8,1,1,1,1,507,1,526,568,0,0
10.921,9,1,1,1,1,506,1,538,512,0,0
10.922,10,1,1,1,1,531,2,600,476,0,0
10.923,11,1,1,1,1,542,1,597,485,0,0
10.924,12,1,1,1,1,523,1,553,503,0,0
10.925,13,1,1,1,1,514,1,508,514,0,0
10.926,14,1,1,1,1,519,1,484,539,0,0
10.927,15,1,1,1,1,500,0,442,534,0,0
10.928,0,1,1,1,1,462,1,412,514,0,0
10.929,1,1,1,1,1,482,1,442,491,0,0
10.93,2,1,1,1,1,499,2,470,468,0,0
10.931,3,1,1,1,1,519,1,514,486,0,0
10.932,4,1,1,1,1,524,1,532,517,0,0
10.933,5,1,1,1,1,521,1,542,544,0,0
10.934,6,1,1,1,1,524,1,562,526,0,0
10.935,7,1,1,1,1,517,1,537,512,0,0
10.936,8,1,1,1,1,527,1,529,506,0,0
10.937,9,1,1,1,1,525,1,520,505,0,0
10.938,10,1,1,1,1,514,2,499,521,0,0
10.939,11,1,1,1,1,497,1,465,507,0,0
10.94,12,1,1,1,1,496,1,476,496,0,0
10.941,13,1,1,1,1,483,1,476,515,0,0
10.942,14,1,1,1,1,500,1,499,521,0,0
10.943,15,1,1,1,1,502,1,497,477,0,0
10.944,0,1,1,1,1,512,1,509,486,0,0
10.945,1,1,1,1,1,526,1,549,505,0,0
10.946,2,1,1,1,1,524,2,543,512,0,0
10.947,3,1,1,1,1,524,1,550,509,0,0
10.948,4,1,1,1,1,519,1,547,500,0,0
10.949,5,1,1,1,1,521,1,544,502,0,0
10.95,6,1,1,1,1,526,1,531,507,0,0
10.951,7,1,1,1,1,520,1,515,502,0,0
10.952,8,1,1,1,1,519,1,495,517,0,0
10.953,9,1,1,1,1,513,1,491,515,0,0
10.954,10,1,1,1,1,501,1,489,524,0,0
10.955,11,1,1,1,1,486,1,480,530,0,0
10.956,12,1,1,1,1,484,1,480,517,0,0
10.957,13,1,1,1,1,492,1,478,495,0,0
10.958,14,1,1,1,1,515,1,505,490,0,0
10.959,15,1,1,1,1,522,1,506,494,0,0
10.96,0,1,1,1,1,510,1,486,508,0,0
10.961,1,1,1,1,1,513,1,493,514,0,0
10.962,2,1,1,1,1,515,1,525,512,0,0
10.963,3,1,1,1,1,518,1,528,510,0,0
10.964,4,1,1,1,1,519,1,530,515,0,0
10.965,5,1,1,1,1,523,1,528,523,0,0
10.966,6,1,1,1,1,511,1,511,524,0,0
10.967,7,1,1,1,1,511,1,503,516,0,0
10.968,8,1,1,1,1,504,1,494,510,0,0
10.969,9,1,1,1,1,502,1,503,496,0,0
10.97,10,1,1,1,1,512,1,551,480,0,0
10.971,11,1,1,1,1,517,1,598,494,0,0
10.972,12,1,1,1,1,531,1,591,505,0,0
10.973,13,1,1,1,1,538,1,545,501,0,0
10.974,14,1,1,1,1,528,1,488,509,0,0
10.975,15,1,1,1,1,515,1,448,526,0,0
10.976,0,1,1,1,1,503,1,454,522,0,0
10.977,1,1,1,1,1,501,1,475,507,0,0
10.978,2,1,1,1,1,494,1,483,491,0,0
10.979,3,1,1,1,1,496,1,483,500,0,0
10.98,4,1,1,1,1,515,1,489,519,0,0
10.981,5,1,1,1,1,511,1,474,532,0,0
10.982,6,1,1,1,1,490,1,468,506,0,0
10.983,7,1,1,1,1,485,1,487,499,0,0
10.984,8,1,1,1,1,514,1,507,497,0,0
10.985,9,1,1,1,1,514,1,514,497,0,0
10.986,10,1,1,1,1,508,2,506,523,0,0
10.987,11,1,1,1,1,501,1,480,530,0,0
10.988,12,1,1,1,1,484,1,460,563,0,0
10.989,13,1,1,1,1,480,1,464,528,0,0
10.99,14,1,1,1,1,479,1,480,499,0,0
10.991,15,1,1,1,1,517,1,553,475,0,0
10.992,0,1,1,1,1,529,1,595,481,0,0
10.993,1,1,1,1,1,527,1,580,497,0,0
10.994,2,1,1,1,1,535,2,569,500,0,0
10.995,3,1,1,1,1,559,1,545,506,0,0
10.996,4,1,1,1,1,563,1,526,526,0,0
10.997,5,1,1,1,1,533,1,505,531,0,0
10.998,6,1,1,1,1,510,1,496,513,0,0
10.999,7,1,1,1,1,498,0,502,482,0,0
11.0,8,1,1,1,1,495,1,503,469,0,0
11.001,9,1,1,1,1,505,1,532,474,0,0
11.002,10,1,1,1,1,521,2,536,515,0,0
11.003,11,1,1,1,1,511,1,499,534,0,0
11.004,12,1,1,1,1,500,1,468,525,0,0
11.005,13,1,1,1,1,499,1,466,510,0,0
11.006,14,1,1,1,1,497,1,474,513,0,0
11.007,15,1,1,1,1,512,0,528,507,0,0
11.008,0,1,1,1,1,530,1,603,497,0,0
11.009,1,1,1,1,1,534,1,620,495,0,0
11.01,2,1,1,1,1,539,2,596,492,0,0
11.011,3,1,1,1,1,543,1,548,510,0,0
11.012,4,1,1,1,1,533,1,502,528,0,0
11.013,5,1,1,1,1,507,1,432,546,0,0
11.014,6,1,1,1,1,467,1,359,519,0,0
11.015,7,1,1,1,1,454,0,358,496,0,0
11.016,8,1,1,1,1,465,1,399,515,0,0
11.017,9,1,1,1,1,481,1,435,526,0,0
11.018,10,1,1,1,1,498,2,478,518,0,0
11.019,11,1,1,1,1,508,1,517,507,0,0
11.02,12,1,1,1,1,500,1,529,512,0,0
11.021,13,1,1,1,1,508,1,549,498,0,0
11.022,14,1,1,1,1,522,1,552,495,0,0
11.023,15,1,1,1,1,525,1,562,499,0,0
11.024,0,1,1,1,1,522,1,558,506,0,0
11.025,1,1,1,1,1,524,1,551,507,0,0
11.026,2,1,1,1,1,530,2,556,496,0,0
11.027,3,1,1,1,1,535,1,541,499,0,0
11.028,4,1,1,1,1,527,1,549,512,0,0
11.029,5,1,1,1,1,530,1,560,511,0,0
11.03,6,1,1,1,1,538,1,560,512,0,0
11.031,7,1,1,1,1,529,1,524,516,0,0
11.032,8,1,1,1,1,518,1,499,514,0,0
11.033,9,1,1,1,1,505,1,474,505,0,0
11.034,10,1,1,1,1,505,2,489,499,0,0
11.035,11,1,1,1,1,507,1,504,502,0,0
11.036,12,1,1,1,1,495,1,489,505,0,0
11.037,13,1,1,1,1,492,1,494,497,0,0
11.038,14,1,1,1,1,494,1,494,507,0,0
11.039,15,1,1,1,1,511,1,497,521,0,0
11.04,0,1,1,1,1,499,1,480,549,0,0
11.041,1,1,1,1,1,486,1,486,511,0,0
11.042,2,1,1,1,1,502,2,523,497,0,0
11.043,3,1,1,1,1,519,1,559,487,0,0
11.044,4,1,1,1,1,536,0,567,480,0,0
11.045,5,1,1,1,1,533,1,551,483,0,0
11.046,6,1,1,1,1,531,1,554,490,0,0
11.047,7,1,1,1,1,527,1,536,537,0,0
11.048,8,1,1,1,1,514,1,512,528,0,0
11.049,9,1,1,1,1,518,1,508,492,0,0
11.05,10,1,1,1,1,524,2,514,516,0,0
11.051,11,1,1,1,1,511,1,489,543,0,0
11.052,12,1,1,1,1,500,0,475,537,0,0
11.053,13,1,1,1,1,502,1,488,523,0,0
11.054,14,1,1,1,1,493,1,478,516,0,0
11.055,15,1,1,1,1,479,1,457,496,0,0
11.056,0,1,1,1,1,485,1,472,486,0,0
11.057,1,1,1,1,1,500,1,484,484,0,0
11.058,2,1,1,1,1,508,2,494,495,0,0
11.059,3,1,1,1,1,512,1,513,499,0,0
11.06,4,1,1,1,1,524,1,532,508,0,0
11.061,5,1,1,1,1,532,1,548,565,0,0
11.062,6,1,1,1,1,527,1,561,524,0,0
11.063,7,1,1,1,1,525,1,556,484,0,0
11.064,8,1,1,1,1,535,1,537,479,0,0
11.065,9,1,1,1,1,523,1,509,489,0,0
11.066,10,1,1,1,1,510,1,492,511,0,0
11.067,11,1,1,1,1,488,1,460,529,0,0
11.068,12,1,1,1,1,495,1,470,511,0,0
11.069,13,1,1,1,1,487,1,471,537,0,0
11.07,14,1,1,1,1,489,1,497,514,0,0
11.071,15,1,1,1,1,494,1,533,491,0,0
11.072,0,1,1,1,1,519,1,577,488,0,0
11.073,1,1,1,1,1,527,1,565,502,0,0
11.074,2,1,1,1,1,535,1,533,519,0,0
11.075,3,1,1,1,1,525,1,487,528,0,0
11.076,4,1,1,1,1,515,1,453,519,0,0
11.077,5,1,1,1,1,496,1,422,514,0,0
11.078,6,1,1,1,1,485,1,446,502,0,0
11.079,7,1,1,1,1,488,1,468,487,0,0
11.08,8,1,1,1,1,504,1,494,492,0,0
11.081,9,1,1,1,1,506,1,513,500,0,0
11.082,10,1,1,1,1,520,2,530,522,0,0
11.083,11,1,1,1,1,525,1,542,514,0,0
11.084,12,1,1,1,1,540,0,588,508,0,0
11.085,13,1,1,1,1,529,1,579,518,0,0
11.086,14,1,1,1,1,528,1,570,509,0,0
11.087,15,1,1,1,1,540,1,565,507,0,0
11.088,0,1,1,1,1,539,1,534,519,0,0
11.089,1,1,1,1,1,525,1,496,515,0,0
11.09,2,1,1,1,1,511,2,475,499,0,0
11.091,3,1,1,1,1,500,1,467,492,0,0
11.092,4,1,1,1,1,498,0,467,507,0,0
11.093,5,1,1,1,1,478,1,470,518,0,0
11.094,6,1,1,1,1,496,1,495,531,0,0
11.095,7,1,1,1,1,491,1,476,511,0,0
11.096,8,1,1,1,1,484,1,464,496,0,0
11.097,9,1,1,1,1,507,1,488,489,0,0
11.098,10,1,1,1,1,510,2,506,519,0,0
11.099,11,1,1,1,1,512,1,513,515,0,0
11.1,12,1,1,1,1,519,0,533,489,0,0
11.101,13,1,1,1,1,528,1,573,495,0,0
11.102,14,1,1,1,1,530,1,593,500,0,0
11.103,15,1,1,1,1,536,1,597,508,0,0
11.104,0,1,1,1,1,525,1,549,496,0,0
11.105,1,1,1,1,1,522,1,512,507,0,0
11.106,2,1,1,1,1,520,2,473,523,0,0
11.107,3,1,1,1,1,502,1,427,531,0,0
11.108,4,1,1,1,1,483,1,407,510,0,0
11.109,5,1,1,1,1,480,1,424,510,0,0
11.11,6,1,1,1,1,485,1,453,496,0,0
11.111,7,1,1,1,1,502,1,502,500,0,0
11.112,8,1,1,1,1,517,1,543,508,0,0
11.113,9,1,1,1,1,520,1,558,520,0,0
11.114,10,1,1,1,1,519,2,560,518,0,0
11.115,11,1,1,1,1,517,1,545,512,0,0
11.116,12,1,1,1,1,516,1,534,510,0,0
11.117,13,1,1,1,1,515,1,531,505,0,0
11.118,14,1,1,1,1,517,1,523,509,0,0
11.119,15,1,1,1,1,519,1,515,514,0,0
11.12,0,1,1,1,1,509,1,515,503,0,0
11.121,1,1,1,1,1,510,1,518,493,0,0
11.122,2,1,1,1,1,513,2,515,501,0,0
11.123,3,1,1,1,1,510,1,504,501,0,0
11.124,4,1,1,1,1,509,1,514,491,0,0
11.125,5,1,1,1,1,512,1,511,491,0,0
11.126,6,1,1,1,1,515,1,528,499,0,0
11.127,7,1,1,1,1,535,1,550,524,0,0
11.128,8,1,1,1,1,527,1,540,529,0,0
11.129,9,1,1,1,1,520,1,530,542,0,0
11.13,10,1,1,1,1,530,2,544,529,0,0
11.131,11,1,1,1,1,515,1,521,533,0,0
11.132,12,1,1,1,1,486,1,471,521,0,0
11.133,13,1,1,1,1,487,1,458,529,0,0
11.134,14,1,1,1,1,488,1,463,504,0,0
11.135,15,1,1,1,1,499,0,477,476,0,0
11.136,0,1,1,1,1,500,1,489,472,0,0
11.137,1,1,1,1,1,499,1,505,492,0,0
11.138,2,1,1,1,1,507,2,508,504,0,0
11.139,3,1,1,1,1,512,1,517,492,0,0
11.14,4,1,1,1,1,524,1,550,495,0,0
11.141,5,1,1,1,1,532,1,562,498,0,0
11.142,6,1,1,1,1,537,1,557,515,0,0
11.143,7,1,1,1,1,528,0,539,536,0,0
11.144,8,1,1,1,1,528,1,550,524,0,0
11.145,9,1,1,1,1,527,1,552,495,0,0
11.146,10,1,1,1,1,531,2,543,501,0,0
11.147,11,1,1,1,1,524,1,537,491,0,0
11.148,12,1,1,1,1,500,1,487,492,0,0
11.149,13,1,1,1,1,493,1,447,519,0,0
11.15,14,1,1,1,1,491,1,423,553,0,0
11.151,15,1,1,1,1,474,1,411,535,0,0
11.152,0,1,1,1,1,475,1,415,508,0,0
11.153,1,1,1,1,1,476,1,435,496,0,0
11.154,2,1,1,1,1,494,1,494,507,0,0
11.155,3,1,1,1,1,510,1,525,516,0,0
11.156,4,1,1,1,1,520,1,521,512,0,0
11.157,5,1,1,1,1,516,1,515,532,0,0
11.158,6,1,1,1,1,519,1,508,517,0,0
11.159,7,1,1,1,1,509,1,498,470,0,0
11.16,8,1,1,1,1,500,1,506,481,0,0
11.161,9,1,1,1,1,509,1,540,502,0,0
11.162,10,1,1,1,1,520,2,555,516,0,0
11.163,11,1,1,1,1,519,1,554,513,0,0
11.164,12,1,1,1,1,523,1,544,512,0,0
11.165,13,1,1,1,1,527,1,531,510,0,0
11.166,14,1,1,1,1,524,1,512,518,0,0
11.167,15,1,1,1,1,522,1,503,510,0,0
11.168,0,1,1,1,1,512,1,508,510,0,0
11.169,1,1,1,1,1,516,1,527,502,0,0
11.17,2,1,1,1,1,523,1,537,501,0,0
11.171,3,1,1,1,1,519,1,545,505,0,0
11.172,4,1,1,1,1,520,1,560,498,0,0
11.173,5,1,1,1,1,533,1,555,489,0,0
11.174,6,1,1,1,1,528,1,543,497,0,0
11.175,7,1,1,1,1,519,1,521,559,0,0
11.176,8,1,1,1,1,527,1,531,536,0,0
11.177,9,1,1,1,1,536,1,577,485,0,0
11.178,10,1,1,1,1,517,1,555,467,0,0
11.179,11,1,1,1,1,499,1,475,477,0,0
11.18,12,1,1,1,1,479,1,393,497,0,0
11.181,13,1,1,1,1,487,1,382,507,0,0
11.182,14,1,1,1,1,482,1,370,543,0,0
11.183,15,1,1,1,1,484,1,377,548,0,0
11.184,0,1,1,1,1,448,1,391,514,0,0
11.185,1,1,1,1,1,450,1,444,507,0,0
11.186,2,1,1,1,1,491,1,523,534,0,0
11.187,3,1,1,1,1,517,1,547,524,0,0
11.188,4,1,1,1,1,533,1,565,514,0,0
11.189,5,1,1,1,1,530,1,555,502,0,0
11.19,6,1,1,1,1,531,1,566,509,0,0
11.191,7,1,1,1,1,531,1,576,499,0,0
11.192,8,1,1,1,1,540,1,583,494,0,0
11.193,9,1,1,1,1,533,1,571,500,0,0
11.194,10,1,1,1,1,530,2,551,505,0,0
11.195,11,1,1,1,1,524,1,537,517,0,0
11.196,12,1,1,1,1,525,1,530,523,0,0
11.197,13,1,1,1,1,534,1,560,512,0,0
11.198,14,1,1,1,1,525,1,556,497,0,0
11.199,15,1,1,1,1,512,1,545,486,0,0
11.2,0,1,1,1,1,522,1,525,475,0,0
11.201,1,1,1,1,1,531,1,508,485,0,0
11.202,2,1,1,1,1,514,2,463,511,0,0
11.203,3,1,1,1,1,493,1,437,528,0,0
11.204,4,1,1,1,1,469,1,434,519,0,0
11.205,5,1,1,1,1,449,1,433,502,0,0
11.206,6,1,1,1,1,468,1,466,527,0,0
11.207,7,1,1,1,1,488,1,502,534,0,0
11.208,8,1,1,1,1,510,1,530,516,0,0
11.209,9,1,1,1,1,520,1,525,505,0,0
11.21,10,1,1,1,1,525,2,526,511,0,0
11.211,11,1,1,1,1,530,1,532,518,0,0
11.212,12,1,1,1,1,543,1,531,495,0,0
11.213,13,1,1,1,1,543,1,548,488,0,0
11.214,14,1,1,1,1,523,1,537,503,0,0
11.215,15,1,1,1,1,515,0,516,511,0,0
11.216,0,1,1,1,1,508,1,510,516,0,0
11.217,1,1,1,1,1,512,1,517,533,0,0
11.218,2,1,1,1,1,514,2,528,523,0,0
11.219,3,1,1,1,1,518,1,546,497,0,0
11.22,4,1,1,1,1,517,1,551,499,0,0
11.221,5,1,1,1,1,519,1,547,499,0,0
11.222,6,1,1,1,1,527,1,571,489,0,0
11.223,7,1,1,1,1,519,0,518,476,0,0
11.224,8,1,1,1,1,506,1,482,501,0,0
11.225,9,1,1,1,1,499,1,446,515,0,0
11.226,10,1,1,1,1,495,1,436,516,0,0
11.227,11,1,1,1,1,491,1,420,542,0,0
11.228,12,1,1,1,1,479,1,418,527,0,0
11.229,13,1,1,1,1,484,1,457,492,0,0
11.23,14,1,1,1,1,497,1,492,477,0,0
11.231,15,1,1,1,1,520,0,552,494,0,0
11.232,0,1,1,1,1,543,1,603,519,0,0
11.233,1,1,1,1,1,547,1,610,496,0,0
11.234,2,1,1,1,1,549,2,588,472,0,0
11.235,3,1,1,1,1,545,1,547,519,0,0
11.236,4,1,1,1,1,528,1,501,530,0,0
11.237,5,1,1,1,1,500,1,468,533,0,0
11.238,6,1,1,1,1,482,1,456,530,0,0
11.239,7,1,1,1,1,475,1,450,520,0,0
11.24,8,1,1,1,1,486,1,486,515,0,0
11.241,9,1,1,1,1,468,1,486,521,0,0
11.242,10,1,1,1,1,476,1,487,509,0,0
11.243,11,1,1,1,1,508,1,497,508,0,0
11.244,12,1,1,1,1,521,1,491,504,0,0
11.245,13,1,1,1,1,519,1,483,501,0,0
11.246,14,1,1,1,1,526,1,506,522,0,0
11.247,15,1,1,1,1,528,1,537,497,0,0
11.248,0,1,1,1,1,526,1,557,491,0,0
11.249,1,1,1,1,1,531,1,562,488,0,0
11.25,2,1,1,1,1,541,2,590,496,0,0
11.251,3,1,1,1,1,537,1,598,508,0,0
11.252,4,1,1,1,1,514,1,546,522,0,0
11.253,5,1,1,1,1,516,1,524,513,0,0
11.254,6,1,1,1,1,527,1,506,498,0,0
11.255,7,1,1,1,1,486,1,443,512,0,0
11.256,8,1,1,1,1,481,1,422,523,0,0
11.257,9,1,1,1,1,483,1,441,520,0,0
11.258,10,1,1,1,1,480,1,436,508,0,0
11.259,11,1,1,1,1,484,1,467,518,0,0
11.26,12,1,1,1,1,509,0,510,528,0,0
11.261,13,1,1,1,1,518,1,539,512,0,0
11.262,14,1,1,1,1,526,1,549,508,0,0
11.263,15,1,1,1,1,526,1,536,507,0,0
11.264,0,1,1,1,1,521,1,523,511,0,0
11.265,1,1,1,1,1,523,1,521,520,0,0
11.266,2,1,1,1,1,505,2,493,500,0,0
11.267,3,1,1,1,1,496,1,482,477,0,0
11.268,4,1,1,1,1,501,0,498,485,0,0
11.269,5,1,1,1,1,512,1,542,491,0,0
11.27,6,1,1,1,1,524,1,577,495,0,0
11.271,7,1,1,1,1,542,1,585,499,0,0
11.272,8,1,1,1,1,543,1,564,510,0,0
11.273,9,1,1,1,1,534,1,538,516,0,0
11.274,10,1,1,1,1,527,2,505,530,0,0
11.275,11,1,1,1,1,503,1,480,532,0,0
11.276,12,1,1,1,1,494,0,470,523,0,0
11.277,13,1,1,1,1,494,1,454,501,0,0
11.278,14,1,1,1,1,486,1,428,481,0,0
11.279,15,1,1,1,1,483,1,448,497,0,0
11.28,0,1,1,1,1,489,1,485,522,0,0
11.281,1,1,1,1,1,496,1,499,513,0,0
11.282,2,1,1,1,1,509,1,520,510,0,0
11.283,3,1,1,1,1,525,1,544,511,0,0
11.284,4,1,1,1,1,529,1,544,499,0,0
11.285,5,1,1,1,1,529,1,542,499,0,0
11.286,6,1,1,1,1,528,1,550,505,0,0
11.287,7,1,1,1,1,525,1,555,520,0,0
11.288,8,1,1,1,1,519,1,544,514,0,0
11.289,9,1,1,1,1,527,1,550,521,0,0
11.29,10,1,1,1,1,519,1,524,502,0,0
11.291,11,1,1,1,1,519,1,526,491,0,0
11.292,12,1,1,1,1,520,1,499,491,0,0
11.293,13,1,1,1,1,509,1,483,485,0,0
11.294,14,1,1,1,1,499,1,470,518,0,0
11.295,15,1,1,1,1,498,1,489,504,0,0
11.296,0,1,1,1,1,507,1,499,508,0,0
11.297,1,1,1,1,1,515,1,512,545,0,0
11.298,2,1,1,1,1,509,1,551,547,0,0
11.299,3,1,1,1,1,511,1,555,516,0,0
11.3,4,1,1,1,1,515,0,527,514,0,0
11.301,5,1,1,1,1,509,1,505,509,0,0
11.302,6,1,1,1,1,517,1,500,502,0,0
11.303,7,1,1,1,1,511,1,467,507,0,0
11.304,8,1,1,1,1,502,1,435,500,0,0
11.305,9,1,1,1,1,484,1,435,507,0,0
11.306,10,1,1,1,1,501,2,478,513,0,0
11.307,11,1,1,1,1,508,1,498,512,0,0
11.308,12,1,1,1,1,506,0,506,510,0,0
11.309,13,1,1,1,1,509,1,510,503,0,0
11.31,14,1,1,1,1,516,1,498,501,0,0
11.311,15,1,1,1,1,506,1,490,507,0,0
11.312,0,1,1,1,1,501,1,490,503,0,0
11.313,1,1,1,1,1,510,1,502,503,0,0
11.314,2,1,1,1,1,516,2,519,496,0,0
11.315,3,1,1,1,1,522,1,528,509,0,0
11.316,4,1,1,1,1,527,0,536,516,0,0
11.317,5,1,1,1,1,519,1,530,526,0,0
11.318,6,1,1,1,1,517,1,524,524,0,0
11.319,7,1,1,1,1,521,1,539,512,0,0
11.32,8,1,1,1,1,520,1,537,501,0,0
11.321,9,1,1,1,1,511,1,527,486,0,0
11.322,10,1,1,1,1,515,2,568,483,0,0
11.323,11,1,1,1,1,517,1,598,496,0,0
11.324,12,1,1,1,1,518,1,586,509,0,0
11.325,13,1,1,1,1,522,1,542,513,0,0
11.326,14,1,1,1,1,519,1,494,520,0,0
11.327,15,1,1,1,1,523,1,447,519,0,0
11.328,0,1,1,1,1,518,1,417,504,0,0
11.329,1,1,1,1,1,479,1,375,513,0,0
11.33,2,1,1,1,1,450,1,388,515,0,0
11.331,3,1,1,1,1,470,1,465,505,0,0
11.332,4,1,1,1,1,496,1,508,495,0,0
11.333,5,1,1,1,1,512,1,536,506,0,0
11.334,6,1,1,1,1,521,1,552,517,0,0
11.335,7,1,1,1,1,531,1,555,510,0,0
11.336,8,1,1,1,1,534,1,539,510,0,0
11.337,9,1,1,1,1,521,1,526,508,0,0
11.338,10,1,1,1,1,510,2,505,513,0,0
11.339,11,1,1,1,1,503,1,500,494,0,0
11.34,12,1,1,1,1,513,1,516,487,0,0
11.341,13,1,1,1,1,508,1,518,536,0,0
11.342,14,1,1,1,1,498,1,527,520,0,0
11.343,15,1,1,1,1,512,1,555,504,0,0
11.344,0,1,1,1,1,527,1,557,490,0,0
11.345,1,1,1,1,1,529,1,543,493,0,0
11.346,2,1,1,1,1,520,2,508,518,0,0
11.347,3,1,1,1,1,519,1,489,533,0,0
11.348,4,1,1,1,1,519,1,476,530,0,0
11.349,5,1,1,1,1,500,1,479,507,0,0
11.35,6,1,1,1,1,496,1,496,505,0,0
11.351,7,1,1,1,1,506,0,534,491,0,0
11.352,8,1,1,1,1,519,1,552,481,0,0
11.353,9,1,1,1,1,529,1,538,488,0,0
11.354,10,1,1,1,1,521,2,516,504,0,0
11.355,11,1,1,1,1,512,1,496,540,0,0
11.356,12,1,1,1,1,504,1,476,565,0,0
11.357,13,1,1,1,1,503,1,480,524,0,0
11.358,14,1,1,1,1,491,1,475,504,0,0
11.359,15,1,1,1,1,499,0,498,503,0,0
11.36,0,1,1,1,1,513,1,517,499,0,0
11.361,1,1,1,1,1,512,1,513,505,0,0
11.362,2,1,1,1,1,507,2,508,511,0,0
11.363,3,1,1,1,1,507,1,507,494,0,0
11.364,4,1,1,1,1,512,1,529,498,0,0
11.365,5,1,1,1,1,526,1,540,503,0,0
11.366,6,1,1,1,1,531,1,554,501,0,0
11.367,7,1,1,1,1,533,1,570,493,0,0
11.368,8,1,1,1,1,539,1,583,501,0,0
11.369,9,1,1,1,1,532,1,580,501,0,0
11.37,10,1,1,1,1,524,2,536,512,0,0
11.371,11,1,1,1,1,513,1,487,519,0,0
11.372,12,1,1,1,1,499,1,446,530,0,0
11.373,13,1,1,1,1,482,1,408,506,0,0
11.374,14,1,1,1,1,472,1,403,501,0,0
11.375,15,1,1,1,1,467,1,435,529,0,0
11.376,0,1,1,1,1,487,1,472,524,0,0
11.377,1,1,1,1,1,506,1,502,512,0,0
11.378,2,1,1,1,1,513,2,514,501,0,0
11.379,3,1,1,1,1,518,1,556,496,0,0
11.38,4,1,1,1,1,538,1,605,480,0,0
11.381,5,1,1,1,1,554,1,607,471,0,0
11.382,6,1,1,1,1,543,1,566,511,0,0
11.383,7,1,1,1,1,527,1,529,535,0,0
11.384,8,1,1,1,1,520,1,478,537,0,0
11.385,9,1,1,1,1,510,1,440,531,0,0
11.386,10,1,1,1,1,486,1,426,513,0,0
11.387,11,1,1,1,1,465,1,428,507,0,0
11.388,12,1,1,1,1,470,1,463,494,0,0
11.389,13,1,1,1,1,493,1,516,485,0,0
11.39,14,1,1,1,1,533,1,585,502,0,0
11.391,15,1,1,1,1,550,1,609,493,0,0
11.392,0,1,1,1,1,543,1,588,495,0,0
11.393,1,1,1,1,1,539,1,543,500,0,0
11.394,2,1,1,1,1,530,1,500,509,0,0
11.395,3,1,1,1,1,512,1,447,530,0,0
11.396,4,1,1,1,1,480,1,407,540,0,0
11.397,5,1,1,1,1,445,1,388,539,0,0
11.398,6,1,1,1,1,469,1,449,524,0,0
11.399,7,1,1,1,1,497,1,507,503,0,0
11.4,8,1,1,1,1,518,1,531,498,0,0
11.401,9,1,1,1,1,531,1,554,493,0,0
11.402,10,1,1,1,1,533,1,595,476,0,0
11.403,11,1,1,1,1,525,1,574,514,0,0
11.404,12,1,1,1,1,530,1,558,515,0,0
11.405,13,1,1,1,1,526,1,534,508,0,0
11.406,14,1,1,1,1,515,1,508,525,0,0
11.407,15,1,1,1,1,497,1,469,514,0,0
11.408,0,1,1,1,1,502,1,470,499,0,0
11.409,1,1,1,1,1,505,1,476,502,0,0
11.41,2,1,1,1,1,508,2,503,510,0,0
11.411,3,1,1,1,1,520,1,539,500,0,0
11.412,4,1,1,1,1,532,1,553,502,0,0
11.413,5,1,1,1,1,534,1,548,522,0,0
11.414,6,1,1,1,1,528,1,528,518,0,0
11.415,7,1,1,1,1,530,1,513,526,0,0
11.416,8,1,1,1,1,513,1,484,519,0,0
11.417,9,1,1,1,1,486,1,459,503,0,0
11.418,10,1,1,1,1,474,1,457,483,0,0
11.419,11,1,1,1,1,488,1,476,470,0,0
11.42,12,1,1,1,1,500,1,513,530,0,0
11.421,13,1,1,1,1,511,1,538,516,0,0
11.422,14,1,1,1,1,521,1,527,515,0,0
11.423,15,1,1,1,1,513,1,520,495,0,0
11.424,0,1,1,1,1,509,1,530,490,0,0
11.425,1,1,1,1,1,517,1,538,506,0,0
11.426,2,1,1,1,1,522,2,530,515,0,0
11.427,3,1,1,1,1,515,1,520,540,0,0
11.428,4,1,1,1,1,508,1,487,528,0,0
11.429,5,1,1,1,1,497,1,467,499,0,0
11.43,6,1,1,1,1,502,1,487,504,0,0
11.431,7,1,1,1,1,501,0,506,502,0,0
11.432,8,1,1,1,1,516,1,523,506,0,0
11.433,9,1,1,1,1,515,1,527,512,0,0
11.434,10,1,1,1,1,520,2,524,513,0,0
11.435,11,1,1,1,1,521,1,511,510,0,0
11.436,12,1,1,1,1,517,1,518,498,0,0
11.437,13,1,1,1,1,515,1,537,503,0,0
11.438,14,1,1,1,1,517,1,553,503,0,0
11.439,15,1,1,1,1,524,0,561,502,0,0
11.44,0,1,1,1,1,527,1,549,488,0,0
11.441,1,1,1,1,1,529,1,538,494,0,0
11.442,2,1,1,1,1,518,2,511,518,0,0
11.443,3,1,1,1,1,508,1,493,524,0,0
11.444,4,1,1,1,1,503,1,472,525,0,0
11.445,5,1,1,1,1,493,1,450,523,0,0
11.446,6,1,1,1,1,482,1,458,528,0,0
11.447,7,1,1,1,1,473,0,463,532,0,0
11.448,8,1,1,1,1,506,1,500,483,0,0
11.449,9,1,1,1,1,520,1,519,501,0,0
11.45,10,1,1,1,1,512,2,521,502,0,0
11.451,11,1,1,1,1,514,1,525,497,0,0
11.452,12,1,1,1,1,526,1,523,502,0,0
11.453,13,1,1,1,1,523,1,527,509,0,0
11.454,14,1,1,1,1,519,1,524,513,0,0
11.455,15,1,1,1,1,512,1,533,503,0,0
11.456,0,1,1,1,1,512,1,529,499,0,0
11.457,1,1,1,1,1,526,1,540,505,0,0
11.458,2,1,1,1,1,535,2,549,512,0,0
11.459,3,1,1,1,1,526,1,541,511,0,0
11.46,4,1,1,1,1,525,1,545,506,0,0
11.461,5,1,1,1,1,524,1,534,518,0,0
11.462,6,1,1,1,1,528,1,535,520,0,0
11.463,7,1,1,1,1,504,1,513,519,0,0
11.464,8,1,1,1,1,496,1,480,531,0,0
11.465,9,1,1,1,1,478,1,440,508,0,0
11.466,10,1,1,1,1,487,1,438,501,0,0
11.467,11,1,1,1,1,488,1,441,502,0,0
11.468,12,1,1,1,1,481,1,429,498,0,0
11.469,13,1,1,1,1,495,1,460,479,0,0
11.47,14,1,1,1,1,499,1,499,512,0,0
11.471,15,1,1,1,1,520,1,557,510,0,0
11.472,0,1,1,1,1,539,1,578,502,0,0
11.473,1,1,1,1,1,541,1,590,507,0,0
11.474,2,1,1,1,1,537,2,565,503,0,0
11.475,3,1,1,1,1,533,1,556,507,0,0
11.476,4,1,1,1,1,525,0,518,524,0,0
11.477,5,1,1,1,1,496,1,468,519,0,0
11.478,6,1,1,1,1,487,1,436,500,0,0
11.479,7,1,1,1,1,483,1,415,507,0,0
11.48,8,1,1,1,1,489,1,432,508,0,0
11.481,9,1,1,1,1,502,1,457,519,0,0
11.482,10,1,1,1,1,496,2,473,515,0,0
11.483,11,1,1,1,1,501,1,493,504,0,0
11.484,12,1,1,1,1,505,0,506,506,0,0
11.485,13,1,1,1,1,515,1,529,503,0,0
11.486,14,1,1,1,1,517,1,538,508,0,0
11.487,15,1,1,1,1,520,1,540,506,0,0
11.488,0,1,1,1,1,522,1,546,508,0,0
11.489,1,1,1,1,1,529,1,562,502,0,0
11.49,2,1,1,1,1,541,2,592,487,0,0
11.491,3,1,1,1,1,549,1,593,510,0,0
11.492,4,1,1,1,1,545,0,573,511,0,0
11.493,5,1,1,1,1,535,1,548,499,0,0
11.494,6,1,1,1,1,525,1,515,502,0,0
11.495,7,1,1,1,1,496,1,471,520,0,0
11.496,8,1,1,1,1,485,1,474,524,0,0
11.497,9,1,1,1,1,471,1,453,533,0,0
11.498,10,1,1,1,1,479,1,452,538,0,0
11.499,11,1,1,1,1,489,1,466,514,0,0
11.5,12,1,1,1,1,494,1,470,509,0,0
11.501,13,1,1,1,1,504,1,491,500,0,0
11.502,14,1,1,1,1,512,1,520,483,0,0
11.503,15,1,1,1,1,513,1,528,489,0,0
11.504,0,1,1,1,1,518,1,530,501,0,0
11.505,1,1,1,1,1,527,1,532,520,0,0
11.506,2,1,1,1,1,527,1,536,507,0,0
11.507,3,1,1,1,1,526,1,531,504,0,0
11.508,4,1,1,1,1,516,1,523,547,0,0
11.509,5,1,1,1,1,508,1,513,508,0,0
11.51,6,1,1,1,1,516,1,522,504,0,0
11.511,7,1,1,1,1,519,1,514,516,0,0
11.512,8,1,1,1,1,509,1,495,508,0,0
11.513,9,1,1,1,1,501,1,486,495,0,0
11.514,10,1,1,1,1,499,1,494,496,0,0
11.515,11,1,1,1,1,512,1,522,510,0,0
11.516,12,1,1,1,1,520,1,547,513,0,0
11.517,13,1,1,1,1,515,1,557,507,0,0
11.518,14,1,1,1,1,521,1,547,508,0,0
11.519,15,1,1,1,1,518,1,516,501,0,0
11.52,0,1,1,1,1,508,1,486,513,0,0
11.521,1,1,1,1,1,510,1,480,527,0,0
11.522,2,1,1,1,1,504,2,473,503,0,0
11.523,3,1,1,1,1,493,1,472,478,0,0
11.524,4,1,1,1,1,500,0,486,486,0,0
11.525,5,1,1,1,1,503,1,506,507,0,0
11.526,6,1,1,1,1,517,1,529,524,0,0
11.527,7,1,1,1,1,531,1,538,515,0,0
11.528,8,1,1,1,1,530,1,555,505,0,0
11.529,9,1,1,1,1,536,1,575,509,0,0
11.53,10,1,1,1,1,539,2,597,507,0,0
11.531,11,1,1,1,1,531,1,576,508,0,0
11.532,12,1,1,1,1,519,0,528,510,0,0
11.533,13,1,1,1,1,512,1,483,512,0,0
11.534,14,1,1,1,1,509,1,467,519,0,0
11.535,15,1,1,1,1,481,1,446,527,0,0
11.536,0,1,1,1,1,470,1,431,497,0,0
11.537,1,1,1,1,1,493,1,490,502,0,0
11.538,2,1,1,1,1,507,2,520,489,0,0
11.539,3,1,1,1,1,511,1,502,491,0,0
11.54,4,1,1,1,1,512,1,488,512,0,0
11.541,5,1,1,1,1,511,1,480,515,0,0
11.542,6,1,1,1,1,500,1,468,519,0,0
11.543,7,1,1,1,1,505,1,468,507,0,0
11.544,8,1,1,1,1,494,1,463,514,0,0
11.545,9,1,1,1,1,482,1,476,509,0,0
11.546,10,1,1,1,1,498,2,523,507,0,0
11.547,11,1,1,1,1,523,1,575,506,0,0
11.548,12,1,1,1,1,540,1,588,500,0,0
11.549,13,1,1,1,1,541,1,576,503,0,0
11.55,14,1,1,1,1,542,1,553,513,0,0
11.551,15,1,1,1,1,520,1,521,512,0,0
11.552,0,1,1,1,1,508,1,498,505,0,0
11.553,1,1,1,1,1,510,1,493,519,0,0
11.554,2,1,1,1,1,501,2,482,522,0,0
11.555,3,1,1,1,1,508,1,513,506,0,0
11.556,4,1,1,1,1,513,1,512,509,0,0
11.557,5,1,1,1,1,509,1,500,508,0,0
11.558,6,1,1,1,1,510,1,483,515,0,0
11.559,7,1,1,1,1,507,1,487,511,0,0
11.56,8,1,1,1,1,501,1,482,504,0,0
11.561,9,1,1,1,1,512,1,493,516,0,0
11.562,10,1,1,1,1,514,2,505,526,0,0
11.563,11,1,1,1,1,513,1,524,518,0,0
11.564,12,1,1,1,1,515,1,538,504,0,0
11.565,13,1,1,1,1,516,1,548,488,0,0
11.566,14,1,1,1,1,523,1,541,499,0,0
11.567,15,1,1,1,1,526,0,523,509,0,0
11.568,0,1,1,1,1,519,1,496,519,0,0
11.569,1,1,1,1,1,523,1,483,516,0,0
11.57,2,1,1,1,1,515,2,492,489,0,0
11.571,3,1,1,1,1,510,1,506,485,0,0
11.572,4,1,1,1,1,504,1,527,492,0,0
11.573,5,1,1,1,1,491,1,531,492,0,0
11.574,6,1,1,1,1,505,1,536,529,0,0
11.575,7,1,1,1,1,508,0,519,521,0,0
11.576,8,1,1,1,1,513,1,522,512,0,0
11.577,9,1,1,1,1,520,1,518,519,0,0
11.578,10,1,1,1,1,513,2,504,512,0,0
11.579,11,1,1,1,1,499,1,485,498,0,0
11.58,12,1,1,1,1,502,1,478,511,0,0
11.581,13,1,1,1,1,503,1,470,521,0,0
11.582,14,1,1,1,1,500,1,466,510,0,0
11.583,15,1,1,1,1,505,0,470,492,0,0
11.584,0,1,1,1,1,498,1,491,519,0,0
11.585,1,1,1,1,1,508,1,520,525,0,0
11.586,2,1,1,1,1,515,2,531,508,0,0
11.587,3,1,1,1,1,518,1,530,495,0,0
11.588,4,1,1,1,1,528,1,543,492,0,0
11.589,5,1,1,1,1,540,1,549,500,0,0
11.59,6,1,1,1,1,527,1,532,497,0,0
11.591,7,1,1,1,1,518,1,515,505,0,0
11.592,8,1,1,1,1,524,1,541,521,0,0
11.593,9,1,1,1,1,518,1,577,520,0,0
11.594,10,1,1,1,1,532,2,622,503,0,0
11.595,11,1,1,1,1,527,1,608,486,0,0
11.596,12,1,1,1,1,529,1,552,509,0,0
11.597,13,1,1,1,1,519,1,473,535,0,0
11.598,14,1,1,1,1,515,1,414,518,0,0
11.599,15,1,1,1,1,492,1,340,517,0,0
11.6,0,1,1,1,1,445,1,318,542,0,0
11.601,1,1,1,1,1,430,1,356,502,0,0
11.602,2,1,1,1,1,434,1,410,490,0,0
11.603,3,1,1,1,1,469,1,490,494,0,0
11.604,4,1,1,1,1,516,1,548,512,0,0
11.605,5,1,1,1,1,529,1,561,505,0,0
11.606,6,1,1,1,1,542,1,566,510,0,0
11.607,7,1,1,1,1,529,1,550,504,0,0
11.608,8,1,1,1,1,523,1,558,507,0,0
11.609,9,1,1,1,1,530,1,559,503,0,0
11.61,10,1,1,1,1,533,1,565,515,0,0
11.611,11,1,1,1,1,530,1,558,516,0,0
11.612,12,1,1,1,1,533,1,551,504,0,0
11.613,13,1,1,1,1,525,1,537,500,0,0
11.614,14,1,1,1,1,527,1,526,499,0,0
11.615,15,1,1,1,1,526,1,520,506,0,0
11.616,0,1,1,1,1,519,1,525,506,0,0
11.617,1,1,1,1,1,520,1,528,512,0,0
11.618,2,1,1,1,1,515,1,515,511,0,0
11.619,3,1,1,1,1,512,1,512,515,0,0
11.62,4,1,1,1,1,504,1,493,508,0,0
11.621,5,1,1,1,1,495,1,475,500,0,0
11.622,6,1,1,1,1,499,1,482,501,0,0
11.623,7,1,1,1,1,499,1,488,513,0,0
11.624,8,1,1,1,1,506,1,511,517,0,0
11.625,9,1,1,1,1,515,1,526,505,0,0
11.626,10,1,1,1,1,516,1,512,500,0,0
11.627,11,1,1,1,1,513,1,508,506,0,0
11.628,12,1,1,1,1,511,1,493,504,0,0
11.629,13,1,1,1,1,501,1,463,497,0,0
11.63,14,1,1,1,1,502,1,467,512,0,0
11.631,15,1,1,1,1,499,1,492,518,0,0
11.632,0,1,1,1,1,506,1,523,524,0,0
11.633,1,1,1,1,1,525,1,553,522,0,0
11.634,2,1,1,1,1,525,2,547,512,0,0
11.635,3,1,1,1,1,525,1,537,511,0,0
11.636,4,1,1,1,1,519,1,515,513,0,0
11.637,5,1,1,1,1,511,1,497,511,0,0
11.638,6,1,1,1,1,509,1,477,506,0,0
11.639,7,1,1,1,1,498,1,471,510,0,0
11.64,8,1,1,1,1,491,1,483,508,0,0
11.641,9,1,1,1,1,503,1,508,497,0,0
11.642,10,1,1,1,1,517,2,564,469,0,0
11.643,11,1,1,1,1,535,1,609,484,0,0
11.644,12,1,1,1,1,530,1,587,505,0,0
11.645,13,1,1,1,1,521,1,545,519,0,0
11.646,14,1,1,1,1,519,1,500,526,0,0
11.647,15,1,1,1,1,523,1,461,536,0,0
11.648,0,1,1,1,1,499,1,413,524,0,0
11.649,1,1,1,1,1,481,1,428,500,0,0
11.65,2,1,1,1,1,487,1,445,492,0,0
11.651,3,1,1,1,1,504,1,489,508,0,0
11.652,4,1,1,1,1,513,1,516,516,0,0
11.653,5,1,1,1,1,508,1,526,518,0,0
11.654,6,1,1,1,1,508,1,542,511,0,0
11.655,7,1,1,1,1,523,0,585,505,0,0
11.656,8,1,1,1,1,527,1,593,519,0,0
11.657,9,1,1,1,1,529,1,586,517,0,0
11.658,10,1,1,1,1,525,2,547,500,0,0
11.659,11,1,1,1,1,525,1,515,510,0,0
11.66,12,1,1,1,1,510,1,456,508,0,0
11.661,13,1,1,1,1,507,1,432,481,0,0
11.662,14,1,1,1,1,496,1,422,469,0,0
11.663,15,1,1,1,1,480,0,415,495,0,0
11.664,0,1,1,1,1,468,1,428,519,0,0
11.665,1,1,1,1,1,481,1,456,500,0,0
11.666,2,1,1,1,1,501,2,497,508,0,0
11.667,3,1,1,1,1,508,1,534,564,0,0
11.668,4,1,1,1,1,519,1,572,524,0,0
11.669,5,1,1,1,1,534,1,577,508,0,0
11.67,6,1,1,1,1,534,1,560,500,0,0
11.671,7,1,1,1,1,526,0,554,514,0,0
11.672,8,1,1,1,1,530,1,532,520,0,0
11.673,9,1,1,1,1,525,1,519,519,0,0
11.674,10,1,1,1,1,516,2,517,515,0,0
11.675,11,1,1,1,1,514,1,515,499,0,0
11.676,12,1,1,1,1,512,1,537,498,0,0
11.677,13,1,1,1,1,505,1,533,512,0,0
11.678,14,1,1,1,1,513,1,520,510,0,0
11.679,15,1,1,1,1,522,1,517,497,0,0
11.68,0,1,1,1,1,508,1,499,479,0,0
11.681,1,1,1,1,1,520,1,499,524,0,0
11.682,2,1,1,1,1,510,2,489,513,0,0
11.683,3,1,1,1,1,507,1,497,494,0,0
11.684,4,1,1,1,1,496,1,496,499,0,0
11.685,5,1,1,1,1,485,1,493,502,0,0
11.686,6,1,1,1,1,494,1,503,508,0,0
11.687,7,1,1,1,1,513,1,522,508,0,0
11.688,8,1,1,1,1,520,1,544,520,0,0
11.689,9,1,1,1,1,517,1,537,516,0,0
11.69,10,1,1,1,1,518,2,523,504,0,0
11.691,11,1,1,1,1,525,1,524,508,0,0
11.692,12,1,1,1,1,530,1,527,510,0,0
11.693,13,1,1,1,1,523,1,515,517,0,0
11.694,14,1,1,1,1,513,1,493,516,0,0
11.695,15,1,1,1,1,501,1,476,510,0,0
11.696,0,1,1,1,1,492,1,479,507,0,0
11.697,1,1,1,1,1,508,1,480,514,0,0
11.698,2,1,1,1,1,507,2,472,509,0,0
11.699,3,1,1,1,1,506,1,486,508,0,0
11.7,4,1,1,1,1,506,0,503,502,0,0
11.701,5,1,1,1,1,512,1,514,505,0,0
11.702,6,1,1,1,1,517,1,525,508,0,0
11.703,7,1,1,1,1,521,1,528,504,0,0
11.704,8,1,1,1,1,512,1,521,505,0,0
11.705,9,1,1,1,1,513,1,520,510,0,0
11.706,10,1,1,1,1,515,2,524,500,0,0
11.707,11,1,1,1,1,508,1,510,505,0,0
11.708,12,1,1,1,1,507,0,513,510,0,0
11.709,13,1,1,1,1,511,1,510,518,0,0
11.71,14,1,1,1,1,509,1,509,523,0,0
11.711,15,1,1,1,1,509,1,513,512,0,0
11.712,0,1,1,1,1,512,1,524,506,0,0
11.713,1,1,1,1,1,527,1,564,501,0,0
11.714,2,1,1,1,1,535,2,587,502,0,0
11.715,3,1,1,1,1,527,1,575,502,0,0
11.716,4,1,1,1,1,519,1,538,496,0,0
11.717,5,1,1,1,1,521,1,492,500,0,0
11.718,6,1,1,1,1,513,1,472,513,0,0
11.719,7,1,1,1,1,495,1,440,536,0,0
11.72,8,1,1,1,1,470,1,414,525,0,0
11.721,9,1,1,1,1,480,1,445,507,0,0
11.722,10,1,1,1,1,500,1,502,505,0,0
11.723,11,1,1,1,1,507,1,517,506,0,0
11.724,12,1,1,1,1,512,1,541,502,0,0
11.725,13,1,1,1,1,510,1,537,492,0,0
11.726,14,1,1,1,1,520,1,524,498,0,0
11.727,15,1,1,1,1,518,1,514,504,0,0
11.728,0,1,1,1,1,521,1,512,522,0,0
11.729,1,1,1,1,1,510,1,486,529,0,0
11.73,2,1,1,1,1,507,1,465,501,0,0
11.731,3,1,1,1,1,518,1,484,516,0,0
11.732,4,1,1,1,1,512,1,497,506,0,0
11.733,5,1,1,1,1,512,1,515,494,0,0
11.734,6,1,1,1,1,515,1,519,502,0,0
11.735,7,1,1,1,1,514,1,547,505,0,0
11.736,8,1,1,1,1,525,1,551,518,0,0
11.737,9,1,1,1,1,530,1,538,516,0,0
11.738,10,1,1,1,1,525,2,530,515,0,0
11.739,11,1,1,1,1,514,1,520,511,0,0
11.74,12,1,1,1,1,510,0,515,475,0,0
11.741,13,1,1,1,1,502,1,534,476,0,0
11.742,14,1,1,1,1,507,1,536,519,0,0
11.743,15,1,1,1,1,512,1,515,521,0,0
11.744,0,1,1,1,1,506,1,478,513,0,0
11.745,1,1,1,1,1,494,1,439,528,0,0
11.746,2,1,1,1,1,487,1,428,562,0,0
11.747,3,1,1,1,1,486,1,465,541,0,0
11.748,4,1,1,1,1,508,0,519,500,0,0
11.749,5,1,1,1,1,529,1,548,475,0,0
11.75,6,1,1,1,1,531,1,542,482,0,0
11.751,7,1,1,1,1,531,1,522,491,0,0
11.752,8,1,1,1,1,525,1,501,521,0,0
11.753,9,1,1,1,1,510,1,492,525,0,0
11.754,10,1,1,1,1,495,2,488,509,0,0
11.755,11,1,1,1,1,492,1,492,495,0,0
11.756,12,1,1,1,1,491,0,513,487,0,0
11.757,13,1,1,1,1,506,1,520,502,0,0
11.758,14,1,1,1,1,523,1,525,499,0,0
11.759,15,1,1,1,1,531,1,526,509,0,0
11.76,0,1,1,1,1,521,1,522,515,0,0
11.761,1,1,1,1,1,517,1,539,519,0,0
11.762,2,1,1,1,1,518,2,561,527,0,0
11.763,3,1,1,1,1,515,1,557,497,0,0
11.764,4,1,1,1,1,508,1,528,496,0,0
11.765,5,1,1,1,1,510,1,513,503,0,0
11.766,6,1,1,1,1,519,1,496,515,0,0
11.767,7,1,1,1,1,510,1,473,518,0,0
11.768,8,1,1,1,1,503,1,470,518,0,0
11.769,9,1,1,1,1,494,1,486,495,0,0
11.77,10,1,1,1,1,505,2,505,518,0,0
11.771,11,1,1,1,1,513,1,509,516,0,0
11.772,12,1,1,1,1,523,1,517,514,0,0
11.773,13,1,1,1,1,507,1,489,512,0,0
11.774,14,1,1,1,1,485,1,480,510,0,0
11.775,15,1,1,1,1,493,1,485,508,0,0
11.776,0,1,1,1,1,509,1,507,504,0,0
11.777,1,1,1,1,1,512,1,518,500,0,0
11.778,2,1,1,1,1,514,2,516,503,0,0
11.779,3,1,1,1,1,520,1,522,498,0,0
11.78,4,1,1,1,1,522,1,529,504,0,0
11.781,5,1,1,1,1,522,1,526,509,0,0
11.782,6,1,1,1,1,517,1,516,511,0,0
11.783,7,1,1,1,1,513,0,511,510,0,0
11.784,8,1,1,1,1,509,1,507,507,0,0
11.785,9,1,1,1,1,516,1,517,508,0,0
11.786,10,1,1,1,1,522,2,526,512,0,0
11.787,11,1,1,1,1,525,1,536,514,0,0
11.788,12,1,1,1,1,527,1,553,502,0,0
11.789,13,1,1,1,1,529,1,559,499,0,0
11.79,14,1,1,1,1,528,1,564,489,0,0
11.791,15,1,1,1,1,537,1,603,489,0,0
11.792,0,1,1,1,1,531,1,586,494,0,0
11.793,1,1,1,1,1,523,1,530,505,0,0
11.794,2,1,1,1,1,513,2,485,516,0,0
11.795,3,1,1,1,1,505,1,428,542,0,0
11.796,4,1,1,1,1,479,1,368,552,0,0
11.797,5,1,1,1,1,457,1,344,540,0,0
11.798,6,1,1,1,1,435,1,369,509,0,0
11.799,7,1,1,1,1,460,0,437,486,0,0
11.8,8,1,1,1,1,499,1,519,510,0,0
11.801,9,1,1,1,1,520,1,542,510,0,0
11.802,10,1,1,1,1,520,2,555,514,0,0
11.803,11,1,1,1,1,525,1,567,505,0,0
11.804,12,1,1,1,1,536,1,571,500,0,0
11.805,13,1,1,1,1,534,1,558,505,0,0
11.806,14,1,1,1,1,527,1,540,520,0,0
11.807,15,1,1,1,1,526,1,540,521,0,0
11.808,0,1,1,1,1,521,1,523,517,0,0
11.809,1,1,1,1,1,510,1,512,511,0,0
11.81,2,1,1,1,1,513,2,545,495,0,0
11.811,3,1,1,1,1,528,1,558,492,0,0
11.812,4,1,1,1,1,526,1,561,498,0,0
11.813,5,1,1,1,1,519,1,551,499,0,0
11.814,6,1,1,1,1,520,1,513,495,0,0
11.815,7,1,1,1,1,508,1,473,511,0,0
11.816,8,1,1,1,1,502,1,461,509,0,0
11.817,9,1,1,1,1,509,1,472,523,0,0
11.818,10,1,1,1,1,485,1,443,517,0,0
11.819,11,1,1,1,1,483,1,448,492,0,0
11.82,12,1,1,1,1,487,1,460,499,0,0
11.821,13,1,1,1,1,500,1,473,504,0,0
11.822,14,1,1,1,1,512,1,505,517,0,0
11.823,15,1,1,1,1,519,1,535,499,0,0
11.824,0,1,1,1,1,551,1,670,464,0,0
11.825,1,1,1,1,1,560,1,704,484,0,0
11.826,2,1,1,1,1,542,1,625,508,0,0
11.827,3,1,1,1,1,535,1,546,536,0,0
11.828,4,1,1,1,1,540,1,471,529,0,0
11.829,5,1,1,1,1,529,1,367,543,0,0
11.83,6,1,1,1,1,469,1,302,551,0,0
11.831,7,1,1,1,1,424,1,300,499,0,0
11.832,8,1,1,1,1,439,1,368,483,0,0
11.833,9,1,1,1,1,471,1,458,513,0,0
11.834,10,1,1,1,1,502,1,525,521,0,0
11.835,11,1,1,1,1,507,1,540,511,0,0
11.836,12,1,1,1,1,505,1,551,493,0,0
11.837,13,1,1,1,1,511,1,557,498,0,0
11.838,14,1,1,1,1,519,1,541,508,0,0
11.839,15,1,1,1,1,520,1,529,507,0,0
11.84,0,1,1,1,1,522,1,540,506,0,0
11.841,1,1,1,1,1,526,1,550,511,0,0
11.842,2,1,1,1,1,533,1,559,503,0,0
11.843,3,1,1,1,1,541,1,575,491,0,0
11.844,4,1,1,1,1,545,1,589,493,0,0
11.845,5,1,1,1,1,532,1,551,502,0,0
11.846,6,1,1,1,1,521,1,529,511,0,0
11.847,7,1,1,1,1,520,1,512,519,0,0
11.848,8,1,1,1,1,520,1,501,531,0,0
11.849,9,1,1,1,1,518,1,502,534,0,0
11.85,10,1,1,1,1,499,2,504,507,0,0
11.851,11,1,1,1,1,502,1,508,493,0,0
11.852,12,1,1,1,1,499,1,496,484,0,0
11.853,13,1,1,1,1,502,1,499,491,0,0
11.854,14,1,1,1,1,507,1,487,510,0,0
11.855,15,1,1,1,1,508,1,478,531,0,0
11.856,0,1,1,1,1,498,1,467,533,0,0
11.857,1,1,1,1,1,487,1,460,497,0,0
11.858,2,1,1,1,1,495,1,476,497,0,0
11.859,3,1,1,1,1,517,1,506,507,0,0
11.86,4,1,1,1,1,518,1,520,505,0,0
11.861,5,1,1,1,1,512,1,518,498,0,0
11.862,6,1,1,1,1,512,1,522,493,0,0
11.863,7,1,1,1,1,518,1,527,540,0,0
11.864,8,1,1,1,1,521,1,547,522,0,0
11.865,9,1,1,1,1,531,1,560,503,0,0
11.866,10,1,1,1,1,527,2,551,501,0,0
11.867,11,1,1,1,1,530,1,539,518,0,0
11.868,12,1,1,1,1,520,1,521,521,0,0
11.869,13,1,1,1,1,505,1,504,523,0,0
11.87,14,1,1,1,1,494,1,494,511,0,0
11.871,15,1,1,1,1,496,0,493,498,0,0
11.872,0,1,1,1,1,496,1,493,495,0,0
11.873,1,1,1,1,1,503,1,500,502,0,0
11.874,2,1,1,1,1,511,2,507,504,0,0
11.875,3,1,1,1,1,519,1,541,507,0,0
11.876,4,1,1,1,1,523,1,531,499,0,0
11.877,5,1,1,1,1,521,1,505,499,0,0
11.878,6,1,1,1,1,511,1,494,526,0,0
11.879,7,1,1,1,1,496,0,473,516,0,0
11.88,8,1,1,1,1,506,1,480,520,0,0
11.881,9,1,1,1,1,524,1,504,521,0,0
11.882,10,1,1,1,1,507,2,513,504,0,0
11.883,11,1,1,1,1,514,1,546,500,0,0
11.884,12,1,1,1,1,523,1,571,492,0,0
11.885,13,1,1,1,1,526,1,572,493,0,0
11.886,14,1,1,1,1,534,1,566,504,0,0
11.887,15,1,1,1,1,541,1,556,520,0,0
11.888,0,1,1,1,1,518,1,515,518,0,0
11.889,1,1,1,1,1,506,1,501,522,0,0
11.89,2,1,1,1,1,497,2,461,516,0,0
11.891,3,1,1,1,1,485,1,425,526,0,0
11.892,4,1,1,1,1,494,1,424,531,0,0
11.893,5,1,1,1,1,485,1,399,512,0,0
11.894,6,1,1,1,1,487,1,439,479,0,0
11.895,7,1,1,1,1,493,1,487,483,0,0
11.896,8,1,1,1,1,495,1,505,480,0,0
11.897,9,1,1,1,1,496,1,515,490,0,0
11.898,10,1,1,1,1,497,2,525,521,0,0
11.899,11,1,1,1,1,517,1,552,514,0,0
11.9,12,1,1,1,1,533,1,553,510,0,0
11.901,13,1,1,1,1,520,1,536,491,0,0
11.902,14,1,1,1,1,524,1,527,495,0,0
11.903,15,1,1,1,1,524,1,521,513,0,0
11.904,0,1,1,1,1,519,1,522,529,0,0
11.905,1,1,1,1,1,518,1,531,523,0,0
11.906,2,1,1,1,1,527,2,560,508,0,0
11.907,3,1,1,1,1,535,1,573,496,0,0
11.908,4,1,1,1,1,541,1,564,497,0,0
11.909,5,1,1,1,1,543,1,552,507,0,0
11.91,6,1,1,1,1,526,1,548,505,0,0
11.911,7,1,1,1,1,510,1,528,525,0,0
11.912,8,1,1,1,1,509,1,515,534,0,0
11.913,9,1,1,1,1,480,1,466,508,0,0
11.914,10,1,1,1,1,460,1,433,493,0,0
11.915,11,1,1,1,1,466,1,433,510,0,0
11.916,12,1,1,1,1,489,0,428,523,0,0
11.917,13,1,1,1,1,501,1,435,527,0,0
11.918,14,1,1,1,1,502,1,451,531,0,0
11.919,15,1,1,1,1,504,1,470,507,0,0
11.92,0,1,1,1,1,509,1,478,494,0,0
11.921,1,1,1,1,1,511,1,505,494,0,0
11.922,2,1,1,1,1,516,2,531,487,0,0
11.923,3,1,1,1,1,524,1,541,494,0,0
11.924,4,1,1,1,1,524,0,545,502,0,0
11.925,5,1,1,1,1,527,1,546,523,0,0
11.926,6,1,1,1,1,523,1,538,530,0,0
11.927,7,1,1,1,1,517,1,518,520,0,0
11.928,8,1,1,1,1,508,1,511,506,0,0
11.929,9,1,1,1,1,509,1,515,495,0,0
11.93,10,1,1,1,1,511,2,523,506,0,0
11.931,11,1,1,1,1,518,1,536,508,0,0
11.932,12,1,1,1,1,529,0,568,499,0,0
11.933,13,1,1,1,1,531,1,595,498,0,0
11.934,14,1,1,1,1,532,1,573,503,0,0
11.935,15,1,1,1,1,526,1,536,504,0,0
11.936,0,1,1,1,1,521,1,504,514,0,0
11.937,1,1,1,1,1,517,1,476,512,0,0
11.938,2,1,1,1,1,505,1,440,522,0,0
11.939,3,1,1,1,1,490,1,443,519,0,0
11.94,4,1,1,1,1,478,1,462,509,0,0
11.941,5,1,1,1,1,501,1,508,505,0,0
11.942,6,1,1,1,1,509,1,513,503,0,0
11.943,7,1,1,1,1,508,1,516,507,0,0
11.944,8,1,1,1,1,510,1,513,513,0,0
11.945,9,1,1,1,1,517,1,510,512,0,0
11.946,10,1,1,1,1,523,1,540,500,0,0
11.947,11,1,1,1,1,530,1,580,501,0,0
11.948,12,1,1,1,1,521,1,582,507,0,0
11.949,13,1,1,1,1,521,1,549,495,0,0
11.95,14,1,1,1,1,527,1,500,503,0,0
11.951,15,1,1,1,1,517,1,460,510,0,0
11.952,0,1,1,1,1,501,1,426,515,0,0
11.953,1,1,1,1,1,492,1,423,513,0,0
11.954,2,1,1,1,1,489,1,426,505,0,0
11.955,3,1,1,1,1,470,1,439,489,0,0
11.956,4,1,1,1,1,479,0,481,503,0,0
11.957,5,1,1,1,1,503,1,520,576,0,0
11.958,6,1,1,1,1,517,1,533,536,0,0
11.959,7,1,1,1,1,520,1,538,508,0,0
11.96,8,1,1,1,1,519,1,536,508,0,0
11.961,9,1,1,1,1,519,1,550,521,0,0
11.962,10,1,1,1,1,516,2,547,494,0,0
11.963,11,1,1,1,1,512,1,538,478,0,0
11.964,12,1,1,1,1,514,0,532,489,0,0
11.965,13,1,1,1,1,523,1,526,509,0,0
11.966,14,1,1,1,1,524,1,520,502,0,0
11.967,15,1,1,1,1,524,1,520,505,0,0
11.968,0,1,1,1,1,518,1,522,501,0,0
11.969,1,1,1,1,1,514,1,515,501,0,0
11.97,2,1,1,1,1,515,2,523,518,0,0
11.971,3,1,1,1,1,512,1,509,520,0,0
11.972,4,1,1,1,1,505,0,492,519,0,0
11.973,5,1,1,1,1,506,1,496,512,0,0
11.974,6,1,1,1,1,499,1,499,499,0,0
11.975,7,1,1,1,1,510,1,504,504,0,0
11.976,8,1,1,1,1,516,1,518,492,0,0
11.977,9,1,1,1,1,528,1,578,479,0,0
11.978,10,1,1,1,1,536,2,599,487,0,0
11.979,11,1,1,1,1,540,1,601,508,0,0
11.98,12,1,1,1,1,531,1,556,530,0,0
11.981,13,1,1,1,1,527,1,485,546,0,0
11.982,14,1,1,1,1,513,1,434,557,0,0
11.983,15,1,1,1,1,496,1,413,491,0,0
11.984,0,1,1,1,1,478,1,407,503,0,0
11.985,1,1,1,1,1,486,1,473,502,0,0
11.986,2,1,1,1,1,475,1,494,502,0,0
11.987,3,1,1,1,1,495,1,516,509,0,0
11.988,4,1,1,1,1,512,1,506,528,0,0
11.989,5,1,1,1,1,504,1,468,522,0,0
11.99,6,1,1,1,1,487,1,433,515,0,0
11.991,7,1,1,1,1,488,1,440,513,0,0
11.992,8,1,1,1,1,494,1,449,502,0,0
11.993,9,1,1,1,1,503,1,529,487,0,0
11.994,10,1,1,1,1,523,2,570,486,0,0
11.995,11,1,1,1,1,527,1,573,503,0,0
11.996,12,1,1,1,1,535,1,614,502,0,0
11.997,13,1,1,1,1,531,1,587,498,0,0
11.998,14,1,1,1,1,524,1,535,504,0,0
11.999,15,1,1,1,1,512,0,503,504,0,0
12.0,0,1,1,1,1,515,1,482,509,0,0
12.001,1,1,1,1,1,508,1,443,531,0,0
12.002,2,1,1,1,1,499,2,463,529,0,0
12.003,3,1,1,1,1,507,1,497,529,0,0
12.004,4,1,1,1,1,507,1,510,511,0,0
12.005,5,1,1,1,1,508,1,536,498,0,0
12.006,6,1,1,1,1,526,1,566,498,0,0
12.007,7,1,1,1,1,534,1,563,504,0,0
12.008,8,1,1,1,1,531,1,563,499,0,0
12.009,9,1,1,1,1,524,1,536,500,0,0
12.01,10,1,1,1,1,513,2,511,496,0,0
12.011,11,1,1,1,1,513,1,483,511,0,0
12.012,12,1,1,1,1,497,1,448,520,0,0
12.013,13,1,1,1,1,499,1,458,514,0,0
12.014,14,1,1,1,1,503,1,494,499,0,0
12.015,15,1,1,1,1,508,0,504,499,0,0
12.016,0,1,1,1,1,508,1,509,491,0,0
12.017,1,1,1,1,1,509,1,502,500,0,0
12.018,2,1,1,1,1,511,2,505,509,0,0
12.019,3,1,1,1,1,507,1,497,505,0,0
12.02,4,1,1,1,1,495,1,500,554,0,0
12.021,5,1,1,1,1,499,1,512,529,0,0
12.022,6,1,1,1,1,509,1,517,501,0,0
12.023,7,1,1,1,1,521,1,518,499,0,0
12.024,8,1,1,1,1,531,1,519,501,0,0
12.025,9,1,1,1,1,528,1,524,500,0,0
12.026,10,1,1,1,1,520,2,514,504,0,0
12.027,11,1,1,1,1,516,1,510,504,0,0
12.028,12,1,1,1,1,513,1,509,504,0,0
12.029,13,1,1,1,1,511,1,510,529,0,0
12.03,14,1,1,1,1,508,1,517,537,0,0
12.031,15,1,1,1,1,509,1,522,511,0,0
12.032,0,1,1,1,1,514,1,531,491,0,0
12.033,1,1,1,1,1,518,1,550,487,0,0
12.034,2,1,1,1,1,522,2,537,496,0,0
12.035,3,1,1,1,1,526,1,519,507,0,0
12.036,4,1,1,1,1,529,1,514,508,0,0
12.037,5,1,1,1,1,511,1,491,501,0,0
12.038,6,1,1,1,1,496,1,489,511,0,0
12.039,7,1,1,1,1,494,1,488,518,0,0
12.04,8,1,1,1,1,487,1,486,515,0,0
12.041,9,1,1,1,1,489,1,485,512,0,0
12.042,10,1,1,1,1,499,2,498,517,0,0
12.043,11,1,1,1,1,517,1,514,519,0,0
12.044,12,1,1,1,1,527,1,527,522,0,0
12.045,13,1,1,1,1,534,1,548,505,0,0
12.046,14,1,1,1,1,533,1,580,485,0,0
12.047,15,1,1,1,1,530,1,581,491,0,0
12.048,0,1,1,1,1,527,1,561,502,0,0
12.049,1,1,1,1,1,509,1,511,507,0,0
12.05,2,1,1,1,1,506,1,476,533,0,0
12.051,3,1,1,1,1,497,1,423,540,0,0
12.052,4,1,1,1,1,491,1,423,528,0,0
12.053,5,1,1,1,1,483,1,452,507,0,0
12.054,6,1,1,1,1,498,1,513,483,0,0
12.055,7,1,1,1,1,523,1,563,469,0,0
12.056,8,1,1,1,1,530,1,594,499,0,0
12.057,9,1,1,1,1,523,1,563,509,0,0
12.058,10,1,1,1,1,523,1,531,511,0,0
12.059,11,1,1,1,1,525,1,504,524,0,0
12.06,12,1,1,1,1,508,1,468,523,0,0
12.061,13,1,1,1,1,494,1,500,509,0,0
12.062,14,1,1,1,1,515,1,560,490,0,0
12.063,15,1,1,1,1,517,1,574,491,0,0
12.064,0,1,1,1,1,521,1,561,513,0,0
12.065,1,1,1,1,1,530,1,518,524,0,0
12.066,2,1,1,1,1,513,2,417,531,0,0
12.067,3,1,1,1,1,486,1,361,520,0,0
12.068,4,1,1,1,1,474,1,366,505,0,0
12.069,5,1,1,1,1,463,1,415,481,0,0
12.07,6,1,1,1,1,486,1,482,469,0,0
12.071,7,1,1,1,1,508,1,528,484,0,0
12.072,8,1,1,1,1,528,1,545,506,0,0
12.073,9,1,1,1,1,538,1,543,522,0,0
12.074,10,1,1,1,1,519,2,514,524,0,0
12.075,11,1,1,1,1,496,1,490,499,0,0
12.076,12,1,1,1,1,510,1,493,511,0,0
12.077,13,1,1,1,1,509,1,519,495,0,0
12.078,14,1,1,1,1,490,1,503,538,0,0
12.079,15,1,1,1,1,487,1,496,568,0,0
12.08,0,1,1,1,1,501,1,508,520,0,0
12.081,1,1,1,1,1,512,1,501,519,0,0
12.082,2,1,1,1,1,523,2,512,518,0,0
12.083,3,1,1,1,1,518,1,516,509,0,0
12.084,4,1,1,1,1,506,1,526,502,0,0
12.085,5,1,1,1,1,513,1,542,507,0,0
12.086,6,1,1,1,1,521,1,549,501,0,0
12.087,7,1,1,1,1,526,0,557,503,0,0
12.088,8,1,1,1,1,530,1,557,509,0,0
12.089,9,1,1,1,1,525,1,547,506,0,0
12.09,10,1,1,1,1,522,2,531,504,0,0
12.091,11,1,1,1,1,518,1,527,505,0,0
12.092,12,1,1,1,1,518,1,525,500,0,0
12.093,13,1,1,1,1,518,1,521,503,0,0
12.094,14,1,1,1,1,524,1,515,500,0,0
12.095,15,1,1,1,1,521,0,536,498,0,0
12.096,0,1,1,1,1,522,1,551,501,0,0
12.097,1,1,1,1,1,524,1,548,487,0,0
12.098,2,1,1,1,1,532,2,551,487,0,0
12.099,3,1,1,1,1,544,1,583,496,0,0
12.1,4,1,1,1,1,527,1,555,512,0,0
12.101,5,1,1,1,1,505,1,522,541,0,0
12.102,6,1,1,1,1,503,1,500,535,0,0
12.103,7,1,1,1,1,502,0,460,539,0,0
12.104,8,1,1,1,1,482,1,403,503,0,0
12.105,9,1,1,1,1,475,1,379,488,0,0
12.106,10,1,1,1,1,477,1,389,508,0,0
12.107,11,1,1,1,1,472,1,411,497,0,0
12.108,12,1,1,1,1,471,1,455,503,0,0
12.109,13,1,1,1,1,490,1,500,520,0,0
12.11,14,1,1,1,1,516,1,536,520,0,0
12.111,15,1,1,1,1,526,1,547,507,0,0
12.112,0,1,1,1,1,531,1,562,499,0,0
12.113,1,1,1,1,1,527,1,571,493,0,0
12.114,2,1,1,1,1,527,2,576,490,0,0
12.115,3,1,1,1,1,528,1,589,492,0,0
12.116,4,1,1,1,1,542,1,617,496,0,0
12.117,5,1,1,1,1,560,1,624,505,0,0
12.118,6,1,1,1,1,551,1,588,512,0,0
12.119,7,1,1,1,1,550,1,552,525,0,0
12.12,8,1,1,1,1,521,1,472,550,0,0
12.121,9,1,1,1,1,494,1,390,547,0,0
12.122,10,1,1,1,1,453,1,323,521,0,0
12.123,11,1,1,1,1,451,1,347,498,0,0
12.124,12,1,1,1,1,457,1,401,486,0,0
12.125,13,1,1,1,1,476,1,459,507,0,0
12.126,14,1,1,1,1,497,1,504,516,0,0
12.127,15,1,1,1,1,524,1,545,505,0,0
12.128,0,1,1,1,1,543,1,567,516,0,0
12.129,1,1,1,1,1,533,1,566,500,0,0
12.13,2,1,1,1,1,529,2,564,498,0,0
12.131,3,1,1,1,1,532,1,570,488,0,0
12.132,4,1,1,1,1,534,0,592,476,0,0
12.133,5,1,1,1,1,523,1,563,498,0,0
12.134,6,1,1,1,1,524,1,531,520,0,0
12.135,7,1,1,1,1,506,1,483,511,0,0
12.136,8,1,1,1,1,473,1,416,524,0,0
12.137,9,1,1,1,1,479,1,415,577,0,0
12.138,10,1,1,1,1,474,1,422,588,0,0
12.139,11,1,1,1,1,475,1,439,532,0,0
12.14,12,1,1,1,1,477,0,448,498,0,0
12.141,13,1,1,1,1,495,1,498,481,0,0
12.142,14,1,1,1,1,520,1,559,472,0,0
12.143,15,1,1,1,1,556,1,597,452,0,0
12.144,0,1,1,1,1,551,1,584,456,0,0
12.145,1,1,1,1,1,543,1,568,497,0,0
12.146,2,1,1,1,1,540,2,553,529,0,0
12.147,3,1,1,1,1,528,1,518,523,0,0
12.148,4,1,1,1,1,510,0,487,499,0,0
12.149,5,1,1,1,1,492,1,463,477,0,0
12.15,6,1,1,1,1,491,1,497,471,0,0
12.151,7,1,1,1,1,516,1,562,474,0,0
12.152,8,1,1,1,1,528,1,592,523,0,0
12.153,9,1,1,1,1,541,1,608,589,0,0
12.154,10,1,1,1,1,549,2,592,534,0,0
12.155,11,1,1,1,1,551,1,551,512,0,0
12.156,12,1,1,1,1,519,1,491,510,0,0
12.157,13,1,1,1,1,504,1,455,474,0,0
12.158,14,1,1,1,1,499,1,504,481,0,0
12.159,15,1,1,1,1,485,1,520,535,0,0
12.16,0,1,1,1,1,506,1,505,526,0,0
12.161,1,1,1,1,1,492,1,428,523,0,0
12.162,2,1,1,1,1,467,1,378,529,0,0
12.163,3,1,1,1,1,462,1,377,543,0,0
12.164,4,1,1,1,1,457,1,369,543,0,0
12.165,5,1,1,1,1,443,1,397,528,0,0
12.166,6,1,1,1,1,473,1,468,506,0,0
12.167,7,1,1,1,1,512,1,524,488,0,0
12.168,8,1,1,1,1,529,1,540,495,0,0
12.169,9,1,1,1,1,540,1,558,500,0,0
12.17,10,1,1,1,1,539,1,560,498,0,0
12.171,11,1,1,1,1,537,1,568,503,0,0
12.172,12,1,1,1,1,532,1,551,503,0,0
12.173,13,1,1,1,1,530,1,555,499,0,0
12.174,14,1,1,1,1,531,1,573,504,0,0
12.175,15,1,1,1,1,540,1,595,499,0,0
12.176,0,1,1,1,1,544,1,617,496,0,0
12.177,1,1,1,1,1,550,1,630,495,0,0
12.178,2,1,1,1,1,544,2,614,497,0,0
12.179,3,1,1,1,1,539,1,565,498,0,0
12.18,4,1,1,1,1,520,0,491,505,0,0
12.181,5,1,1,1,1,504,1,430,527,0,0
12.182,6,1,1,1,1,480,1,380,538,0,0
12.183,7,1,1,1,1,457,1,368,535,0,0
12.184,8,1,1,1,1,459,1,401,514,0,0
12.185,9,1,1,1,1,468,1,445,500,0,0
12.186,10,1,1,1,1,492,1,499,496,0,0
12.187,11,1,1,1,1,513,1,532,508,0,0
12.188,12,1,1,1,1,524,0,544,511,0,0
12.189,13,1,1,1,1,526,1,541,505,0,0
12.19,14,1,1,1,1,521,1,537,496,0,0
12.191,15,1,1,1,1,519,1,524,498,0,0
12.192,0,1,1,1,1,515,1,511,512,0,0
12.193,1,1,1,1,1,517,1,513,516,0,0
12.194,2,1,1,1,1,518,2,523,508,0,0
12.195,3,1,1,1,1,520,1,533,505,0,0
12.196,4,1,1,1,1,522,1,536,503,0,0
12.197,5,1,1,1,1,525,1,539,505,0,0
12.198,6,1,1,1,1,523,1,537,505,0,0
12.199,7,1,1,1,1,520,1,524,509,0,0
12.2,8,1,1,1,1,521,1,509,514,0,0
12.201,9,1,1,1,1,509,1,504,511,0,0
12.202,10,1,1,1,1,502,2,511,515,0,0
12.203,11,1,1,1,1,500,1,504,524,0,0
12.204,12,1,1,1,1,495,1,507,508,0,0
12.205,13,1,1,1,1,503,1,507,507,0,0
12.206,14,1,1,1,1,511,1,494,504,0,0
12.207,15,1,1,1,1,512,1,484,494,0,0
12.208,0,1,1,1,1,504,1,485,511,0,0
12.209,1,1,1,1,1,499,1,487,510,0,0
12.21,2,1,1,1,1,504,2,500,504,0,0
12.211,3,1,1,1,1,510,1,513,505,0,0
12.212,4,1,1,1,1,515,1,521,509,0,0
12.213,5,1,1,1,1,515,1,522,511,0,0
12.214,6,1,1,1,1,517,1,514,509,0,0
12.215,7,1,1,1,1,517,1,514,512,0,0
12.216,8,1,1,1,1,519,1,525,507,0,0
12.217,9,1,1,1,1,527,1,541,499,0,0
12.218,10,1,1,1,1,542,2,564,501,0,0
12.219,11,1,1,1,1,548,1,618,497,0,0
12.22,12,1,1,1,1,562,2,684,498,0,0
12.221,13,1,1,1,1,555,1,642,494,0,0
12.222,14,1,1,1,1,541,1,574,503,0,0
12.223,15,1,1,1,1,507,0,466,519,0,0
12.224,0,1,1,1,1,477,1,388,536,0,0
12.225,1,1,1,1,1,462,1,323,538,0,0
12.226,2,1,1,1,1,450,1,311,519,0,0
12.227,3,1,1,1,1,427,1,307,524,0,0
12.228,4,1,1,1,1,432,1,370,514,0,0
12.229,5,1,1,1,1,479,1,440,505,0,0
12.23,6,1,1,1,1,494,1,471,508,0,0
12.231,7,1,1,1,1,504,0,491,504,0,0
12.232,8,1,1,1,1,508,1,519,488,0,0
12.233,9,1,1,1,1,522,1,540,486,0,0
12.234,10,1,1,1,1,527,2,563,502,0,0
12.235,11,1,1,1,1,532,1,572,521,0,0
12.236,12,1,1,1,1,529,1,570,499,0,0
12.237,13,1,1,1,1,527,1,564,494,0,0
12.238,14,1,1,1,1,528,1,555,520,0,0
12.239,15,1,1,1,1,525,1,545,552,0,0
12.24,0,1,1,1,1,525,1,546,518,0,0
12.241,1,1,1,1,1,542,1,571,503,0,0
12.242,2,1,1,1,1,550,2,607,490,0,0
12.243,3,1,1,1,1,552,1,634,480,0,0
12.244,4,1,1,1,1,558,1,670,485,0,0
12.245,5,1,1,1,1,551,1,608,496,0,0
12.246,6,1,1,1,1,532,1,509,510,0,0
12.247,7,1,1,1,1,505,1,436,538,0,0
12.248,8,1,1,1,1,472,1,346,545,0,0
12.249,9,1,1,1,1,432,1,286,545,0,0
12.25,10,1,1,1,1,430,1,332,508,0,0
12.251,11,1,1,1,1,462,1,419,500,0,0
12.252,12,1,1,1,1,484,1,486,502,0,0
12.253,13,1,1,1,1,501,1,512,513,0,0
12.254,14,1,1,1,1,513,1,529,502,0,0
12.255,15,1,1,1,1,523,1,537,503,0,0
12.256,0,1,1,1,1,523,1,538,497,0,0
12.257,1,1,1,1,1,524,1,543,498,0,0
12.258,2,1,1,1,1,524,2,543,502,0,0
12.259,3,1,1,1,1,524,1,538,502,0,0
12.26,4,1,1,1,1,523,1,536,504,0,0
12.261,5,1,1,1,1,522,1,539,504,0,0
12.262,6,1,1,1,1,519,1,533,507,0,0
12.263,7,1,1,1,1,521,1,527,509,0,0
12.264,8,1,1,1,1,522,1,525,513,0,0
12.265,9,1,1,1,1,521,1,524,513,0,0
12.266,10,1,1,1,1,519,1,518,510,0,0
12.267,11,1,1,1,1,516,1,519,510,0,0
12.268,12,1,1,1,1,513,1,512,508,0,0
12.269,13,1,1,1,1,511,1,518,507,0,0
12.27,14,1,1,1,1,512,1,515,508,0,0
12.271,15,1,1,1,1,509,1,513,506,0,0
12.272,0,1,1,1,1,510,1,515,507,0,0
12.273,1,1,1,1,1,511,1,515,505,0,0
12.274,2,1,1,1,1,511,1,513,507,0,0
12.275,3,1,1,1,1,511,1,510,508,0,0
12.276,4,1,1,1,1,509,1,507,509,0,0
12.277,5,1,1,1,1,511,1,508,511,0,0
12.278,6,1,1,1,1,511,1,507,509,0,0
12.279,7,1,1,1,1,511,1,504,510,0,0
12.28,8,1,1,1,1,510,1,502,508,0,0
12.281,9,1,1,1,1,508,1,503,507,0,0
12.282,10,1,1,1,1,510,1,506,509,0,0
12.283,11,1,1,1,1,509,1,506,508,0,0
12.284,12,1,1,1,1,511,1,507,508,0,0
12.285,13,1,1,1,1,508,1,511,506,0,0
12.286,14,1,1,1,1,509,1,512,506,0,0
12.287,15,1,1,1,1,510,1,512,509,0,0
12.288,0,1,1,1,1,511,1,505,511,0,0
12.289,1,1,1,1,1,509,1,513,511,0,0
12.29,2,1,1,1,1,511,2,512,510,0,0
12.291,3,1,1,1,1,515,1,510,508,0,0
12.292,4,1,1,1,1,515,1,507,509,0,0
12.293,5,1,1,1,1,512,1,500,508,0,0
12.294,6,1,1,1,1,509,1,504,504,0,0
12.295,7,1,1,1,1,512,1,505,501,0,0
12.296,8,1,1,1,1,517,1,509,505,0,0
12.297,9,1,1,1,1,513,1,520,511,0,0
12.298,10,1,1,1,1,510,2,527,511,0,0
12.299,11,1,1,1,1,514,1,530,502,0,0
12.3,12,1,1,1,1,519,1,518,504,0,0
12.301,13,1,1,1,1,517,1,519,512,0,0
12.302,14,1,1,1,1,513,1,516,520,0,0
12.303,15,1,1,1,1,503,1,499,516,0,0
12.304,0,1,1,1,1,499,1,503,517,0,0
12.305,1,1,1,1,1,507,1,505,511,0,0
12.306,2,1,1,1,1,506,2,505,510,0,0
12.307,3,1,1,1,1,506,1,507,507,0,0
12.308,4,1,1,1,1,509,1,517,502,0,0
12.309,5,1,1,1,1,513,1,515,505,0,0
12.31,6,1,1,1,1,511,1,518,508,0,0
12.311,7,1,1,1,1,510,0,502,509,0,0
12.312,8,1,1,1,1,511,1,496,508,0,0
12.313,9,1,1,1,1,512,1,500,507,0,0
12.314,10,1,1,1,1,511,2,504,509,0,0
12.315,11,1,1,1,1,510,1,512,509,0,0
12.316,12,1,1,1,1,514,1,514,511,0,0
12.317,13,1,1,1,1,514,1,514,511,0,0
12.318,14,1,1,1,1,516,1,518,508,0,0
12.319,15,1,1,1,1,519,0,521,500,0,0
12.32,0,1,1,1,1,512,1,516,504,0,0
12.321,1,1,1,1,1,510,1,522,505,0,0
12.322,2,1,1,1,1,510,2,513,506,0,0
12.323,3,1,1,1,1,512,1,511,508,0,0
12.324,4,1,1,1,1,514,1,516,512,0,0
12.325,5,1,1,1,1,512,1,511,514,0,0
12.326,6,1,1,1,1,511,1,509,513,0,0
12.327,7,1,1,1,1,506,1,514,508,0,0
12.328,8,1,1,1,1,511,1,511,505,0,0
12.329,9,1,1,1,1,511,1,511,511,0,0
12.33,10,1,1,1,1,511,2,513,510,0,0
12.331,11,1,1,1,1,513,1,519,511,0,0
12.332,12,1,1,1,1,513,1,521,508,0,0
12.333,13,1,1,1,1,509,1,523,506,0,0
12.334,14,1,1,1,1,511,1,522,505,0,0
12.335,15,1,1,1,1,512,1,526,504,0,0
12.336,0,1,1,1,1,515,1,519,504,0,0
12.337,1,1,1,1,1,517,1,516,505,0,0
12.338,2,1,1,1,1,517,2,520,505,0,0
12.339,3,1,1,1,1,514,1,522,504,0,0
12.34,4,1,1,1,1,509,1,521,504,0,0
12.341,5,1,1,1,1,509,1,520,513,0,0
12.342,6,1,1,1,1,513,1,524,519,0,0
12.343,7,1,1,1,1,507,1,517,514,0,0
12.344,8,1,1,1,1,503,1,517,513,0,0
12.345,9,1,1,1,1,502,1,525,521,0,0
12.346,10,1,1,1,1,499,2,525,520,0,0
12.347,11,1,1,1,1,507,1,544,516,0,0
12.348,12,1,1,1,1,507,1,542,508,0,0
12.349,13,1,1,1,1,513,1,541,512,0,0
12.35,14,1,1,1,1,518,1,542,503,0,0
12.351,15,1,1,1,1,530,1,539,502,0,0
12.352,0,1,1,1,1,531,1,539,497,0,0
12.353,1,1,1,1,1,530,1,547,487,0,0
12.354,2,1,1,1,1,521,2,544,500,0,0
12.355,3,1,1,1,1,504,1,541,505,0,0
12.356,4,1,1,1,1,507,0,532,509,0,0
12.357,5,1,1,1,1,510,1,521,513,0,0
12.358,6,1,1,1,1,499,1,519,511,0,0
12.359,7,1,1,1,1,506,1,524,514,0,0
12.36,8,1,1,1,1,512,1,512,508,0,0
12.361,9,1,1,1,1,511,1,502,504,0,0
12.362,10,1,1,1,1,508,2,498,505,0,0
12.363,11,1,1,1,1,509,1,504,506,0,0
12.364,12,1,1,1,1,512,0,495,508,0,0
12.365,13,1,1,1,1,510,1,494,510,0,0
12.366,14,1,1,1,1,509,1,497,508,0,0
12.367,15,1,1,1,1,510,1,502,503,0,0
12.368,0,1,1,1,1,514,1,506,507,0,0
12.369,1,1,1,1,1,516,1,500,502,0,0
12.37,2,1,1,1,1,518,2,496,500,0,0
12.371,3,1,1,1,1,518,1,489,503,0,0
12.372,4,1,1,1,1,517,1,496,504,0,0
12.373,5,1,1,1,1,511,1,493,511,0,0
12.374,6,1,1,1,1,505,1,488,528,0,0
12.375,7,1,1,1,1,502,1,492,524,0,0
12.376,8,1,1,1,1,504,1,494,518,0,0
12.377,9,1,1,1,1,508,1,496,511,0,0
12.378,10,1,1,1,1,504,1,499,507,0,0
12.379,11,1,1,1,1,504,1,497,507,0,0
12.38,12,1,1,1,1,509,1,495,508,0,0
12.381,13,1,1,1,1,514,1,500,507,0,0
12.382,14,1,1,1,1,513,1,504,507,0,0
12.383,15,1,1,1,1,514,1,497,508,0,0
12.384,0,1,1,1,1,512,1,492,508,0,0
12.385,1,1,1,1,1,509,1,496,508,0,0
12.386,2,1,1,1,1,514,1,505,508,0,0
12.387,3,1,1,1,1,515,1,512,509,0,0
12.388,4,1,1,1,1,511,1,508,508,0,0
12.389,5,1,1,1,1,514,1,503,510,0,0
12.39,6,1,1,1,1,514,1,498,507,0,0
12.391,7,1,1,1,1,512,1,500,506,0,0
12.392,8,1,1,1,1,513,1,497,511,0,0
12.393,9,1,1,1,1,512,1,501,509,0,0
12.394,10,1,1,1,1,512,2,496,507,0,0
12.395,11,1,1,1,1,512,1,501,506,0,0
12.396,12,1,1,1,1,511,0,506,508,0,0
12.397,13,1,1,1,1,511,1,497,509,0,0
12.398,14,1,1,1,1,514,1,497,508,0,0
12.399,15,1,1,1,1,512,1,504,507,0,0
12.4,0,1,1,1,1,511,1,504,509,0,0
12.401,1,1,1,1,1,511,1,506,509,0,0
12.402,2,1,1,1,1,511,2,511,508,0,0
12.403,3,1,1,1,1,511,1,513,508,0,0
12.404,4,1,1,1,1,513,0,513,509,0,0
12.405,5,1,1,1,1,511,1,524,508,0,0
12.406,6,1,1,1,1,512,1,534,510,0,0
12.407,7,1,1,1,1,511,1,538,508,0,0
12.408,8,1,1,1,1,510,1,534,508,0,0
12.409,9,1,1,1,1,512,1,524,510,0,0
12.41,10,1,1,1,1,514,2,515,510,0,0
12.411,11,1,1,1,1,510,1,514,508,0,0
12.412,12,1,1,1,1,513,0,513,510,0,0
12.413,13,1,1,1,1,512,1,521,507,0,0
12.414,14,1,1,1,1,512,1,513,509,0,0
12.415,15,1,1,1,1,511,1,511,507,0,0
12.416,0,1,1,1,1,511,1,519,509,0,0
12.417,1,1,1,1,1,513,1,515,508,0,0
12.418,2,1,1,1,1,511,2,524,509,0,0
12.419,3,1,1,1,1,511,1,523,508,0,0
12.42,4,1,1,1,1,510,1,508,509,0,0
12.421,5,1,1,1,1,511,1,504,507,0,0
12.422,6,1,1,1,1,512,1,510,508,0,0
12.423,7,1,1,1,1,512,1,507,508,0,0
12.424,8,1,1,1,1,511,1,499,507,0,0
12.425,9,1,1,1,1,511,1,499,507,0,0
12.426,10,1,1,1,1,513,2,502,509,0,0
12.427,11,1,1,1,1,513,1,499,511,0,0
12.428,12,1,1,1,1,512,1,499,509,0,0
12.429,13,1,1,1,1,512,1,504,508,0,0
12.43,14,1,1,1,1,511,1,504,509,0,0
12.431,15,1,1,1,1,510,1,505,507,0,0
12.432,0,1,1,1,1,509,1,506,510,0,0
12.433,1,1,1,1,1,510,1,503,510,0,0
12.434,2,1,1,1,1,510,2,499,508,0,0
12.435,3,1,1,1,1,510,1,496,507,0,0
12.436,4,1,1,1,1,514,1,497,505,0,0
12.437,5,1,1,1,1,512,1,493,507,0,0
12.438,6,1,1,1,1,512,1,492,505,0,0
12.439,7,1,1,1,1,511,0,499,508,0,0
12.44,8,1,1,1,1,509,1,502,510,0,0
12.441,9,1,1,1,1,509,1,496,512,0,0
12.442,10,1,1,1,1,511,2,489,513,0,0
12.443,11,1,1,1,1,510,1,494,511,0,0
12.444,12,1,1,1,1,511,1,505,511,0,0
12.445,13,1,1,1,1,512,1,497,506,0,0
12.446,14,1,1,1,1,510,1,492,505,0,0
12.447,15,1,1,1,1,510,0,497,504,0,0
12.448,0,1,1,1,1,508,1,500,501,0,0
12.449,1,1,1,1,1,509,1,500,505,0,0
12.45,2,1,1,1,1,512,2,502,507,0,0
12.451,3,1,1,1,1,512,1,508,510,0,0
12.452,4,1,1,1,1,512,1,501,510,0,0
12.453,5,1,1,1,1,512,1,503,509,0,0
12.454,6,1,1,1,1,513,1,511,510,0,0
12.455,7,1,1,1,1,513,0,505,510,0,0
12.456,8,1,1,1,1,513,1,497,511,0,0
12.457,9,1,1,1,1,512,1,493,510,0,0
12.458,10,1,1,1,1,511,2,501,509,0,0
12.459,11,1,1,1,1,512,1,509,509,0,0
12.46,12,1,1,1,1,513,1,519,507,0,0
12.461,13,1,1,1,1,512,1,522,505,0,0
12.462,14,1,1,1,1,512,1,527,506,0,0
12.463,15,1,1,1,1,512,1,524,508,0,0
12.464,0,1,1,1,1,511,1,522,507,0,0
12.465,1,1,1,1,1,513,1,516,509,0,0
12.466,2,1,1,1,1,511,2,518,507,0,0
12.467,3,1,1,1,1,512,1,518,509,0,0
12.468,4,1,1,1,1,512,1,525,516,0,0
12.469,5,1,1,1,1,511,1,516,511,0,0
12.47,6,1,1,1,1,509,1,503,510,0,0
12.471,7,1,1,1,1,511,1,500,508,0,0
12.472,8,1,1,1,1,510,1,500,507,0,0
12.473,9,1,1,1,1,511,1,499,505,0,0
12.474,10,1,1,1,1,510,2,496,505,0,0
12.475,11,1,1,1,1,510,1,501,507,0,0
12.476,12,1,1,1,1,512,1,507,507,0,0
12.477,13,1,1,1,1,512,1,515,508,0,0
12.478,14,1,1,1,1,512,1,521,508,0,0
12.479,15,1,1,1,1,512,1,511,507,0,0
12.48,0,1,1,1,1,513,1,511,506,0,0
12.481,1,1,1,1,1,512,1,502,509,0,0
12.482,2,1,1,1,1,511,1,506,518,0,0
12.483,3,1,1,1,1,511,1,510,516,0,0
12.484,4,1,1,1,1,512,1,509,508,0,0
12.485,5,1,1,1,1,510,1,509,507,0,0
12.486,6,1,1,1,1,510,1,512,506,0,0
12.487,7,1,1,1,1,511,1,516,506,0,0
12.488,8,1,1,1,1,512,1,521,508,0,0
12.489,9,1,1,1,1,510,1,524,506,0,0
12.49,10,1,1,1,1,511,1,523,507,0,0
12.491,11,1,1,1,1,513,1,520,510,0,0
12.492,12,1,1,1,1,513,1,513,509,0,0
12.493,13,1,1,1,1,513,1,514,510,0,0
12.494,14,1,1,1,1,512,1,512,510,0,0
12.495,15,1,1,1,1,511,1,517,507,0,0
12.496,0,1,1,1,1,511,1,526,508,0,0
12.497,1,1,1,1,1,511,1,513,508,0,0
12.498,2,1,1,1,1,511,1,517,508,0,0
12.499,3,1,1,1,1,511,1,519,507,0,0
12.5,4,1,1,1,1,512,1,521,507,0,0
12.501,5,1,1,1,1,512,1,516,509,0,0
12.502,6,1,1,1,1,512,1,516,508,0,0
12.503,7,1,1,1,1,514,1,518,507,0,0
12.504,8,1,1,1,1,512,1,525,509,0,0
12.505,9,1,1,1,1,512,1,520,508,0,0
12.506,10,1,1,1,1,509,2,519,508,0,0
12.507,11,1,1,1,1,512,1,516,509,0,0
12.508,12,1,1,1,1,510,1,515,508,0,0
12.509,13,1,1,1,1,512,1,511,507,0,0
12.51,14,1,1,1,1,511,1,515,507,0,0
12.511,15,1,1,1,1,511,1,512,508,0,0
12.512,0,1,1,1,1,513,1,517,510,0,0
12.513,1,1,1,1,1,511,1,512,508,0,0
12.514,2,1,1,1,1,512,2,504,509,0,0
12.515,3,1,1,1,1,512,1,505,509,0,0
12.516,4,1,1,1,1,511,1,502,508,0,0
12.517,5,1,1,1,1,511,1,504,507,0,0
12.518,6,1,1,1,1,511,1,511,507,0,0
12.519,7,1,1,1,1,510,1,518,507,0,0
12.52,8,1,1,1,1,511,1,521,509,0,0
12.521,9,1,1,1,1,512,1,519,509,0,0
12.522,10,1,1,1,1,508,2,515,509,0,0
12.523,11,1,1,1,1,510,1,515,508,0,0
12.524,12,1,1,1,1,513,1,505,508,0,0
12.525,13,1,1,1,1,512,1,504,508,0,0
12.526,14,1,1,1,1,510,1,503,510,0,0
12.527,15,1,1,1,1,511,0,497,509,0,0
12.528,0,1,1,1,1,512,1,504,509,0,0
12.529,1,1,1,1,1,512,1,507,508,0,0
12.53,2,1,1,1,1,511,2,502,507,0,0
12.531,3,1,1,1,1,511,1,504,505,0,0
12.532,4,1,1,1,1,511,1,507,509,0,0
12.533,5,1,1,1,1,512,1,519,511,0,0
12.534,6,1,1,1,1,512,1,519,509,0,0
12.535,7,1,1,1,1,509,0,512,509,0,0
12.536,8,1,1,1,1,513,1,515,508,0,0
12.537,9,1,1,1,1,513,1,507,506,0,0
12.538,10,1,1,1,1,513,2,500,509,0,0
12.539,11,1,1,1,1,513,1,500,509,0,0
12.54,12,1,1,1,1,513,1,505,508,0,0
12.541,13,1,1,1,1,510,1,507,509,0,0
12.542,14,1,1,1,1,510,1,513,508,0,0
12.543,15,1,1,1,1,511,0,513,508,0,0
12.544,0,1,1,1,1,512,1,509,508,0,0
12.545,1,1,1,1,1,513,1,510,508,0,0
12.546,2,1,1,1,1,511,2,514,510,0,0
12.547,3,1,1,1,1,512,1,517,508,0,0
12.548,4,1,1,1,1,511,1,517,508,0,0
12.549,5,1,1,1,1,510,1,513,508,0,0
12.55,6,1,1,1,1,512,1,519,508,0,0
12.551,7,1,1,1,1,511,1,524,507,0,0
12.552,8,1,1,1,1,511,1,529,509,0,0
12.553,9,1,1,1,1,511,1,517,509,0,0
12.554,10,1,1,1,1,512,2,516,509,0,0
12.555,11,1,1,1,1,511,1,513,507,0,0
12.556,12,1,1,1,1,512,1,505,509,0,0
12.557,13,1,1,1,1,510,1,509,507,0,0
12.558,14,1,1,1,1,510,1,514,508,0,0
12.559,15,1,1,1,1,512,1,510,508,0,0
12.56,0,1,1,1,1,511,1,510,509,0,0
12.561,1,1,1,1,1,511,1,519,510,0,0
12.562,2,1,1,1,1,513,2,520,509,0,0
12.563,3,1,1,1,1,510,1,519,510,0,0
12.564,4,1,1,1,1,511,1,513,508,0,0
12.565,5,1,1,1,1,512,1,511,509,0,0
12.566,6,1,1,1,1,511,1,513,508,0,0
12.567,7,1,1,1,1,513,1,520,510,0,0
12.568,8,1,1,1,1,512,1,518,509,0,0
12.569,9,1,1,1,1,511,1,519,510,0,0
12.57,10,1,1,1,1,512,2,509,510,0,0
12.571,11,1,1,1,1,511,1,513,507,0,0
12.572,12,1,1,1,1,512,0,510,511,0,0
12.573,13,1,1,1,1,514,1,516,505,0,0
12.574,14,1,1,1,1,511,1,522,507,0,0
12.575,15,1,1,1,1,510,1,518,507,0,0
12.576,0,1,1,1,1,509,1,510,508,0,0
12.577,1,1,1,1,1,511,1,510,507,0,0
12.578,2,1,1,1,1,512,2,516,507,0,0
12.579,3,1,1,1,1,512,1,513,508,0,0
12.58,4,1,1,1,1,511,0,515,508,0,0
12.581,5,1,1,1,1,511,1,519,510,0,0
12.582,6,1,1,1,1,511,1,512,510,0,0
12.583,7,1,1,1,1,511,1,512,509,0,0
12.584,8,1,1,1,1,512,1,514,509,0,0
12.585,9,1,1,1,1,512,1,524,508,0,0
12.586,10,1,1,1,1,512,2,523,508,0,0
12.587,11,1,1,1,1,510,1,516,506,0,0
12.588,12,1,1,1,1,509,0,509,507,0,0
12.589,13,1,1,1,1,511,1,502,507,0,0
12.59,14,1,1,1,1,511,1,509,508,0,0
12.591,15,1,1,1,1,510,1,510,510,0,0
12.592,0,1,1,1,1,512,1,518,509,0,0
12.593,1,1,1,1,1,513,1,519,513,0,0
12.594,2,1,1,1,1,513,1,514,511,0,0
12.595,3,1,1,1,1,513,1,511,509,0,0
12.596,4,1,1,1,1,512,1,525,507,0,0
12.597,5,1,1,1,1,512,1,522,507,0,0
12.598,6,1,1,1,1,513,1,521,508,0,0
12.599,7,1,1,1,1,512,1,513,508,0,0
12.6,8,1,1,1,1,511,1,508,510,0,0
12.601,9,1,1,1,1,512,1,509,508,0,0
12.602,10,1,1,1,1,512,1,515,510,0,0
12.603,11,1,1,1,1,512,1,511,508,0,0
12.604,12,1,1,1,1,510,1,517,506,0,0
12.605,13,1,1,1,1,509,1,516,505,0,0
12.606,14,1,1,1,1,510,1,513,508,0,0
12.607,15,1,1,1,1,510,1,511,510,0,0
12.608,0,1,1,1,1,510,1,514,510,0,0
12.609,1,1,1,1,1,511,1,506,512,0,0
12.61,2,1,1,1,1,511,1,506,510,0,0
12.611,3,1,1,1,1,513,1,511,507,0,0
12.612,4,1,1,1,1,513,0,522,510,0,0
12.613,5,1,1,1,1,511,1,527,510,0,0
12.614,6,1,1,1,1,512,1,516,509,0,0
12.615,7,1,1,1,1,515,1,523,505,0,0
12.616,8,1,1,1,1,512,1,522,505,0,0
12.617,9,1,1,1,1,512,1,517,506,0,0
12.618,10,1,1,1,1,510,2,524,505,0,0
12.619,11,1,1,1,1,509,1,518,506,0,0
12.62,12,1,1,1,1,512,0,522,508,0,0
12.621,13,1,1,1,1,509,1,519,509,0,0
12.622,14,1,1,1,1,510,1,523,510,0,0
12.623,15,1,1,1,1,513,1,527,508,0,0
12.624,0,1,1,1,1,511,1,528,508,0,0
12.625,1,1,1,1,1,512,1,521,511,0,0
12.626,2,1,1,1,1,510,2,518,511,0,0
12.627,3,1,1,1,1,512,1,520,508,0,0
12.628,4,1,1,1,1,513,0,516,511,0,0
12.629,5,1,1,1,1,511,1,515,510,0,0
12.63,6,1,1,1,1,512,1,512,509,0,0
12.631,7,1,1,1,1,512,1,515,507,0,0
12.632,8,1,1,1,1,509,1,518,506,0,0
12.633,9,1,1,1,1,512,1,523,509,0,0
12.634,10,1,1,1,1,512,2,529,508,0,0
12.635,11,1,1,1,1,511,1,527,507,0,0
12.636,12,1,1,1,1,510,1,523,507,0,0
12.637,13,1,1,1,1,512,1,527,507,0,0
12.638,14,1,1,1,1,513,1,528,507,0,0
12.639,15,1,1,1,1,512,1,521,506,0,0
12.64,0,1,1,1,1,513,1,520,506,0,0
12.641,1,1,1,1,1,513,1,514,509,0,0
12.642,2,1,1,1,1,511,2,514,510,0,0
12.643,3,1,1,1,1,512,1,512,512,0,0
12.644,4,1,1,1,1,511,1,515,511,0,0
12.645,5,1,1,1,1,508,1,510,508,0,0
12.646,6,1,1,1,1,510,1,517,506,0,0
12.647,7,1,1,1,1,512,1,524,508,0,0
12.648,8,1,1,1,1,511,1,540,509,0,0
12.649,9,1,1,1,1,512,1,543,508,0,0
12.65,10,1,1,1,1,509,2,537,508,0,0
12.651,11,1,1,1,1,511,1,532,507,0,0
12.652,12,1,1,1,1,511,1,522,508,0,0
12.653,13,1,1,1,1,513,1,521,509,0,0
12.654,14,1,1,1,1,513,1,513,510,0,0
12.655,15,1,1,1,1,512,0,519,510,0,0
12.656,0,1,1,1,1,512,1,520,510,0,0
12.657,1,1,1,1,1,509,1,519,508,0,0
12.658,2,1,1,1,1,512,2,526,510,0,0
12.659,3,1,1,1,1,513,1,526,508,0,0
12.66,4,1,1,1,1,512,1,532,508,0,0
12.661,5,1,1,1,1,512,1,530,508,0,0
12.662,6,1,1,1,1,511,1,528,509,0,0
12.663,7,1,1,1,1,511,0,524,508,0,0
12.664,8,1,1,1,1,511,1,522,508,0,0
12.665,9,1,1,1,1,512,1,516,508,0,0
12.666,10,1,1,1,1,511,2,503,509,0,0
12.667,11,1,1,1,1,512,1,492,508,0,0
12.668,12,1,1,1,1,512,1,486,508,0,0
12.669,13,1,1,1,1,512,1,490,507,0,0
12.67,14,1,1,1,1,511,1,489,508,0,0
12.671,15,1,1,1,1,511,0,497,510,0,0
12.672,0,1,1,1,1,511,1,501,509,0,0
12.673,1,1,1,1,1,512,1,502,509,0,0
12.674,2,1,1,1,1,511,2,513,510,0,0
12.675,3,1,1,1,1,511,1,512,510,0,0
12.676,4,1,1,1,1,511,1,518,508,0,0
12.677,5,1,1,1,1,512,1,522,507,0,0
12.678,6,1,1,1,1,511,1,523,507,0,0
12.679,7,1,1,1,1,513,1,518,510,0,0
12.68,8,1,1,1,1,513,1,542,510,0,0
12.681,9,1,1,1,1,512,1,571,508,0,0
12.682,10,1,1,1,1,512,2,592,507,0,0
12.683,11,1,1,1,1,511,1,600,507,0,0
12.684,12,1,1,1,1,511,1,604,507,0,0
12.685,13,1,1,1,1,513,1,587,508,0,0
12.686,14,1,1,1,1,511,1,581,509,0,0
12.687,15,1,1,1,1,512,1,570,508,0,0
12.688,0,1,1,1,1,513,1,570,510,0,0
12.689,1,1,1,1,1,512,1,570,513,0,0
12.69,2,1,1,1,1,510,2,568,509,0,0
12.691,3,1,1,1,1,510,1,566,508,0,0
12.692,4,1,1,1,1,510,1,560,506,0,0
12.693,5,1,1,1,1,509,1,556,508,0,0
12.694,6,1,1,1,1,510,1,550,507,0,0
12.695,7,1,1,1,1,510,1,543,507,0,0
12.696,8,1,1,1,1,511,1,531,506,0,0
12.697,9,1,1,1,1,510,1,525,508,0,0
12.698,10,1,1,1,1,512,1,528,508,0,0
12.699,11,1,1,1,1,512,1,523,510,0,0
12.7,12,1,1,1,1,512,1,508,512,0,0
12.701,13,1,1,1,1,511,1,503,510,0,0
12.702,14,1,1,1,1,512,1,500,509,0,0
12.703,15,1,1,1,1,513,1,486,507,0,0
12.704,0,1,1,1,1,512,1,481,508,0,0
12.705,1,1,1,1,1,515,1,476,508,0,0
12.706,2,1,1,1,1,514,1,468,508,0,0
12.707,3,1,1,1,1,512,1,462,507,0,0
12.708,4,1,1,1,1,513,1,446,509,0,0
12.709,5,1,1,1,1,512,1,434,510,0,0
12.71,6,1,1,1,1,510,1,436,510,0,0
12.711,7,1,1,1,1,510,1,437,506,0,0
12.712,8,1,1,1,1,510,1,423,507,0,0
12.713,9,1,1,1,1,509,1,427,510,0,0
12.714,10,1,1,1,1,510,1,433,510,0,0
12.715,11,1,1,1,1,509,1,439,508,0,0
12.716,12,1,1,1,1,511,1,434,510,0,0
12.717,13,1,1,1,1,511,1,452,507,0,0
12.718,14,1,1,1,1,513,1,455,506,0,0
12.719,15,1,1,1,1,512,1,450,506,0,0
12.72,0,1,1,1,1,511,1,459,508,0,0
12.721,1,1,1,1,1,512,1,457,507,0,0
12.722,2,1,1,1,1,513,2,457,509,0,0
12.723,3,1,1,1,1,514,1,468,506,0,0
12.724,4,1,1,1,1,511,1,476,507,0,0
12.725,5,1,1,1,1,510,1,473,508,0,0
12.726,6,1,1,1,1,510,1,473,506,0,0
12.727,7,1,1,1,1,511,1,476,510,0,0
12.728,8,1,1,1,1,511,1,481,511,0,0
12.729,9,1,1,1,1,512,1,488,511,0,0
12.73,10,1,1,1,1,515,2,482,511,0,0
12.731,11,1,1,1,1,515,1,479,512,0,0
12.732,12,1,1,1,1,510,1,479,509,0,0
12.733,13,1,1,1,1,510,1,481,507,0,0
12.734,14,1,1,1,1,511,1,489,507,0,0
12.735,15,1,1,1,1,511,1,494,506,0,0
12.736,0,1,1,1,1,512,1,500,509,0,0
12.737,1,1,1,1,1,510,1,499,509,0,0
12.738,2,1,1,1,1,511,2,493,510,0,0
12.739,3,1,1,1,1,510,1,501,506,0,0
12.74,4,1,1,1,1,512,1,503,507,0,0
12.741,5,1,1,1,1,512,1,510,509,0,0
12.742,6,1,1,1,1,511,1,512,507,0,0
12.743,7,1,1,1,1,511,0,515,508,0,0
12.744,8,1,1,1,1,512,1,506,509,0,0
12.745,9,1,1,1,1,510,1,504,505,0,0
12.746,10,1,1,1,1,511,2,504,510,0,0
12.747,11,1,1,1,1,512,1,503,508,0,0
12.748,12,1,1,1,1,513,1,504,508,0,0
12.749,13,1,1,1,1,512,1,506,508,0,0
12.75,14,1,1,1,1,515,1,512,508,0,0
12.751,15,1,1,1,1,514,0,516,508,0,0
12.752,0,1,1,1,1,511,1,512,508,0,0
12.753,1,1,1,1,1,510,1,502,508,0,0
12.754,2,1,1,1,1,510,2,491,508,0,0
12.755,3,1,1,1,1,511,1,492,508,0,0
12.756,4,1,1,1,1,512,1,499,509,0,0
12.757,5,1,1,1,1,511,1,504,509,0,0
12.758,6,1,1,1,1,513,1,499,509,0,0
12.759,7,1,1,1,1,513,0,504,508,0,0
12.76,8,1,1,1,1,512,1,503,510,0,0
12.761,9,1,1,1,1,512,1,507,507,0,0
12.762,10,1,1,1,1,511,2,509,507,0,0
12.763,11,1,1,1,1,510,1,512,508,0,0
12.764,12,1,1,1,1,512,1,515,509,0,0
12.765,13,1,1,1,1,512,1,512,510,0,0
12.766,14,1,1,1,1,511,1,507,509,0,0
12.767,15,1,1,1,1,510,1,507,510,0,0
12.768,0,1,1,1,1,512,1,503,510,0,0
12.769,1,1,1,1,1,513,1,498,511,0,0
12.77,2,1,1,1,1,510,2,499,510,0,0
12.771,3,1,1,1,1,511,1,507,506,0,0
12.772,4,1,1,1,1,511,1,511,506,0,0
12.773,5,1,1,1,1,512,1,518,507,0,0
12.774,6,1,1,1,1,512,1,526,508,0,0
12.775,7,1,1,1,1,513,1,522,508,0,0
12.776,8,1,1,1,1,513,1,512,509,0,0
12.777,9,1,1,1,1,511,1,508,509,0,0
12.778,10,1,1,1,1,512,2,512,509,0,0
12.779,11,1,1,1,1,511,1,513,505,0,0
12.78,12,1,1,1,1,511,1,521,507,0,0
12.781,13,1,1,1,1,512,1,521,506,0,0
12.782,14,1,1,1,1,510,1,517,510,0,0
12.783,15,1,1,1,1,511,1,520,510,0,0
12.784,0,1,1,1,1,510,1,523,509,0,0
12.785,1,1,1,1,1,511,1,521,509,0,0
12.786,2,1,1,1,1,511,2,520,513,0,0
12.787,3,1,1,1,1,512,1,514,510,0,0
12.788,4,1,1,1,1,511,0,511,509,0,0
12.789,5,1,1,1,1,512,1,510,507,0,0
12.79,6,1,1,1,1,510,1,512,503,0,0
12.791,7,1,1,1,1,512,1,505,506,0,0
12.792,8,1,1,1,1,512,1,505,508,0,0
12.793,9,1,1,1,1,512,1,501,510,0,0
12.794,10,1,1,1,1,510,2,507,510,0,0
12.795,11,1,1,1,1,511,1,506,510,0,0
12.796,12,1,1,1,1,512,0,509,508,0,0
12.797,13,1,1,1,1,513,1,500,508,0,0
12.798,14,1,1,1,1,511,1,507,508,0,0
12.799,15,1,1,1,1,510,1,509,508,0,0
12.8,0,1,1,1,1,512,1,514,508,0,0
12.801,1,1,1,1,1,511,1,516,511,0,0
12.802,2,1,1,1,1,511,2,506,510,0,0
12.803,3,1,1,1,1,512,1,504,508,0,0
12.804,4,1,1,1,1,512,0,506,508,0,0
12.805,5,1,1,1,1,511,1,511,507,0,0
12.806,6,1,1,1,1,514,1,507,511,0,0
12.807,7,1,1,1,1,511,1,510,511,0,0
12.808,8,1,1,1,1,511,1,511,510,0,0
12.809,9,1,1,1,1,513,1,496,507,0,0
12.81,10,1,1,1,1,511,1,496,509,0,0
12.811,11,1,1,1,1,510,1,500,510,0,0
12.812,12,1,1,1,1,510,1,502,509,0,0
12.813,13,1,1,1,1,511,1,496,508,0,0
12.814,14,1,1,1,1,512,1,497,510,0,0
12.815,15,1,1,1,1,513,1,512,507,0,0
12.816,0,1,1,1,1,511,1,516,505,0,0
12.817,1,1,1,1,1,511,1,509,509,0,0
12.818,2,1,1,1,1,512,1,521,508,0,0
12.819,3,1,1,1,1,511,1,515,507,0,0
12.82,4,1,1,1,1,512,1,513,506,0,0
12.821,5,1,1,1,1,512,1,518,507,0,0
12.822,6,1,1,1,1,511,1,519,508,0,0
12.823,7,1,1,1,1,511,1,515,509,0,0
12.824,8,1,1,1,1,510,1,514,510,0,0
12.825,9,1,1,1,1,513,1,505,509,0,0
12.826,10,1,1,1,1,510,1,508,508,0,0
12.827,11,1,1,1,1,511,1,505,508,0,0
12.828,12,1,1,1,1,512,1,516,510,0,0
12.829,13,1,1,1,1,510,1,511,508,0,0
12.83,14,1,1,1,1,511,1,509,509,0,0
12.831,15,1,1,1,1,510,1,508,508,0,0
12.832,0,1,1,1,1,512,1,504,508,0,0
12.833,1,1,1,1,1,510,1,507,508,0,0
12.834,2,1,1,1,1,512,2,499,508,0,0
12.835,3,1,1,1,1,511,1,500,508,0,0
12.836,4,1,1,1,1,512,0,504,508,0,0
12.837,5,1,1,1,1,514,1,505,508,0,0
12.838,6,1,1,1,1,512,1,495,509,0,0
12.839,7,1,1,1,1,513,1,499,510,0,0
12.84,8,1,1,1,1,513,1,498,510,0,0
12.841,9,1,1,1,1,511,1,497,509,0,0
12.842,10,1,1,1,1,510,2,499,505,0,0
12.843,11,1,1,1,1,511,1,500,508,0,0
12.844,12,1,1,1,1,513,0,502,509,0,0
12.845,13,1,1,1,1,511,1,502,509,0,0
12.846,14,1,1,1,1,510,1,496,509,0,0
12.847,15,1,1,1,1,512,1,497,507,0,0
12.848,0,1,1,1,1,515,1,513,510,0,0
12.849,1,1,1,1,1,512,1,516,508,0,0
12.85,2,1,1,1,1,510,2,515,508,0,0
12.851,3,1,1,1,1,511,1,520,509,0,0
12.852,4,1,1,1,1,511,1,517,506,0,0
12.853,5,1,1,1,1,511,1,521,507,0,0
12.854,6,1,1,1,1,511,1,523,508,0,0
12.855,7,1,1,1,1,512,1,509,508,0,0
12.856,8,1,1,1,1,515,1,503,507,0,0
12.857,9,1,1,1,1,512,1,506,508,0,0
12.858,10,1,1,1,1,512,2,511,509,0,0
12.859,11,1,1,1,1,511,1,509,509,0,0
12.86,12,1,1,1,1,510,1,512,507,0,0
12.861,13,1,1,1,1,510,1,509,508,0,0
12.862,14,1,1,1,1,512,1,513,510,0,0
12.863,15,1,1,1,1,510,1,515,510,0,0
12.864,0,1,1,1,1,511,1,518,509,0,0
12.865,1,1,1,1,1,510,1,510,509,0,0
12.866,2,1,1,1,1,509,2,505,508,0,0
12.867,3,1,1,1,1,510,1,515,508,0,0
12.868,4,1,1,1,1,507,1,519,507,0,0
12.869,5,1,1,1,1,511,1,512,508,0,0
12.87,6,1,1,1,1,513,1,508,508,0,0
12.871,7,1,1,1,1,513,1,516,510,0,0
12.872,8,1,1,1,1,514,1,519,511,0,0
12.873,9,1,1,1,1,514,1,519,511,0,0
12.874,10,1,1,1,1,512,2,515,506,0,0
12.875,11,1,1,1,1,510,1,518,506,0,0
12.876,12,1,1,1,1,510,1,515,509,0,0
12.877,13,1,1,1,1,512,1,512,508,0,0
12.878,14,1,1,1,1,510,1,504,509,0,0
12.879,15,1,1,1,1,512,0,506,507,0,0
12.88,0,1,1,1,1,511,1,504,510,0,0
12.881,1,1,1,1,1,511,1,504,509,0,0
12.882,2,1,1,1,1,510,2,507,509,0,0
12.883,3,1,1,1,1,511,1,511,508,0,0
12.884,4,1,1,1,1,512,1,507,508,0,0
12.885,5,1,1,1,1,513,1,502,507,0,0
12.886,6,1,1,1,1,511,1,503,507,0,0
12.887,7,1,1,1,1,510,0,505,509,0,0
12.888,8,1,1,1,1,510,1,504,507,0,0
12.889,9,1,1,1,1,513,1,506,507,0,0
12.89,10,1,1,1,1,513,2,506,510,0,0
12.891,11,1,1,1,1,512,1,505,510,0,0
12.892,12,1,1,1,1,511,1,510,509,0,0
12.893,13,1,1,1,1,510,1,514,509,0,0
12.894,14,1,1,1,1,512,1,509,510,0,0
12.895,15,1,1,1,1,512,1,508,509,0,0
12.896,0,1,1,1,1,511,1,506,507,0,0
12.897,1,1,1,1,1,512,1,502,507,0,0
12.898,2,1,1,1,1,515,2,507,508,0,0
12.899,3,1,1,1,1,511,1,509,508,0,0
12.9,4,1,1,1,1,510,1,508,508,0,0
12.901,5,1,1,1,1,512,1,515,507,0,0
12.902,6,1,1,1,1,511,1,516,507,0,0
12.903,7,1,1,1,1,512,1,516,508,0,0
12.904,8,1,1,1,1,512,1,516,508,0,0
12.905,9,1,1,1,1,511,1,511,509,0,0
12.906,10,1,1,1,1,512,2,508,507,0,0
12.907,11,1,1,1,1,512,1,507,509,0,0
12.908,12,1,1,1,1,512,1,501,512,0,0
12.909,13,1,1,1,1,512,1,507,508,0,0
12.91,14,1,1,1,1,513,1,512,506,0,0
12.911,15,1,1,1,1,510,1,508,508,0,0
12.912,0,1,1,1,1,512,1,508,510,0,0
12.913,1,1,1,1,1,512,1,502,507,0,0
12.914,2,1,1,1,1,511,2,499,510,0,0
12.915,3,1,1,1,1,511,1,496,509,0,0
12.916,4,1,1,1,1,511,1,505,509,0,0
12.917,5,1,1,1,1,512,1,503,512,0,0
12.918,6,1,1,1,1,510,1,507,509,0,0
12.919,7,1,1,1,1,511,1,513,509,0,0
12.92,8,1,1,1,1,512,1,509,506,0,0
12.921,9,1,1,1,1,513,1,507,506,0,0
12.922,10,1,1,1,1,511,1,505,507,0,0
12.923,11,1,1,1,1,511,1,504,510,0,0
12.924,12,1,1,1,1,511,1,502,508,0,0
12.925,13,1,1,1,1,512,1,501,508,0,0
12.926,14,1,1,1,1,512,1,500,511,0,0
12.927,15,1,1,1,1,511,1,504,510,0,0
12.928,0,1,1,1,1,512,1,502,509,0,0
12.929,1,1,1,1,1,511,1,509,510,0,0
12.93,2,1,1,1,1,509,1,514,509,0,0
12.931,3,1,1,1,1,511,1,510,508,0,0
12.932,4,1,1,1,1,510,1,514,507,0,0
12.933,5,1,1,1,1,511,1,519,508,0,0
12.934,6,1,1,1,1,510,1,521,511,0,0
12.935,7,1,1,1,1,510,1,516,508,0,0
12.936,8,1,1,1,1,512,1,513,508,0,0
12.937,9,1,1,1,1,513,1,514,507,0,0
12.938,10,1,1,1,1,509,1,515,505,0,0
12.939,11,1,1,1,1,512,1,512,504,0,0
12.94,12,1,1,1,1,512,1,510,506,0,0
12.941,13,1,1,1,1,511,1,515,508,0,0
12.942,14,1,1,1,1,511,1,530,509,0,0
12.943,15,1,1,1,1,513,1,529,510,0,0
12.944,0,1,1,1,1,512,1,525,512,0,0
12.945,1,1,1,1,1,511,1,532,512,0,0
12.946,2,1,1,1,1,511,2,538,509,0,0
12.947,3,1,1,1,1,512,1,529,508,0,0
12.948,4,1,1,1,1,511,1,522,508,0,0
12.949,5,1,1,1,1,511,1,525,506,0,0
12.95,6,1,1,1,1,511,1,518,509,0,0
12.951,7,1,1,1,1,512,1,523,509,0,0
12.952,8,1,1,1,1,511,1,521,510,0,0
12.953,9,1,1,1,1,512,1,526,508,0,0
12.954,10,1,1,1,1,513,2,521,508,0,0
12.955,11,1,1,1,1,512,1,518,506,0,0
12.956,12,1,1,1,1,511,1,514,506,0,0
12.957,13,1,1,1,1,513,1,507,508,0,0
12.958,14,1,1,1,1,511,1,505,508,0,0
12.959,15,1,1,1,1,512,1,506,509,0,0
12.96,0,1,1,1,1,511,1,502,507,0,0
12.961,1,1,1,1,1,510,1,497,510,0,0
12.962,2,1,1,1,1,510,2,493,511,0,0
12.963,3,1,1,1,1,510,1,494,508,0,0
12.964,4,1,1,1,1,511,1,497,508,0,0
12.965,5,1,1,1,1,512,1,504,512,0,0
12.966,6,1,1,1,1,511,1,509,508,0,0
12.967,7,1,1,1,1,510,0,512,510,0,0
12.968,8,1,1,1,1,512,1,519,510,0,0
12.969,9,1,1,1,1,511,1,518,506,0,0
12.97,10,1,1,1,1,510,2,519,506,0,0
12.971,11,1,1,1,1,513,1,526,507,0,0
12.972,12,1,1,1,1,510,1,530,507,0,0
12.973,13,1,1,1,1,512,1,525,507,0,0
12.974,14,1,1,1,1,514,1,519,510,0,0
12.975,15,1,1,1,1,512,0,516,508,0,0
12.976,0,1,1,1,1,512,1,518,507,0,0
12.977,1,1,1,1,1,511,1,517,509,0,0
12.978,2,1,1,1,1,512,2,513,511,0,0
12.979,3,1,1,1,1,511,1,510,508,0,0
12.98,4,1,1,1,1,512,1,510,507,0,0
12.981,5,1,1,1,1,512,1,514,508,0,0
12.982,6,1,1,1,1,513,1,511,509,0,0
12.983,7,1,1,1,1,512,1,513,506,0,0
12.984,8,1,1,1,1,512,1,510,506,0,0
12.985,9,1,1,1,1,512,1,509,505,0,0
12.986,10,1,1,1,1,511,2,509,506,0,0
12.987,11,1,1,1,1,511,1,511,508,0,0
12.988,12,1,1,1,1,512,1,511,508,0,0
12.989,13,1,1,1,1,513,1,514,508,0,0
12.99,14,1,1,1,1,511,1,509,508,0,0
12.991,15,1,1,1,1,510,1,513,509,0,0
12.992,0,1,1,1,1,511,1,514,512,0,0
12.993,1,1,1,1,1,512,1,512,511,0,0
12.994,2,1,1,1,1,512,2,505,513,0,0
12.995,3,1,1,1,1,511,1,508,511,0,0
12.996,4,1,1,1,1,511,1,504,509,0,0
12.997,5,1,1,1,1,510,1,500,508,0,0
12.998,6,1,1,1,1,512,1,496,506,0,0
12.999,7,1,1,1,1,512,1,508,505,0,0
13.0,8,1,1,1,1,511,1,511,505,0,0
13.001,9,1,1,1,1,511,1,513,507,0,0
13.002,10,1,1,1,1,509,2,507,507,0,0
13.003,11,1,1,1,1,511,1,508,506,0,0
13.004,12,1,1,1,1,512,0,509,510,0,0
13.005,13,1,1,1,1,513,1,514,511,0,0
13.006,14,1,1,1,1,512,1,511,509,0,0
13.007,15,1,1,1,1,510,1,505,510,0,0
13.008,0,1,1,1,1,511,1,504,510,0,0
13.009,1,1,1,1,1,512,1,500,508,0,0
13.01,2,1,1,1,1,509,2,496,506,0,0
13.011,3,1,1,1,1,512,1,495,509,0,0
13.012,4,1,1,1,1,512,0,491,509,0,0
13.013,5,1,1,1,1,513,1,490,509,0,0
13.014,6,1,1,1,1,511,1,496,508,0,0
13.015,7,1,1,1,1,511,1,495,510,0,0
13.016,8,1,1,1,1,512,1,494,509,0,0
13.017,9,1,1,1,1,511,1,502,508,0,0
13.018,10,1,1,1,1,511,2,503,507,0,0
13.019,11,1,1,1,1,511,1,510,507,0,0
13.02,12,1,1,1,1,510,0,512,506,0,0
13.021,13,1,1,1,1,512,1,515,509,0,0
13.022,14,1,1,1,1,512,1,510,508,0,0
13.023,15,1,1,1,1,513,1,511,510,0,0
13.024,0,1,1,1,1,511,1,508,508,0,0
13.025,1,1,1,1,1,511,1,508,508,0,0
13.026,2,1,1,1,1,511,1,507,508,0,0
13.027,3,1,1,1,1,511,1,508,509,0,0
13.028,4,1,1,1,1,511,1,508,508,0,0
13.029,5,1,1,1,1,511,1,499,508,0,0
13.03,6,1,1,1,1,511,1,500,508,0,0
13.031,7,1,1,1,1,513,1,510,511,0,0
13.032,8,1,1,1,1,513,1,504,509,0,0
13.033,9,1,1,1,1,509,1,502,509,0,0
13.034,10,1,1,1,1,510,1,498,506,0,0
13.035,11,1,1,1,1,513,1,502,507,0,0
13.036,12,1,1,1,1,511,1,504,507,0,0
13.037,13,1,1,1,1,512,1,507,511,0,0
13.038,14,1,1,1,1,510,1,518,511,0,0
13.039,15,1,1,1,1,510,1,518,510,0,0
13.04,0,1,1,1,1,510,1,518,510,0,0
13.041,1,1,1,1,1,512,1,519,511,0,0
13.042,2,1,1,1,1,512,1,525,510,0,0
13.043,3,1,1,1,1,515,1,522,508,0,0
13.044,4,1,1,1,1,515,1,519,508,0,0
13.045,5,1,1,1,1,515,1,513,505,0,0
13.046,6,1,1,1,1,511,1,504,507,0,0
13.047,7,1,1,1,1,511,1,504,508,0,0
13.048,8,1,1,1,1,509,1,515,510,0,0
13.049,9,1,1,1,1,511,1,511,510,0,0
13.05,10,1,1,1,1,511,2,508,507,0,0
13.051,11,1,1,1,1,511,1,511,507,0,0
13.052,12,1,1,1,1,515,0,510,507,0,0
13.053,13,1,1,1,1,511,1,507,510,0,0
13.054,14,1,1,1,1,511,1,504,508,0,0
13.055,15,1,1,1,1,509,1,498,510,0,0
13.056,0,1,1,1,1,511,1,500,508,0,0
13.057,1,1,1,1,1,512,1,506,506,0,0
13.058,2,1,1,1,1,513,2,510,505,0,0
13.059,3,1,1,1,1,512,1,508,505,0,0
13.06,4,1,1,1,1,510,0,506,508,0,0
13.061,5,1,1,1,1,511,1,511,508,0,0
13.062,6,1,1,1,1,511,1,511,510,0,0
13.063,7,1,1,1,1,512,1,506,510,0,0
13.064,8,1,1,1,1,511,1,514,509,0,0
13.065,9,1,1,1,1,511,1,516,509,0,0
13.066,10,1,1,1,1,513,2,510,510,0,0
13.067,11,1,1,1,1,512,1,515,514,0,0
13.068,12,1,1,1,1,510,0,517,510,0,0
13.069,13,1,1,1,1,511,1,520,510,0,0
13.07,14,1,1,1,1,512,1,510,507,0,0
13.071,15,1,1,1,1,512,1,503,507,0,0
13.072,0,1,1,1,1,513,1,505,506,0,0
13.073,1,1,1,1,1,510,1,508,508,0,0
13.074,2,1,1,1,1,511,2,503,508,0,0
13.075,3,1,1,1,1,510,1,499,507,0,0
13.076,4,1,1,1,1,512,1,502,509,0,0
13.077,5,1,1,1,1,511,1,498,510,0,0
13.078,6,1,1,1,1,511,1,496,510,0,0
13.079,7,1,1,1,1,512,1,508,510,0,0
13.08,8,1,1,1,1,512,1,503,510,0,0
13.081,9,1,1,1,1,510,1,516,508,0,0
13.082,10,1,1,1,1,511,2,523,508,0,0
13.083,11,1,1,1,1,511,1,530,506,0,0
13.084,12,1,1,1,1,510,1,525,508,0,0
13.085,13,1,1,1,1,512,1,514,507,0,0
13.086,14,1,1,1,1,512,1,516,508,0,0
13.087,15,1,1,1,1,511,1,509,506,0,0
13.088,0,1,1,1,1,511,1,512,509,0,0
13.089,1,1,1,1,1,512,1,511,507,0,0
13.09,2,1,1,1,1,514,2,513,509,0,0
13.091,3,1,1,1,1,512,1,513,508,0,0
13.092,4,1,1,1,1,512,1,510,509,0,0
13.093,5,1,1,1,1,512,1,513,508,0,0
13.094,6,1,1,1,1,511,1,507,506,0,0
13.095,7,1,1,1,1,511,0,503,511,0,0
13.096,8,1,1,1,1,512,1,502,510,0,0
13.097,9,1,1,1,1,511,1,508,511,0,0
13.098,10,1,1,1,1,509,2,510,508,0,0
13.099,11,1,1,1,1,512,1,515,509,0,0
13.1,12,1,1,1,1,511,1,516,507,0,0
13.101,13,1,1,1,1,511,1,516,507,0,0
13.102,14,1,1,1,1,511,1,513,507,0,0
13.103,15,1,1,1,1,512,0,510,507,0,0
13.104,0,1,1,1,1,511,1,516,509,0,0
13.105,1,1,1,1,1,512,1,521,510,0,0
13.106,2,1,1,1,1,513,2,517,508,0,0
13.107,3,1,1,1,1,514,1,515,509,0,0
13.108,4,1,1,1,1,514,1,510,508,0,0
13.109,5,1,1,1,1,513,1,505,510,0,0
13.11,6,1,1,1,1,513,1,503,510,0,0
13.111,7,1,1,1,1,511,0,501,508,0,0
13.112,8,1,1,1,1,512,1,501,508,0,0
13.113,9,1,1,1,1,508,1,512,507,0,0
13.114,10,1,1,1,1,511,2,513,507,0,0
13.115,11,1,1,1,1,510,1,516,508,0,0
13.116,12,1,1,1,1,511,1,519,506,0,0
13.117,13,1,1,1,1,509,1,519,504,0,0
13.118,14,1,1,1,1,511,1,511,506,0,0
13.119,15,1,1,1,1,512,1,509,507,0,0
13.12,0,1,1,1,1,511,1,509,508,0,0
13.121,1,1,1,1,1,512,1,513,511,0,0
13.122,2,1,1,1,1,512,2,509,511,0,0
13.123,3,1,1,1,1,512,1,510,510,0,0
13.124,4,1,1,1,1,512,1,502,511,0,0
13.125,5,1,1,1,1,511,1,501,508,0,0
13.126,6,1,1,1,1,510,1,501,509,0,0
13.127,7,1,1,1,1,509,1,498,509,0,0
13.128,8,1,1,1,1,511,1,497,507,0,0
13.129,9,1,1,1,1,510,1,498,507,0,0
13.13,10,1,1,1,1,511,2,504,509,0,0
13.131,11,1,1,1,1,513,1,504,508,0,0
13.132,12,1,1,1,1,512,1,500,510,0,0
13.133,13,1,1,1,1,513,1,499,509,0,0
13.134,14,1,1,1,1,512,1,515,508,0,0
13.135,15,1,1,1,1,512,1,524,509,0,0
13.136,0,1,1,1,1,511,1,527,508,0,0
13.137,1,1,1,1,1,512,1,534,507,0,0
13.138,2,1,1,1,1,511,1,536,509,0,0
13.139,3,1,1,1,1,513,1,541,507,0,0
13.14,4,1,1,1,1,511,1,536,508,0,0
13.141,5,1,1,1,1,512,1,527,508,0,0
13.142,6,1,1,1,1,510,1,527,507,0,0
13.143,7,1,1,1,1,512,1,525,506,0,0
13.144,8,1,1,1,1,512,1,523,509,0,0
13.145,9,1,1,1,1,512,1,516,508,0,0
13.146,10,1,1,1,1,511,1,516,508,0,0
13.147,11,1,1,1,1,510,1,509,508,0,0
13.148,12,1,1,1,1,512,1,512,511,0,0
13.149,13,1,1,1,1,511,1,508,511,0,0
13.15,14,1,1,1,1,512,1,503,510,0,0
13.151,15,1,1,1,1,511,1,499,509,0,0
13.152,0,1,1,1,1,513,1,510,508,0,0
13.153,1,1,1,1,1,512,1,512,507,0,0
13.154,2,1,1,1,1,511,1,514,507,0,0
13.155,3,1,1,1,1,512,1,516,509,0,0
13.156,4,1,1,1,1,511,1,514,508,0,0
13.157,5,1,1,1,1,512,1,510,510,0,0
13.158,6,1,1,1,1,512,1,509,509,0,0
13.159,7,1,1,1,1,512,1,509,510,0,0
13.16,8,1,1,1,1,513,1,505,509,0,0
13.161,9,1,1,1,1,509,1,506,508,0,0
13.162,10,1,1,1,1,511,2,501,509,0,0
13.163,11,1,1,1,1,511,1,499,508,0,0
13.164,12,1,1,1,1,513,1,504,508,0,0
13.165,13,1,1,1,1,511,1,513,508,0,0
13.166,14,1,1,1,1,512,1,514,507,0,0
13.167,15,1,1,1,1,508,1,508,507,0,0
13.168,0,1,1,1,1,507,1,506,508,0,0
13.169,1,1,1,1,1,511,1,509,511,0,0
13.17,2,1,1,1,1,512,2,508,510,0,0
13.171,3,1,1,1,1,511,1,502,505,0,0
13.172,4,1,1,1,1,512,1,503,508,0,0
13.173,5,1,1,1,1,511,1,505,507,0,0
13.174,6,1,1,1,1,512,1,512,509,0,0
13.175,7,1,1,1,1,511,1,508,510,0,0
13.176,8,1,1,1,1,512,1,502,509,0,0
13.177,9,1,1,1,1,513,1,511,509,0,0
13.178,10,1,1,1,1,511,2,509,508,0,0
13.179,11,1,1,1,1,511,1,502,508,0,0
13.18,12,1,1,1,1,508,1,502,508,0,0
13.181,13,1,1,1,1,510,1,504,508,0,0
13.182,14,1,1,1,1,512,1,513,510,0,0
13.183,15,1,1,1,1,511,0,517,507,0,0
13.184,0,1,1,1,1,513,1,510,507,0,0
13.185,1,1,1,1,1,512,1,506,509,0,0
13.186,2,1,1,1,1,512,2,511,511,0,0
13.187,3,1,1,1,1,513,1,509,511,0,0
13.188,4,1,1,1,1,514,1,506,508,0,0
13.189,5,1,1,1,1,510,1,509,508,0,0
13.19,6,1,1,1,1,511,1,501,507,0,0
13.191,7,1,1,1,1,511,0,499,508,0,0
13.192,8,1,1,1,1,511,1,509,509,0,0
13.193,9,1,1,1,1,513,1,509,508,0,0
13.194,10,1,1,1,1,512,2,513,508,0,0
13.195,11,1,1,1,1,511,1,508,508,0,0
13.196,12,1,1,1,1,511,1,511,509,0,0
13.197,13,1,1,1,1,511,1,506,508,0,0
13.198,14,1,1,1,1,512,1,508,508,0,0
13.199,15,1,1,1,1,511,0,509,508,0,0
13.2,0,1,1,1,1,512,1,510,506,0,0
13.201,1,1,1,1,1,511,1,512,508,0,0
13.202,2,1,1,1,1,513,2,512,507,0,0
13.203,3,1,1,1,1,512,1,508,508,0,0
13.204,4,1,1,1,1,512,1,514,509,0,0
13.205,5,1,1,1,1,511,1,510,508,0,0
13.206,6,1,1,1,1,512,1,511,508,0,0
13.207,7,1,1,1,1,510,1,507,507,0,0
13.208,8,1,1,1,1,511,1,511,508,0,0
13.209,9,1,1,1,1,512,1,516,508,0,0
13.21,10,1,1,1,1,513,2,517,509,0,0
13.211,11,1,1,1,1,514,1,520,509,0,0
13.212,12,1,1,1,1,511,1,516,507,0,0
13.213,13,1,1,1,1,510,1,514,508,0,0
13.214,14,1,1,1,1,510,1,510,507,0,0
13.215,15,1,1,1,1,512,1,508,509,0,0
13.216,0,1,1,1,1,513,1,508,509,0,0
13.217,1,1,1,1,1,511,1,512,509,0,0
13.218,2,1,1,1,1,511,2,519,509,0,0
13.219,3,1,1,1,1,511,1,517,510,0,0
13.22,4,1,1,1,1,510,1,511,510,0,0
13.221,5,1,1,1,1,510,1,509,510,0,0
13.222,6,1,1,1,1,511,1,506,510,0,0
13.223,7,1,1,1,1,510,1,506,508,0,0
13.224,8,1,1,1,1,511,1,511,507,0,0
13.225,9,1,1,1,1,511,1,500,507,0,0
13.226,10,1,1,1,1,512,2,500,507,0,0
13.227,11,1,1,1,1,511,1,505,509,0,0
13.228,12,1,1,1,1,510,0,506,507,0,0
13.229,13,1,1,1,1,511,1,501,507,0,0
13.23,14,1,1,1,1,513,1,503,509,0,0
13.231,15,1,1,1,1,511,1,512,508,0,0
13.232,0,1,1,1,1,511,1,506,509,0,0
13.233,1,1,1,1,1,513,1,505,509,0,0
13.234,2,1,1,1,1,515,2,504,508,0,0
13.235,3,1,1,1,1,512,1,506,508,0,0
13.236,4,1,1,1,1,510,0,514,507,0,0
13.237,5,1,1,1,1,511,1,509,510,0,0
13.238,6,1,1,1,1,509,1,509,508,0,0
13.239,7,1,1,1,1,511,1,500,507,0,0
13.24,8,1,1,1,1,511,1,499,508,0,0
13.241,9,1,1,1,1,511,1,502,508,0,0
13.242,10,1,1,1,1,511,2,505,510,0,0
13.243,11,1,1,1,1,511,1,507,507,0,0
13.244,12,1,1,1,1,512,1,507,508,0,0
13.245,13,1,1,1,1,513,1,509,509,0,0
13.246,14,1,1,1,1,511,1,513,509,0,0
13.247,15,1,1,1,1,512,1,509,510,0,0
13.248,0,1,1,1,1,512,1,505,506,0,0
13.249,1,1,1,1,1,512,1,503,509,0,0
13.25,2,1,1,1,1,511,1,508,510,0,0
13.251,3,1,1,1,1,512,1,509,510,0,0
13.252,4,1,1,1,1,512,1,505,510,0,0
13.253,5,1,1,1,1,512,1,503,508,0,0
13.254,6,1,1,1,1,512,1,510,507,0,0
13.255,7,1,1,1,1,512,1,513,507,0,0
13.256,8,1,1,1,1,513,1,516,508,0,0
13.257,9,1,1,1,1,511,1,524,508,0,0
13.258,10,1,1,1,1,511,1,519,505,0,0
13.259,11,1,1,1,1,510,1,517,505,0,0
13.26,12,1,1,1,1,513,1,519,510,0,0
13.261,13,1,1,1,1,511,1,519,510,0,0
13.262,14,1,1,1,1,513,1,517,509,0,0
13.263,15,1,1,1,1,511,1,519,510,0,0
13.264,0,1,1,1,1,512,1,515,508,0,0
13.265,1,1,1,1,1,512,1,505,510,0,0
13.266,2,1,1,1,1,511,2,510,512,0,0
13.267,3,1,1,1,1,511,1,510,511,0,0
13.268,4,1,1,1,1,512,0,516,511,0,0
13.269,5,1,1,1,1,512,1,520,510,0,0
13.27,6,1,1,1,1,511,1,518,506,0,0
13.271,7,1,1,1,1,511,1,512,504,0,0
13.272,8,1,1,1,1,511,1,513,507,0,0
13.273,9,1,1,1,1,510,1,518,506,0,0
13.274,10,1,1,1,1,513,2,505,507,0,0
13.275,11,1,1,1,1,514,1,505,510,0,0
13.276,12,1,1,1,1,511,0,499,508,0,0
13.277,13,1,1,1,1,512,1,499,509,0,0
13.278,14,1,1,1,1,511,1,500,510,0,0
13.279,15,1,1,1,1,512,1,496,513,0,0
13.28,0,1,1,1,1,511,1,497,512,0,0
13.281,1,1,1,1,1,509,1,497,511,0,0
13.282,2,1,1,1,1,511,2,505,510,0,0
13.283,3,1,1,1,1,509,1,502,506,0,0
13.284,4,1,1,1,1,511,0,509,508,0,0
13.285,5,1,1,1,1,512,1,511,504,0,0
13.286,6,1,1,1,1,511,1,519,505,0,0
13.287,7,1,1,1,1,508,1,517,509,0,0
13.288,8,1,1,1,1,511,1,516,510,0,0
13.289,9,1,1,1,1,512,1,518,508,0,0
13.29,10,1,1,1,1,512,2,524,507,0,0
13.291,11,1,1,1,1,511,1,528,508,0,0
13.292,12,1,1,1,1,512,1,524,509,0,0
13.293,13,1,1,1,1,512,1,520,508,0,0
13.294,14,1,1,1,1,511,1,518,509,0,0
13.295,15,1,1,1,1,511,1,522,508,0,0
13.296,0,1,1,1,1,513,1,516,509,0,0
13.297,1,1,1,1,1,511,1,516,509,0,0
13.298,2,1,1,1,1,514,2,507,508,0,0
13.299,3,1,1,1,1,510,1,506,508,0,0
13.3,4,1,1,1,1,510,1,513,507,0,0
13.301,5,1,1,1,1,512,1,512,508,0,0
13.302,6,1,1,1,1,512,1,509,508,0,0
13.303,7,1,1,1,1,512,1,510,509,0,0
13.304,8,1,1,1,1,512,1,513,511,0,0
13.305,9,1,1,1,1,511,1,515,510,0,0
13.306,10,1,1,1,1,512,2,510,507,0,0
13.307,11,1,1,1,1,512,1,501,507,0,0
13.308,12,1,1,1,1,512,1,502,507,0,0
13.309,13,1,1,1,1,512,1,503,508,0,0
13.31,14,1,1,1,1,511,1,504,507,0,0
13.311,15,1,1,1,1,511,0,507,508,0,0
13.312,0,1,1,1,1,514,1,507,508,0,0
13.313,1,1,1,1,1,512,1,508,512,0,0
13.314,2,1,1,1,1,509,2,506,511,0,0
13.315,3,1,1,1,1,511,1,506,508,0,0
13.316,4,1,1,1,1,508,1,508,508,0,0
13.317,5,1,1,1,1,510,1,509,506,0,0
13.318,6,1,1,1,1,512,1,504,506,0,0
13.319,7,1,1,1,1,512,0,507,509,0,0
13.32,8,1,1,1,1,511,1,511,507,0,0
13.321,9,1,1,1,1,511,1,508,510,0,0
13.322,10,1,1,1,1,511,2,512,508,0,0
13.323,11,1,1,1,1,511,1,510,509,0,0
13.324,12,1,1,1,1,514,1,516,508,0,0
13.325,13,1,1,1,1,513,1,510,508,0,0
13.326,14,1,1,1,1,512,1,511,507,0,0
13.327,15,1,1,1,1,511,0,505,508,0,0
13.328,0,1,1,1,1,511,1,505,508,0,0
13.329,1,1,1,1,1,512,1,509,511,0,0
13.33,2,1,1,1,1,511,2,511,508,0,0
13.331,3,1,1,1,1,511,1,508,510,0,0
13.332,4,1,1,1,1,511,1,504,509,0,0
13.333,5,1,1,1,1,511,1,506,507,0,0
13.334,6,1,1,1,1,510,1,506,508,0,0
13.335,7,1,1,1,1,510,1,502,509,0,0
13.336,8,1,1,1,1,511,1,507,507,0,0
13.337,9,1,1,1,1,510,1,513,507,0,0
13.338,10,1,1,1,1,511,2,510,509,0,0
13.339,11,1,1,1,1,511,1,502,507,0,0
13.34,12,1,1,1,1,511,1,507,508,0,0
13.341,13,1,1,1,1,512,1,509,508,0,0
13.342,14,1,1,1,1,512,1,507,507,0,0
13.343,15,1,1,1,1,511,1,504,507,0,0
13.344,0,1,1,1,1,511,1,505,508,0,0
13.345,1,1,1,1,1,512,1,506,508,0,0
13.346,2,1,1,1,1,512,2,501,509,0,0
13.347,3,1,1,1,1,513,1,506,511,0,0
13.348,4,1,1,1,1,512,1,515,509,0,0
13.349,5,1,1,1,1,511,1,515,509,0,0
13.35,6,1,1,1,1,511,1,513,507,0,0
13.351,7,1,1,1,1,513,1,515,508,0,0
13.352,8,1,1,1,1,511,1,512,509,0,0
13.353,9,1,1,1,1,510,1,510,508,0,0
13.354,10,1,1,1,1,511,1,510,510,0,0
13.355,11,1,1,1,1,511,1,519,511,0,0
13.356,12,1,1,1,1,511,1,518,508,0,0
13.357,13,1,1,1,1,512,1,511,510,0,0
13.358,14,1,1,1,1,511,1,516,508,0,0
13.359,15,1,1,1,1,511,1,516,510,0,0
13.36,0,1,1,1,1,511,1,516,509,0,0
13.361,1,1,1,1,1,512,1,510,508,0,0
13.362,2,1,1,1,1,512,1,512,508,0,0
13.363,3,1,1,1,1,511,1,513,508,0,0
13.364,4,1,1,1,1,511,1,510,507,0,0
13.365,5,1,1,1,1,514,1,513,507,0,0
13.366,6,1,1,1,1,513,1,510,509,0,0
13.367,7,1,1,1,1,510,1,507,508,0,0
13.368,8,1,1,1,1,511,1,505,508,0,0
13.369,9,1,1,1,1,512,1,503,510,0,0
13.37,10,1,1,1,1,512,1,500,508,0,0
13.371,11,1,1,1,1,510,1,503,506,0,0
13.372,12,1,1,1,1,509,1,512,508,0,0
13.373,13,1,1,1,1,511,1,507,509,0,0
13.374,14,1,1,1,1,512,1,506,509,0,0
13.375,15,1,1,1,1,509,1,510,508,0,0
13.376,0,1,1,1,1,512,1,513,508,0,0
13.377,1,1,1,1,1,513,1,504,509,0,0
13.378,2,1,1,1,1,512,2,511,510,0,0
13.379,3,1,1,1,1,511,1,513,509,0,0
13.38,4,1,1,1,1,511,1,515,508,0,0
13.381,5,1,1,1,1,514,1,511,509,0,0
13.382,6,1,1,1,1,512,1,508,508,0,0
13.383,7,1,1,1,1,511,1,509,509,0,0
13.384,8,1,1,1,1,511,1,521,508,0,0
13.385,9,1,1,1,1,511,1,518,508,0,0
13.386,10,1,1,1,1,513,2,512,507,0,0
13.387,11,1,1,1,1,511,1,513,507,0,0
13.388,12,1,1,1,1,511,1,505,509,0,0
13.389,13,1,1,1,1,513,1,509,507,0,0
13.39,14,1,1,1,1,512,1,510,508,0,0
13.391,15,1,1,1,1,514,1,514,510,0,0
13.392,0,1,1,1,1,510,1,508,508,0,0
13.393,1,1,1,1,1,510,1,500,506,0,0
13.394,2,1,1,1,1,511,2,502,508,0,0
13.395,3,1,1,1,1,510,1,497,508,0,0
13.396,4,1,1,1,1,510,1,492,509,0,0
13.397,5,1,1,1,1,511,1,497,508,0,0
13.398,6,1,1,1,1,511,1,500,508,0,0
13.399,7,1,1,1,1,511,0,497,508,0,0
13.4,8,1,1,1,1,510,1,494,509,0,0
13.401,9,1,1,1,1,511,1,498,509,0,0
13.402,10,1,1,1,1,512,2,504,509,0,0
13.403,11,1,1,1,1,511,1,501,508,0,0
13.404,12,1,1,1,1,512,1,500,508,0,0
13.405,13,1,1,1,1,512,1,506,510,0,0
13.406,14,1,1,1,1,514,1,501,509,0,0
13.407,15,1,1,1,1,511,0,501,509,0,0
13.408,0,1,1,1,1,510,1,499,510,0,0
13.409,1,1,1,1,1,511,1,504,508,0,0
13.41,2,1,1,1,1,511,2,504,507,0,0
13.411,3,1,1,1,1,511,1,505,507,0,0
13.412,4,1,1,1,1,515,1,508,509,0,0
13.413,5,1,1,1,1,512,1,514,508,0,0
13.414,6,1,1,1,1,512,1,514,510,0,0
13.415,7,1,1,1,1,511,0,510,508,0,0
13.416,8,1,1,1,1,511,1,503,507,0,0
13.417,9,1,1,1,1,510,1,499,507,0,0
13.418,10,1,1,1,1,512,2,504,508,0,0
13.419,11,1,1,1,1,513,1,507,508,0,0
13.42,12,1,1,1,1,511,1,499,510,0,0
13.421,13,1,1,1,1,512,1,500,510,0,0
13.422,14,1,1,1,1,513,1,500,510,0,0
13.423,15,1,1,1,1,511,1,504,508,0,0
13.424,0,1,1,1,1,508,1,498,508,0,0
13.425,1,1,1,1,1,509,1,500,507,0,0
13.426,2,1,1,1,1,511,2,512,509,0,0
13.427,3,1,1,1,1,511,1,514,509,0,0
13.428,4,1,1,1,1,511,1,507,508,0,0
13.429,5,1,1,1,1,510,1,509,510,0,0
13.43,6,1,1,1,1,512,1,515,510,0,0
13.431,7,1,1,1,1,512,1,517,508,0,0
13.432,8,1,1,1,1,513,1,517,507,0,0
13.433,9,1,1,1,1,511,1,511,507,0,0
13.434,10,1,1,1,1,511,2,517,508,0,0
13.435,11,1,1,1,1,513,1,524,508,0,0
13.436,12,1,1,1,1,510,1,524,508,0,0
13.437,13,1,1,1,1,511,1,523,508,0,0
13.438,14,1,1,1,1,513,1,519,510,0,0
13.439,15,1,1,1,1,512,1,523,507,0,0
13.44,0,1,1,1,1,511,1,519,507,0,0
13.441,1,1,1,1,1,511,1,520,507,0,0
13.442,2,1,1,1,1,510,2,518,509,0,0
13.443,3,1,1,1,1,509,1,510,508,0,0
13.444,4,1,1,1,1,511,0,509,507,0,0
13.445,5,1,1,1,1,513,1,515,508,0,0
13.446,6,1,1,1,1,514,1,518,510,0,0
13.447,7,1,1,1,1,514,1,508,511,0,0
13.448,8,1,1,1,1,512,1,515,511,0,0
13.449,9,1,1,1,1,512,1,513,509,0,0
13.45,10,1,1,1,1,511,2,521,508,0,0
13.451,11,1,1,1,1,512,1,518,505,0,0
13.452,12,1,1,1,1,512,0,511,509,0,0
13.453,13,1,1,1,1,510,1,507,509,0,0
13.454,14,1,1,1,1,512,1,507,508,0,0
13.455,15,1,1,1,1,511,1,499,506,0,0
13.456,0,1,1,1,1,511,1,503,508,0,0
13.457,1,1,1,1,1,512,1,508,509,0,0
13.458,2,1,1,1,1,512,2,511,509,0,0
13.459,3,1,1,1,1,511,1,513,509,0,0
13.46,4,1,1,1,1,512,0,510,508,0,0
13.461,5,1,1,1,1,511,1,512,508,0,0
13.462,6,1,1,1,1,510,1,519,508,0,0
13.463,7,1,1,1,1,512,1,521,510,0,0
13.464,8,1,1,1,1,510,1,518,507,0,0
13.465,9,1,1,1,1,510,1,524,507,0,0
13.466,10,1,1,1,1,511,1,520,508,0,0
13.467,11,1,1,1,1,511,1,516,509,0,0
13.468,12,1,1,1,1,512,1,508,508,0,0
13.469,13,1,1,1,1,513,1,507,509,0,0
13.47,14,1,1,1,1,512,1,505,508,0,0
13.471,15,1,1,1,1,511,1,497,508,0,0
13.472,0,1,1,1,1,511,1,498,508,0,0
13.473,1,1,1,1,1,510,1,503,510,0,0
13.474,2,1,1,1,1,512,1,510,508,0,0
13.475,3,1,1,1,1,513,1,506,509,0,0
13.476,4,1,1,1,1,510,1,505,510,0,0
13.477,5,1,1,1,1,512,1,506,506,0,0
13.478,6,1,1,1,1,512,1,536,508,0,0
13.479,7,1,1,1,1,512,1,544,510,0,0
13.48,8,1,1,1,1,513,1,541,508,0,0
13.481,9,1,1,1,1,510,1,529,509,0,0
13.482,10,1,1,1,1,510,1,529,509,0,0
13.483,11,1,1,1,1,511,1,526,508,0,0
13.484,12,1,1,1,1,511,1,527,506,0,0
13.485,13,1,1,1,1,512,1,516,508,0,0
13.486,14,1,1,1,1,512,1,530,508,0,0
13.487,15,1,1,1,1,511,1,526,508,0,0
13.488,0,1,1,1,1,513,1,517,509,0,0
13.489,1,1,1,1,1,512,1,512,509,0,0
13.49,2,1,1,1,1,512,2,513,509,0,0
13.491,3,1,1,1,1,512,1,513,509,0,0
13.492,4,1,1,1,1,512,0,508,508,0,0
13.493,5,1,1,1,1,512,1,503,506,0,0
13.494,6,1,1,1,1,510,1,509,508,0,0
13.495,7,1,1,1,1,511,1,503,509,0,0
13.496,8,1,1,1,1,512,1,504,510,0,0
13.497,9,1,1,1,1,511,1,509,508,0,0
13.498,10,1,1,1,1,510,2,513,508,0,0
13.499,11,1,1,1,1,511,1,517,509,0,0
13.5,12,1,1,1,1,511,0,512,511,0,0
13.501,13,1,1,1,1,512,1,509,509,0,0
13.502,14,1,1,1,1,510,1,509,508,0,0
13.503,15,1,1,1,1,511,1,508,510,0,0
13.504,0,1,1,1,1,511,1,511,508,0,0
13.505,1,1,1,1,1,511,1,507,508,0,0
13.506,2,1,1,1,1,514,2,511,509,0,0
13.507,3,1,1,1,1,512,1,512,508,0,0
13.508,4,1,1,1,1,511,1,508,510,0,0
13.509,5,1,1,1,1,512,1,517,509,0,0
13.51,6,1,1,1,1,511,1,522,508,0,0
13.511,7,1,1,1,1,512,1,518,508,0,0
13.512,8,1,1,1,1,511,1,512,508,0,0
13.513,9,1,1,1,1,512,1,507,508,0,0
13.514,10,1,1,1,1,512,2,499,508,0,0
13.515,11,1,1,1,1,511,1,503,509,0,0
13.516,12,1,1,1,1,512,1,499,508,0,0
13.517,13,1,1,1,1,511,1,495,508,0,0
13.518,14,1,1,1,1,510,1,501,508,0,0
13.519,15,1,1,1,1,510,1,500,509,0,0
13.52,0,1,1,1,1,510,1,495,510,0,0
13.521,1,1,1,1,1,512,1,496,510,0,0
13.522,2,1,1,1,1,512,2,500,508,0,0
13.523,3,1,1,1,1,511,1,504,508,0,0
13.524,4,1,1,1,1,512,1,508,509,0,0
13.525,5,1,1,1,1,511,1,508,506,0,0
13.526,6,1,1,1,1,512,1,513,508,0,0
13.527,7,1,1,1,1,513,1,511,510,0,0
13.528,8,1,1,1,1,511,1,512,510,0,0
13.529,9,1,1,1,1,513,1,502,509,0,0
13.53,10,1,1,1,1,512,2,504,509,0,0
13.531,11,1,1,1,1,511,1,507,506,0,0
13.532,12,1,1,1,1,512,1,505,507,0,0
13.533,13,1,1,1,1,512,1,509,509,0,0
13.534,14,1,1,1,1,513,1,506,508,0,0
13.535,15,1,1,1,1,512,0,508,508,0,0
13.536,0,1,1,1,1,512,1,508,509,0,0
13.537,1,1,1,1,1,510,1,507,506,0,0
13.538,2,1,1,1,1,512,2,507,508,0,0
13.539,3,1,1,1,1,511,1,503,509,0,0
13.54,4,1,1,1,1,512,1,508,509,0,0
13.541,5,1,1,1,1,511,1,509,508,0,0
13.542,6,1,1,1,1,511,1,515,510,0,0
13.543,7,1,1,1,1,513,0,511,510,0,0
13.544,8,1,1,1,1,511,1,507,509,0,0
13.545,9,1,1,1,1,511,1,507,508,0,0
13.546,10,1,1,1,1,510,2,513,507,0,0
13.547,11,1,1,1,1,511,1,511,507,0,0
13.548,12,1,1,1,1,512,1,511,508,0,0
13.549,13,1,1,1,1,513,1,525,508,0,0
13.55,14,1,1,1,1,512,1,526,508,0,0
13.551,15,1,1,1,1,512,1,520,509,0,0
13.552,0,1,1,1,1,512,1,514,510,0,0
13.553,1,1,1,1,1,512,1,520,509,0,0
13.554,2,1,1,1,1,511,2,523,509,0,0
13.555,3,1,1,1,1,510,1,528,510,0,0
13.556,4,1,1,1,1,512,1,538,508,0,0
13.557,5,1,1,1,1,512,1,527,508,0,0
13.558,6,1,1,1,1,511,1,521,508,0,0
13.559,7,1,1,1,1,512,1,518,508,0,0
13.56,8,1,1,1,1,513,1,512,509,0,0
13.561,9,1,1,1,1,512,1,510,509,0,0
13.562,10,1,1,1,1,513,2,506,507,0,0
13.563,11,1,1,1,1,512,1,502,508,0,0
13.564,12,1,1,1,1,512,1,501,508,0,0
13.565,13,1,1,1,1,510,1,497,511,0,0
13.566,14,1,1,1,1,512,1,496,509,0,0
13.567,15,1,1,1,1,510,1,491,507,0,0
13.568,0,1,1,1,1,512,1,492,508,0,0
13.569,1,1,1,1,1,510,1,493,510,0,0
13.57,2,1,1,1,1,511,2,501,507,0,0
13.571,3,1,1,1,1,511,1,509,508,0,0
13.572,4,1,1,1,1,512,1,506,508,0,0
13.573,5,1,1,1,1,512,1,501,508,0,0
13.574,6,1,1,1,1,512,1,497,507,0,0
13.575,7,1,1,1,1,513,1,501,510,0,0
13.576,8,1,1,1,1,512,1,511,511,0,0
13.577,9,1,1,1,1,512,1,518,509,0,0
13.578,10,1,1,1,1,510,1,515,508,0,0
13.579,11,1,1,1,1,511,1,511,508,0,0
13.58,12,1,1,1,1,511,1,514,507,0,0
13.581,13,1,1,1,1,510,1,519,510,0,0
13.582,14,1,1,1,1,511,1,512,511,0,0
13.583,15,1,1,1,1,511,1,508,510,0,0
13.584,0,1,1,1,1,512,1,512,508,0,0
13.585,1,1,1,1,1,511,1,518,507,0,0
13.586,2,1,1,1,1,510,1,513,510,0,0
13.587,3,1,1,1,1,511,1,517,508,0,0
13.588,4,1,1,1,1,512,1,512,508,0,0
13.589,5,1,1,1,1,513,1,503,509,0,0
13.59,6,1,1,1,1,512,1,506,507,0,0
13.591,7,1,1,1,1,512,1,509,507,0,0
13.592,8,1,1,1,1,511,1,514,509,0,0
13.593,9,1,1,1,1,510,1,510,507,0,0
13.594,10,1,1,1,1,511,2,504,511,0,0
13.595,11,1,1,1,1,512,1,496,509,0,0
13.596,12,1,1,1,1,509,1,503,508,0,0
13.597,13,1,1,1,1,511,1,510,507,0,0
13.598,14,1,1,1,1,512,1,507,508,0,0
13.599,15,1,1,1,1,512,1,504,508,0,0
13.6,0,1,1,1,1,510,1,502,507,0,0
13.601,1,1,1,1,1,511,1,507,508,0,0
13.602,2,1,1,1,1,510,2,511,508,0,0
13.603,3,1,1,1,1,513,1,509,508,0,0
13.604,4,1,1,1,1,511,1,514,507,0,0
13.605,5,1,1,1,1,512,1,522,509,0,0
13.606,6,1,1,1,1,513,1,517,508,0,0
13.607,7,1,1,1,1,512,1,513,508,0,0
13.608,8,1,1,1,1,512,1,506,510,0,0
13.609,9,1,1,1,1,512,1,500,510,0,0
13.61,10,1,1,1,1,511,2,497,509,0,0
13.611,11,1,1,1,1,511,1,504,508,0,0
13.612,12,1,1,1,1,513,1,510,509,0,0
13.613,13,1,1,1,1,511,1,513,507,0,0
13.614,14,1,1,1,1,511,1,515,508,0,0
13.615,15,1,1,1,1,510,1,513,509,0,0
13.616,0,1,1,1,1,512,1,511,507,0,0
13.617,1,1,1,1,1,510,1,508,508,0,0
13.618,2,1,1,1,1,513,2,518,506,0,0
13.619,3,1,1,1,1,512,1,519,509,0,0
13.62,4,1,1,1,1,511,1,520,509,0,0
13.621,5,1,1,1,1,510,1,521,509,0,0
13.622,6,1,1,1,1,513,1,518,508,0,0
13.623,7,1,1,1,1,511,0,513,509,0,0
13.624,8,1,1,1,1,513,1,504,509,0,0
13.625,9,1,1,1,1,511,1,508,508,0,0
13.626,10,1,1,1,1,511,2,505,510,0,0
13.627,11,1,1,1,1,509,1,508,508,0,0
13.628,12,1,1,1,1,511,1,507,510,0,0
13.629,13,1,1,1,1,512,1,500,508,0,0
13.63,14,1,1,1,1,511,1,506,508,0,0
13.631,15,1,1,1,1,512,0,513,511,0,0
13.632,0,1,1,1,1,511,1,515,508,0,0
13.633,1,1,1,1,1,512,1,517,507,0,0
13.634,2,1,1,1,1,510,2,515,507,0,0
13.635,3,1,1,1,1,510,1,519,509,0,0
13.636,4,1,1,1,1,511,1,519,508,0,0
13.637,5,1,1,1,1,512,1,523,507,0,0
13.638,6,1,1,1,1,513,1,521,508,0,0
13.639,7,1,1,1,1,512,1,513,507,0,0
13.64,8,1,1,1,1,513,1,507,508,0,0
13.641,9,1,1,1,1,513,1,502,509,0,0
13.642,10,1,1,1,1,514,2,499,508,0,0
13.643,11,1,1,1,1,511,1,497,509,0,0
13.644,12,1,1,1,1,511,1,504,508,0,0
13.645,13,1,1,1,1,513,1,501,508,0,0
13.646,14,1,1,1,1,511,1,501,508,0,0
13.647,15,1,1,1,1,510,1,510,508,0,0
13.648,0,1,1,1,1,511,1,516,507,0,0
13.649,1,1,1,1,1,512,1,513,506,0,0
13.65,2,1,1,1,1,514,2,507,509,0,0
13.651,3,1,1,1,1,512,1,508,508,0,0
13.652,4,1,1,1,1,513,1,514,508,0,0
13.653,5,1,1,1,1,511,1,515,509,0,0
13.654,6,1,1,1,1,510,1,513,509,0,0
13.655,7,1,1,1,1,508,1,511,509,0,0
13.656,8,1,1,1,1,510,1,512,511,0,0
13.657,9,1,1,1,1,511,1,510,508,0,0
13.658,10,1,1,1,1,513,2,507,509,0,0
13.659,11,1,1,1,1,513,1,507,507,0,0
13.66,12,1,1,1,1,512,0,517,508,0,0
13.661,13,1,1,1,1,510,1,516,509,0,0
13.662,14,1,1,1,1,512,1,514,508,0,0
13.663,15,1,1,1,1,511,1,511,507,0,0
13.664,0,1,1,1,1,511,1,512,509,0,0
13.665,1,1,1,1,1,511,1,507,509,0,0
13.666,2,1,1,1,1,513,2,510,510,0,0
13.667,3,1,1,1,1,511,1,516,507,0,0
13.668,4,1,1,1,1,512,0,516,508,0,0
13.669,5,1,1,1,1,512,1,522,507,0,0
13.67,6,1,1,1,1,511,1,515,508,0,0
13.671,7,1,1,1,1,510,1,512,509,0,0
13.672,8,1,1,1,1,511,1,507,511,0,0
13.673,9,1,1,1,1,510,1,508,511,0,0
13.674,10,1,1,1,1,512,2,513,508,0,0
13.675,11,1,1,1,1,512,1,519,509,0,0
13.676,12,1,1,1,1,512,0,524,510,0,0
13.677,13,1,1,1,1,514,1,513,509,0,0
13.678,14,1,1,1,1,512,1,510,506,0,0
13.679,15,1,1,1,1,510,1,509,510,0,0
13.68,0,1,1,1,1,510,1,506,508,0,0
13.681,1,1,1,1,1,511,1,504,508,0,0
13.682,2,1,1,1,1,511,1,499,507,0,0
13.683,3,1,1,1,1,513,1,512,507,0,0
13.684,4,1,1,1,1,512,1,517,509,0,0
13.685,5,1,1,1,1,511,1,517,510,0,0
13.686,6,1,1,1,1,511,1,519,510,0,0
13.687,7,1,1,1,1,512,1,520,509,0,0
13.688,8,1,1,1,1,512,1,514,509,0,0
13.689,9,1,1,1,1,512,1,515,508,0,0
13.69,10,1,1,1,1,511,1,505,507,0,0
13.691,11,1,1,1,1,511,1,505,509,0,0
13.692,12,1,1,1,1,511,1,498,508,0,0
13.693,13,1,1,1,1,512,1,503,509,0,0
13.694,14,1,1,1,1,512,1,507,506,0,0
13.695,15,1,1,1,1,511,1,506,507,0,0
13.696,0,1,1,1,1,511,1,505,511,0,0
13.697,1,1,1,1,1,511,1,499,508,0,0
13.698,2,1,1,1,1,512,1,501,509,0,0
13.699,3,1,1,1,1,512,1,505,509,0,0
13.7,4,1,1,1,1,512,1,510,508,0,0
13.701,5,1,1,1,1,512,1,508,507,0,0
13.702,6,1,1,1,1,512,1,508,507,0,0
13.703,7,1,1,1,1,511,1,515,508,0,0
13.704,8,1,1,1,1,512,1,510,511,0,0
13.705,9,1,1,1,1,511,1,509,508,0,0
13.706,10,1,1,1,1,511,2,506,510,0,0
13.707,11,1,1,1,1,511,1,506,508,0,0
13.708,12,1,1,1,1,510,0,509,510,0,0
13.709,13,1,1,1,1,511,1,505,508,0,0
13.71,14,1,1,1,1,511,1,504,507,0,0
13.711,15,1,1,1,1,513,1,506,510,0,0
13.712,0,1,1,1,1,512,1,504,509,0,0
13.713,1,1,1,1,1,513,1,507,508,0,0
13.714,2,1,1,1,1,512,2,512,509,0,0
13.715,3,1,1,1,1,513,1,511,507,0,0
13.716,4,1,1,1,1,510,0,516,508,0,0
13.717,5,1,1,1,1,512,1,514,507,0,0
13.718,6,1,1,1,1,511,1,520,505,0,0
13.719,7,1,1,1,1,511,1,520,506,0,0
13.72,8,1,1,1,1,511,1,510,509,0,0
13.721,9,1,1,1,1,512,1,513,508,0,0
13.722,10,1,1,1,1,512,2,517,508,0,0
13.723,11,1,1,1,1,513,1,507,508,0,0
13.724,12,1,1,1,1,511,0,502,508,0,0
13.725,13,1,1,1,1,512,1,506,511,0,0
13.726,14,1,1,1,1,512,1,505,509,0,0
13.727,15,1,1,1,1,511,1,512,509,0,0
13.728,0,1,1,1,1,511,1,511,508,0,0
13.729,1,1,1,1,1,509,1,508,508,0,0
13.73,2,1,1,1,1,511,2,510,507,0,0
13.731,3,1,1,1,1,510,1,514,509,0,0
13.732,4,1,1,1,1,512,1,510,508,0,0
13.733,5,1,1,1,1,512,1,509,509,0,0
13.734,6,1,1,1,1,512,1,504,508,0,0
13.735,7,1,1,1,1,510,1,510,508,0,0
13.736,8,1,1,1,1,513,1,508,507,0,0
13.737,9,1,1,1,1,512,1,510,510,0,0
13.738,10,1,1,1,1,511,2,510,509,0,0
13.739,11,1,1,1,1,511,1,507,507,0,0
13.74,12,1,1,1,1,512,1,515,510,0,0
13.741,13,1,1,1,1,512,1,507,510,0,0
13.742,14,1,1,1,1,512,1,509,509,0,0
13.743,15,1,1,1,1,512,1,507,510,0,0
13.744,0,1,1,1,1,511,1,506,508,0,0
13.745,1,1,1,1,1,510,1,517,507,0,0
13.746,2,1,1,1,1,511,2,513,509,0,0
13.747,3,1,1,1,1,511,1,512,511,0,0
13.748,4,1,1,1,1,511,1,517,510,0,0
13.749,5,1,1,1,1,512,1,515,507,0,0
13.75,6,1,1,1,1,511,1,514,507,0,0
13.751,7,1,1,1,1,512,0,513,508,0,0
13.752,8,1,1,1,1,512,1,515,510,0,0
13.753,9,1,1,1,1,512,1,510,509,0,0
13.754,10,1,1,1,1,512,2,506,507,0,0
13.755,11,1,1,1,1,511,1,510,507,0,0
13.756,12,1,1,1,1,511,1,510,508,0,0
13.757,13,1,1,1,1,512,1,509,508,0,0
13.758,14,1,1,1,1,512,1,507,507,0,0
13.759,15,1,1,1,1,512,0,506,508,0,0
13.76,0,1,1,1,1,513,1,509,510,0,0
13.761,1,1,1,1,1,511,1,508,508,0,0
13.762,2,1,1,1,1,511,2,504,508,0,0
13.763,3,1,1,1,1,510,1,513,509,0,0
13.764,4,1,1,1,1,512,1,513,508,0,0
13.765,5,1,1,1,1,511,1,516,508,0,0
13.766,6,1,1,1,1,513,1,512,507,0,0
13.767,7,1,1,1,1,511,0,509,508,0,0
13.768,8,1,1,1,1,512,1,511,508,0,0
13.769,9,1,1,1,1,510,1,510,509,0,0
13.77,10,1,1,1,1,512,2,510,509,0,0
13.771,11,1,1,1,1,511,1,515,510,0,0
13.772,12,1,1,1,1,511,1,514,509,0,0
13.773,13,1,1,1,1,512,1,512,508,0,0
13.774,14,1,1,1,1,510,1,506,507,0,0
13.775,15,1,1,1,1,511,1,505,508,0,0
13.776,0,1,1,1,1,512,1,505,508,0,0
13.777,1,1,1,1,1,510,1,506,507,0,0
13.778,2,1,1,1,1,512,2,505,508,0,0
13.779,3,1,1,1,1,511,1,507,509,0,0
13.78,4,1,1,1,1,510,1,512,509,0,0
13.781,5,1,1,1,1,512,1,517,509,0,0
13.782,6,1,1,1,1,512,1,516,509,0,0
13.783,7,1,1,1,1,512,1,517,511,0,0
13.784,8,1,1,1,1,513,1,520,509,0,0
13.785,9,1,1,1,1,512,1,519,507,0,0
13.786,10,1,1,1,1,512,2,521,509,0,0
13.787,11,1,1,1,1,512,1,518,508,0,0
13.788,12,1,1,1,1,513,1,512,507,0,0
13.789,13,1,1,1,1,511,1,510,507,0,0
13.79,14,1,1,1,1,512,1,513,510,0,0
13.791,15,1,1,1,1,511,1,512,510,0,0
13.792,0,1,1,1,1,510,1,510,508,0,0
13.793,1,1,1,1,1,510,1,507,507,0,0
13.794,2,1,1,1,1,510,1,505,508,0,0
13.795,3,1,1,1,1,511,1,508,509,0,0
13.796,4,1,1,1,1,513,1,511,509,0,0
13.797,5,1,1,1,1,511,1,513,511,0,0
13.798,6,1,1,1,1,511,1,517,509,0,0
13.799,7,1,1,1,1,511,1,508,506,0,0
13.8,8,1,1,1,1,512,1,512,509,0,0
13.801,9,1,1,1,1,512,1,507,508,0,0
13.802,10,1,1,1,1,510,1,511,507,0,0
13.803,11,1,1,1,1,510,1,512,510,0,0
13.804,12,1,1,1,1,512,1,511,510,0,0
13.805,13,1,1,1,1,510,1,500,506,0,0
13.806,14,1,1,1,1,512,1,508,509,0,0
13.807,15,1,1,1,1,511,1,510,506,0,0
13.808,0,1,1,1,1,511,1,510,508,0,0
13.809,1,1,1,1,1,511,1,509,508,0,0
13.81,2,1,1,1,1,512,1,519,507,0,0
13.811,3,1,1,1,1,513,1,512,509,0,0
13.812,4,1,1,1,1,511,1,518,509,0,0
13.813,5,1,1,1,1,511,1,515,510,0,0
13.814,6,1,1,1,1,513,1,510,510,0,0
13.815,7,1,1,1,1,511,1,513,509,0,0
13.816,8,1,1,1,1,512,1,517,508,0,0
13.817,9,1,1,1,1,511,1,511,508,0,0
13.818,10,1,1,1,1,512,2,496,509,0,0
13.819,11,1,1,1,1,511,1,494,507,0,0
13.82,12,1,1,1,1,510,1,501,505,0,0
13.821,13,1,1,1,1,511,1,501,508,0,0
13.822,14,1,1,1,1,511,1,495,509,0,0
13.823,15,1,1,1,1,510,1,499,509,0,0
13.824,0,1,1,1,1,512,1,499,510,0,0
13.825,1,1,1,1,1,512,1,496,509,0,0
13.826,2,1,1,1,1,512,2,502,508,0,0
13.827,3,1,1,1,1,514,1,508,508,0,0
13.828,4,1,1,1,1,511,1,512,509,0,0
13.829,5,1,1,1,1,512,1,513,509,0,0
13.83,6,1,1,1,1,511,1,510,508,0,0
13.831,7,1,1,1,1,512,1,512,507,0,0
13.832,8,1,1,1,1,512,1,514,508,0,0
13.833,9,1,1,1,1,511,1,510,508,0,0
13.834,10,1,1,1,1,512,2,506,510,0,0
13.835,11,1,1,1,1,511,1,511,508,0,0
13.836,12,1,1,1,1,512,1,518,507,0,0
13.837,13,1,1,1,1,510,1,515,511,0,0
13.838,14,1,1,1,1,511,1,507,509,0,0
13.839,15,1,1,1,1,512,0,503,507,0,0
13.84,0,1,1,1,1,510,1,502,506,0,0
13.841,1,1,1,1,1,512,1,510,508,0,0
13.842,2,1,1,1,1,511,2,506,508,0,0
13.843,3,1,1,1,1,511,1,512,508,0,0
13.844,4,1,1,1,1,512,1,508,509,0,0
13.845,5,1,1,1,1,510,1,511,509,0,0
13.846,6,1,1,1,1,512,1,510,507,0,0
13.847,7,1,1,1,1,513,0,507,507,0,0
13.848,8,1,1,1,1,512,1,507,510,0,0
13.849,9,1,1,1,1,512,1,514,510,0,0
13.85,10,1,1,1,1,511,2,523,509,0,0
13.851,11,1,1,1,1,512,1,515,510,0,0
13.852,12,1,1,1,1,509,1,514,509,0,0
13.853,13,1,1,1,1,509,1,521,508,0,0
13.854,14,1,1,1,1,513,1,523,509,0,0
13.855,15,1,1,1,1,512,0,517,507,0,0
13.856,0,1,1,1,1,512,1,516,508,0,0
13.857,1,1,1,1,1,511,1,515,506,0,0
13.858,2,1,1,1,1,510,2,517,508,0,0
13.859,3,1,1,1,1,511,1,518,508,0,0
13.86,4,1,1,1,1,511,1,518,509,0,0
13.861,5,1,1,1,1,511,1,511,508,0,0
13.862,6,1,1,1,1,512,1,504,507,0,0
13.863,7,1,1,1,1,511,1,503,509,0,0
13.864,8,1,1,1,1,512,1,503,512,0,0
13.865,9,1,1,1,1,510,1,509,506,0,0
13.866,10,1,1,1,1,511,2,518,506,0,0
13.867,11,1,1,1,1,511,1,512,508,0,0
13.868,12,1,1,1,1,513,1,514,507,0,0
13.869,13,1,1,1,1,511,1,511,506,0,0
13.87,14,1,1,1,1,512,1,515,509,0,0
13.871,15,1,1,1,1,509,1,508,508,0,0
13.872,0,1,1,1,1,510,1,511,507,0,0
13.873,1,1,1,1,1,511,1,506,508,0,0
13.874,2,1,1,1,1,512,2,503,508,0,0
13.875,3,1,1,1,1,512,1,514,510,0,0
13.876,4,1,1,1,1,512,1,513,510,0,0
13.877,5,1,1,1,1,512,1,511,509,0,0
13.878,6,1,1,1,1,511,1,507,508,0,0
13.879,7,1,1,1,1,513,1,514,508,0,0
13.88,8,1,1,1,1,512,1,507,510,0,0
13.881,9,1,1,1,1,512,1,508,511,0,0
13.882,10,1,1,1,1,513,2,508,510,0,0
13.883,11,1,1,1,1,510,1,513,508,0,0
13.884,12,1,1,1,1,510,0,515,509,0,0
13.885,13,1,1,1,1,512,1,518,508,0,0
13.886,14,1,1,1,1,512,1,515,509,0,0
13.887,15,1,1,1,1,510,1,508,508,0,0
13.888,0,1,1,1,1,511,1,504,507,0,0
13.889,1,1,1,1,1,512,1,513,510,0,0
13.89,2,1,1,1,1,511,2,511,508,0,0
13.891,3,1,1,1,1,513,1,514,508,0,0
13.892,4,1,1,1,1,512,0,505,508,0,0
13.893,5,1,1,1,1,510,1,510,508,0,0
13.894,6,1,1,1,1,512,1,511,508,0,0
13.895,7,1,1,1,1,511,1,518,508,0,0
13.896,8,1,1,1,1,513,1,507,508,0,0
13.897,9,1,1,1,1,512,1,513,509,0,0
13.898,10,1,1,1,1,511,2,514,506,0,0
13.899,11,1,1,1,1,512,1,504,507,0,0
13.9,12,1,1,1,1,511,1,511,507,0,0
13.901,13,1,1,1,1,513,1,508,510,0,0
13.902,14,1,1,1,1,511,1,509,509,0,0
13.903,15,1,1,1,1,511,1,514,510,0,0
13.904,0,1,1,1,1,512,1,515,507,0,0
13.905,1,1,1,1,1,513,1,514,507,0,0
13.906,2,1,1,1,1,510,1,511,508,0,0
13.907,3,1,1,1,1,512,1,507,508,0,0
13.908,4,1,1,1,1,512,1,518,508,0,0
13.909,5,1,1,1,1,511,1,517,508,0,0
13.91,6,1,1,1,1,511,1,513,510,0,0
13.911,7,1,1,1,1,512,1,510,508,0,0
13.912,8,1,1,1,1,512,1,505,509,0,0
13.913,9,1,1,1,1,512,1,505,508,0,0
13.914,10,1,1,1,1,513,1,504,508,0,0
13.915,11,1,1,1,1,512,1,504,508,0,0
13.916,12,1,1,1,1,511,1,507,510,0,0
13.917,13,1,1,1,1,510,1,509,509,0,0
13.918,14,1,1,1,1,510,1,516,508,0,0
13.919,15,1,1,1,1,512,1,513,509,0,0
13.92,0,1,1,1,1,511,1,508,508,0,0
13.921,1,1,1,1,1,513,1,504,509,0,0
13.922,2,1,1,1,1,512,2,504,508,0,0
13.923,3,1,1,1,1,512,1,510,508,0,0
13.924,4,1,1,1,1,511,0,515,508,0,0
13.925,5,1,1,1,1,510,1,516,508,0,0
13.926,6,1,1,1,1,510,1,508,510,0,0
13.927,7,1,1,1,1,511,1,509,508,0,0
13.928,8,1,1,1,1,511,1,500,510,0,0
13.929,9,1,1,1,1,513,1,502,508,0,0
13.93,10,1,1,1,1,511,2,505,507,0,0
13.931,11,1,1,1,1,513,1,508,507,0,0
13.932,12,1,1,1,1,512,0,509,509,0,0
13.933,13,1,1,1,1,510,1,505,509,0,0
13.934,14,1,1,1,1,509,1,505,507,0,0
13.935,15,1,1,1,1,513,1,505,507,0,0
13.936,0,1,1,1,1,513,1,509,508,0,0
13.937,1,1,1,1,1,511,1,505,508,0,0
13.938,2,1,1,1,1,513,2,505,509,0,0
13.939,3,1,1,1,1,511,1,508,508,0,0
13.94,4,1,1,1,1,512,0,514,508,0,0
13.941,5,1,1,1,1,511,1,514,508,0,0
13.942,6,1,1,1,1,510,1,516,510,0,0
13.943,7,1,1,1,1,511,1,516,507,0,0
13.944,8,1,1,1,1,512,1,515,508,0,0
13.945,9,1,1,1,1,511,1,516,508,0,0
13.946,10,1,1,1,1,513,2,520,507,0,0
13.947,11,1,1,1,1,513,1,518,508,0,0
13.948,12,1,1,1,1,512,1,514,508,0,0
13.949,13,1,1,1,1,512,1,512,508,0,0
13.95,14,1,1,1,1,511,1,515,507,0,0
13.951,15,1,1,1,1,511,1,516,508,0,0
13.952,0,1,1,1,1,511,1,516,508,0,0
13.953,1,1,1,1,1,511,1,514,509,0,0
13.954,2,1,1,1,1,512,2,515,507,0,0
13.955,3,1,1,1,1,514,1,508,508,0,0
13.956,4,1,1,1,1,511,1,499,507,0,0
13.957,5,1,1,1,1,511,1,502,508,0,0
13.958,6,1,1,1,1,511,1,501,508,0,0
13.959,7,1,1,1,1,509,1,502,509,0,0
13.96,8,1,1,1,1,510,1,511,508,0,0
13.961,9,1,1,1,1,510,1,510,509,0,0
13.962,10,1,1,1,1,510,2,509,509,0,0
13.963,11,1,1,1,1,512,1,509,509,0,0
13.964,12,1,1,1,1,511,1,508,508,0,0
13.965,13,1,1,1,1,512,1,508,510,0,0
13.966,14,1,1,1,1,513,1,512,508,0,0
13.967,15,1,1,1,1,511,0,511,509,0,0
13.968,0,1,1,1,1,513,1,508,508,0,0
13.969,1,1,1,1,1,512,1,509,507,0,0
13.97,2,1,1,1,1,511,2,505,510,0,0
13.971,3,1,1,1,1,511,1,511,508,0,0
13.972,4,1,1,1,1,511,1,510,508,0,0
13.973,5,1,1,1,1,512,1,512,508,0,0
13.974,6,1,1,1,1,511,1,510,509,0,0
13.975,7,1,1,1,1,511,0,510,511,0,0
13.976,8,1,1,1,1,512,1,513,508,0,0
13.977,9,1,1,1,1,512,1,517,507,0,0
13.978,10,1,1,1,1,511,2,513,507,0,0
13.979,11,1,1,1,1,511,1,515,508,0,0
13.98,12,1,1,1,1,513,1,515,508,0,0
13.981,13,1,1,1,1,512,1,503,509,0,0
13.982,14,1,1,1,1,511,1,507,508,0,0
13.983,15,1,1,1,1,512,0,514,508,0,0
13.984,0,1,1,1,1,511,1,511,507,0,0
13.985,1,1,1,1,1,511,1,514,509,0,0
13.986,2,1,1,1,1,511,2,510,508,0,0
13.987,3,1,1,1,1,512,1,515,510,0,0
13.988,4,1,1,1,1,511,1,520,509,0,0
13.989,5,1,1,1,1,512,1,520,508,0,0
13.99,6,1,1,1,1,510,1,510,508,0,0
13.991,7,1,1,1,1,511,1,509,507,0,0
13.992,8,1,1,1,1,512,1,509,507,0,0
13.993,9,1,1,1,1,512,1,504,508,0,0
13.994,10,1,1,1,1,511,2,506,507,0,0
13.995,11,1,1,1,1,510,1,508,509,0,0
13.996,12,1,1,1,1,513,1,512,508,0,0
13.997,13,1,1,1,1,512,1,517,509,0,0
13.998,14,1,1,1,1,512,1,514,508,0,0
13.999,15,1,1,1,1,512,1,515,508,0,0
14.0,0,1,1,1,1,511,1,516,508,0,0
14.001,1,1,1,1,1,511,1,515,508,0,0
14.002,2,1,1,1,1,511,2,513,508,0,0
14.003,3,1,1,1,1,510,1,519,510,0,0
14.004,4,1,1,1,1,511,1,512,508,0,0
14.005,5,1,1,1,1,512,1,507,510,0,0
14.006,6,1,1,1,1,512,1,513,509,0,0
14.007,7,1,1,1,1,512,1,509,508,0,0
14.008,8,1,1,1,1,511,1,516,509,0,0
14.009,9,1,1,1,1,512,1,504,510,0,0
14.01,10,1,1,1,1,514,1,508,510,0,0
14.011,11,1,1,1,1,511,1,509,508,0,0
14.012,12,1,1,1,1,512,1,503,506,0,0
14.013,13,1,1,1,1,510,1,504,510,0,0
14.014,14,1,1,1,1,511,1,505,507,0,0
14.015,15,1,1,1,1,511,1,510,509,0,0
14.016,0,1,1,1,1,511,1,514,508,0,0
14.017,1,1,1,1,1,510,1,505,509,0,0
14.018,2,1,1,1,1,513,1,508,506,0,0
14.019,3,1,1,1,1,509,1,500,508,0,0
14.02,4,1,1,1,1,512,1,505,511,0,0
14.021,5,1,1,1,1,515,1,507,510,0,0
14.022,6,1,1,1,1,512,1,509,510,0,0
14.023,7,1,1,1,1,510,1,515,509,0,0
14.024,8,1,1,1,1,511,1,516,509,0,0
14.025,9,1,1,1,1,511,1,511,508,0,0
14.026,10,1,1,1,1,512,1,512,509,0,0
14.027,11,1,1,1,1,511,1,505,511,0,0
14.028,12,1,1,1,1,511,1,509,508,0,0
14.029,13,1,1,1,1,513,1,511,507,0,0
14.03,14,1,1,1,1,511,1,514,506,0,0
14.031,15,1,1,1,1,511,1,515,508,0,0
14.032,0,1,1,1,1,511,1,509,508,0,0
14.033,1,1,1,1,1,511,1,502,507,0,0
14.034,2,1,1,1,1,511,2,519,508,0,0
14.035,3,1,1,1,1,511,1,530,509,0,0
14.036,4,1,1,1,1,510,1,520,509,0,0
14.037,5,1,1,1,1,511,1,518,509,0,0
14.038,6,1,1,1,1,511,1,515,510,0,0
14.039,7,1,1,1,1,509,1,513,508,0,0
14.04,8,1,1,1,1,512,1,515,507,0,0
14.041,9,1,1,1,1,512,1,506,511,0,0
14.042,10,1,1,1,1,511,2,509,509,0,0
14.043,11,1,1,1,1,512,1,506,507,0,0
14.044,12,1,1,1,1,512,1,508,511,0,0
14.045,13,1,1,1,1,512,1,512,507,0,0
14.046,14,1,1,1,1,512,1,510,505,0,0
14.047,15,1,1,1,1,511,1,512,507,0,0
14.048,0,1,1,1,1,512,1,513,508,0,0
14.049,1,1,1,1,1,510,1,502,509,0,0
14.05,2,1,1,1,1,512,2,502,511,0,0
14.051,3,1,1,1,1,511,1,511,509,0,0
14.052,4,1,1,1,1,513,1,516,512,0,0
14.053,5,1,1,1,1,511,1,515,508,0,0
14.054,6,1,1,1,1,512,1,513,510,0,0
14.055,7,1,1,1,1,511,0,512,508,0,0
14.056,8,1,1,1,1,511,1,512,509,0,0
14.057,9,1,1,1,1,511,1,510,507,0,0
14.058,10,1,1,1,1,512,2,507,510,0,0
14.059,11,1,1,1,1,513,1,506,509,0,0
14.06,12,1,1,1,1,511,1,506,510,0,0
14.061,13,1,1,1,1,513,1,515,508,0,0
14.062,14,1,1,1,1,511,1,512,510,0,0
14.063,15,1,1,1,1,511,0,512,508,0,0
14.064,0,1,1,1,1,511,1,511,507,0,0
14.065,1,1,1,1,1,511,1,513,507,0,0
14.066,2,1,1,1,1,512,2,506,506,0,0
14.067,3,1,1,1,1,510,1,504,509,0,0
14.068,4,1,1,1,1,511,1,504,508,0,0
14.069,5,1,1,1,1,513,1,504,509,0,0
14.07,6,1,1,1,1,510,1,508,508,0,0
14.071,7,1,1,1,1,512,0,514,509,0,0
14.072,8,1,1,1,1,511,1,517,509,0,0
14.073,9,1,1,1,1,511,1,517,507,0,0
14.074,10,1,1,1,1,512,2,513,507,0,0
14.075,11,1,1,1,1,511,1,512,510,0,0
14.076,12,1,1,1,1,511,1,518,508,0,0
14.077,13,1,1,1,1,513,1,512,508,0,0
14.078,14,1,1,1,1,511,1,513,508,0,0
14.079,15,1,1,1,1,512,1,507,507,0,0
14.08,0,1,1,1,1,512,1,509,508,0,0
14.081,1,1,1,1,1,511,1,505,508,0,0
14.082,2,1,1,1,1,512,2,511,509,0,0
14.083,3,1,1,1,1,514,1,505,507,0,0
14.084,4,1,1,1,1,511,1,507,507,0,0
14.085,5,1,1,1,1,512,1,509,509,0,0
14.086,6,1,1,1,1,513,1,513,511,0,0
14.087,7,1,1,1,1,509,1,512,510,0,0
14.088,8,1,1,1,1,510,1,506,510,0,0
14.089,9,1,1,1,1,511,1,510,509,0,0
14.09,10,1,1,1,1,510,2,509,509,0,0
14.091,11,1,1,1,1,511,1,515,510,0,0
14.092,12,1,1,1,1,512,1,514,509,0,0
14.093,13,1,1,1,1,510,1,509,509,0,0
14.094,14,1,1,1,1,510,1,510,508,0,0
14.095,15,1,1,1,1,511,1,516,508,0,0
14.096,0,1,1,1,1,512,1,514,507,0,0
14.097,1,1,1,1,1,510,1,514,508,0,0
14.098,2,1,1,1,1,511,2,505,509,0,0
14.099,3,1,1,1,1,512,1,509,508,0,0
14.1,4,1,1,1,1,512,0,507,508,0,0
14.101,5,1,1,1,1,511,1,505,508,0,0
14.102,6,1,1,1,1,511,1,503,508,0,0
14.103,7,1,1,1,1,511,1,499,507,0,0
14.104,8,1,1,1,1,512,1,506,510,0,0
14.105,9,1,1,1,1,512,1,508,509,0,0
14.106,10,1,1,1,1,512,2,508,507,0,0
14.107,11,1,1,1,1,512,1,509,508,0,0
14.108,12,1,1,1,1,512,0,508,509,0,0
14.109,13,1,1,1,1,511,1,514,510,0,0
14.11,14,1,1,1,1,509,1,513,507,0,0
14.111,15,1,1,1,1,511,1,506,508,0,0
14.112,0,1,1,1,1,513,1,514,508,0,0
14.113,1,1,1,1,1,512,1,510,508,0,0
14.114,2,1,1,1,1,512,2,513,509,0,0
14.115,3,1,1,1,1,511,1,515,508,0,0
14.116,4,1,1,1,1,514,0,512,508,0,0
14.117,5,1,1,1,1,511,1,518,508,0,0
14.118,6,1,1,1,1,511,1,517,508,0,0
14.119,7,1,1,1,1,512,1,512,508,0,0
14.12,8,1,1,1,1,511,1,504,510,0,0
14.121,9,1,1,1,1,512,1,501,508,0,0
14.122,10,1,1,1,1,512,1,505,510,0,0
14.123,11,1,1,1,1,510,1,511,507,0,0
14.124,12,1,1,1,1,511,1,507,508,0,0
14.125,13,1,1,1,1,513,1,511,508,0,0
14.126,14,1,1,1,1,512,1,511,507,0,0
14.127,15,1,1,1,1,512,1,506,509,0,0
14.128,0,1,1,1,1,512,1,504,510,0,0
14.129,1,1,1,1,1,510,1,504,508,0,0
14.13,2,1,1,1,1,512,1,507,509,0,0
14.131,3,1,1,1,1,510,1,500,508,0,0
14.132,4,1,1,1,1,512,1,495,506,0,0
14.133,5,1,1,1,1,510,1,499,509,0,0
14.134,6,1,1,1,1,510,1,514,509,0,0
14.135,7,1,1,1,1,511,1,512,510,0,0
14.136,8,1,1,1,1,510,1,512,509,0,0
14.137,9,1,1,1,1,511,1,521,509,0,0
14.138,10,1,1,1,1,511,1,519,510,0,0
14.139,11,1,1,1,1,512,1,518,508,0,0
14.14,12,1,1,1,1,513,0,510,508,0,0
14.141,13,1,1,1,1,512,1,511,508,0,0
14.142,14,1,1,1,1,512,1,512,509,0,0
14.143,15,1,1,1,1,509,1,511,507,0,0
14.144,0,1,1,1,1,511,1,513,507,0,0
14.145,1,1,1,1,1,510,1,510,508,0,0
14.146,2,1,1,1,1,511,2,512,508,0,0
14.147,3,1,1,1,1,511,1,502,508,0,0
14.148,4,1,1,1,1,511,0,510,509,0,0
14.149,5,1,1,1,1,512,1,504,511,0,0
14.15,6,1,1,1,1,510,1,508,509,0,0
14.151,7,1,1,1,1,512,1,511,508,0,0
14.152,8,1,1,1,1,511,1,511,508,0,0
14.153,9,1,1,1,1,511,1,510,509,0,0
14.154,10,1,1,1,1,511,2,510,509,0,0
14.155,11,1,1,1,1,513,1,511,506,0,0
14.156,12,1,1,1,1,513,0,511,506,0,0
14.157,13,1,1,1,1,512,1,508,508,0,0
14.158,14,1,1,1,1,511,1,508,511,0,0
14.159,15,1,1,1,1,513,1,510,511,0,0
14.16,0,1,1,1,1,512,1,512,508,0,0
14.161,1,1,1,1,1,513,1,511,508,0,0
14.162,2,1,1,1,1,512,2,512,509,0,0
14.163,3,1,1,1,1,512,1,511,510,0,0
14.164,4,1,1,1,1,512,1,517,508,0,0
14.165,5,1,1,1,1,512,1,519,510,0,0
14.166,6,1,1,1,1,511,1,517,508,0,0
14.167,7,1,1,1,1,510,1,520,508,0,0
14.168,8,1,1,1,1,510,1,512,507,0,0
14.169,9,1,1,1,1,511,1,513,507,0,0
14.17,10,1,1,1,1,511,2,516,509,0,0
14.171,11,1,1,1,1,511,1,516,511,0,0
14.172,12,1,1,1,1,512,1,516,508,0,0
14.173,13,1,1,1,1,512,1,511,508,0,0
14.174,14,1,1,1,1,511,1,507,510,0,0
14.175,15,1,1,1,1,512,1,503,508,0,0
14.176,0,1,1,1,1,512,1,512,508,0,0
14.177,1,1,1,1,1,512,1,510,509,0,0
14.178,2,1,1,1,1,512,2,508,508,0,0
14.179,3,1,1,1,1,512,1,502,508,0,0
14.18,4,1,1,1,1,512,1,499,509,0,0
14.181,5,1,1,1,1,511,1,505,508,0,0
14.182,6,1,1,1,1,512,1,504,509,0,0
14.183,7,1,1,1,1,511,1,509,510,0,0
14.184,8,1,1,1,1,512,1,514,509,0,0
14.185,9,1,1,1,1,512,1,520,510,0,0
14.186,10,1,1,1,1,510,2,519,510,0,0
14.187,11,1,1,1,1,512,1,514,508,0,0
14.188,12,1,1,1,1,511,1,516,509,0,0
14.189,13,1,1,1,1,512,1,513,508,0,0
14.19,14,1,1,1,1,513,1,510,510,0,0
14.191,15,1,1,1,1,511,0,514,508,0,0
14.192,0,1,1,1,1,514,1,515,508,0,0
14.193,1,1,1,1,1,513,1,523,508,0,0
14.194,2,1,1,1,1,512,2,520,508,0,0
14.195,3,1,1,1,1,511,1,512,506,0,0
14.196,4,1,1,1,1,511,1,509,508,0,0
14.197,5,1,1,1,1,512,1,510,509,0,0
14.198,6,1,1,1,1,514,1,508,511,0,0
14.199,7,1,1,1,1,510,0,504,508,0,0
14.2,8,1,1,1,1,510,1,508,507,0,0
14.201,9,1,1,1,1,511,1,510,507,0,0
14.202,10,1,1,1,1,510,2,523,507,0,0
14.203,11,1,1,1,1,511,1,522,509,0,0
14.204,12,1,1,1,1,512,1,514,510,0,0
14.205,13,1,1,1,1,512,1,514,509,0,0
14.206,14,1,1,1,1,511,1,513,509,0,0
14.207,15,1,1,1,1,511,1,512,509,0,0
14.208,0,1,1,1,1,514,1,512,510,0,0
14.209,1,1,1,1,1,512,1,510,507,0,0
14.21,2,1,1,1,1,511,2,513,506,0,0
14.211,3,1,1,1,1,510,1,515,510,0,0
14.212,4,1,1,1,1,512,1,517,509,0,0
14.213,5,1,1,1,1,512,1,514,510,0,0
14.214,6,1,1,1,1,511,1,514,509,0,0
14.215,7,1,1,1,1,512,1,513,508,0,0
14.216,8,1,1,1,1,511,1,524,508,0,0
14.217,9,1,1,1,1,510,1,515,506,0,0
14.218,10,1,1,1,1,510,2,507,508,0,0
14.219,11,1,1,1,1,511,1,496,507,0,0
14.22,12,1,1,1,1,512,1,497,509,0,0
14.221,13,1,1,1,1,512,1,497,510,0,0
14.222,14,1,1,1,1,512,1,498,509,0,0
14.223,15,1,1,1,1,512,1,501,510,0,0
14.224,0,1,1,1,1,511,1,504,508,0,0
14.225,1,1,1,1,1,512,1,507,508,0,0
14.226,2,1,1,1,1,512,2,503,507,0,0
14.227,3,1,1,1,1,512,1,497,509,0,0
14.228,4,1,1,1,1,511,1,504,509,0,0
14.229,5,1,1,1,1,511,1,506,509,0,0
14.23,6,1,1,1,1,512,1,511,506,0,0
14.231,7,1,1,1,1,512,1,512,508,0,0
14.232,8,1,1,1,1,512,1,504,509,0,0
14.233,9,1,1,1,1,512,1,506,509,0,0
14.234,10,1,1,1,1,511,1,504,508,0,0
14.235,11,1,1,1,1,511,1,505,506,0,0
14.236,12,1,1,1,1,510,1,505,506,0,0
14.237,13,1,1,1,1,511,1,499,507,0,0
14.238,14,1,1,1,1,511,1,507,507,0,0
14.239,15,1,1,1,1,510,1,502,509,0,0
14.24,0,1,1,1,1,510,1,507,508,0,0
14.241,1,1,1,1,1,512,1,510,508,0,0
14.242,2,1,1,1,1,511,1,515,508,0,0
14.243,3,1,1,1,1,511,1,510,508,0,0
14.244,4,1,1,1,1,511,1,513,508,0,0
14.245,5,1,1,1,1,511,1,516,509,0,0
14.246,6,1,1,1,1,513,1,510,511,0,0
14.247,7,1,1,1,1,512,1,513,509,0,0
14.248,8,1,1,1,1,511,1,511,510,0,0
14.249,9,1,1,1,1,512,1,508,512,0,0
14.25,10,1,1,1,1,512,2,508,508,0,0
14.251,11,1,1,1,1,512,1,505,506,0,0
14.252,12,1,1,1,1,511,1,505,508,0,0
14.253,13,1,1,1,1,512,1,511,507,0,0
14.254,14,1,1,1,1,513,1,510,510,0,0
14.255,15,1,1,1,1,512,1,513,511,0,0
14.256,0,1,1,1,1,512,1,515,510,0,0
14.257,1,1,1,1,1,510,1,513,510,0,0
14.258,2,1,1,1,1,512,2,501,508,0,0
14.259,3,1,1,1,1,512,1,503,507,0,0
14.26,4,1,1,1,1,512,1,508,508,0,0
14.261,5,1,1,1,1,512,1,518,508,0,0
14.262,6,1,1,1,1,510,1,519,508,0,0
14.263,7,1,1,1,1,512,1,514,507,0,0
14.264,8,1,1,1,1,513,1,513,508,0,0
14.265,9,1,1,1,1,512,1,502,507,0,0
14.266,10,1,1,1,1,511,2,502,510,0,0
14.267,11,1,1,1,1,511,1,505,508,0,0
14.268,12,1,1,1,1,511,1,503,510,0,0
14.269,13,1,1,1,1,512,1,508,508,0,0
14.27,14,1,1,1,1,512,1,508,507,0,0
14.271,15,1,1,1,1,511,0,512,508,0,0
14.272,0,1,1,1,1,512,1,515,510,0,0
14.273,1,1,1,1,1,512,1,512,508,0,0
14.274,2,1,1,1,1,512,2,509,508,0,0
14.275,3,1,1,1,1,511,1,512,509,0,0
14.276,4,1,1,1,1,511,1,517,506,0,0
14.277,5,1,1,1,1,511,1,515,507,0,0
14.278,6,1,1,1,1,511,1,518,508,0,0
14.279,7,1,1,1,1,509,0,523,507,0,0
14.28,8,1,1,1,1,510,1,526,508,0,0
14.281,9,1,1,1,1,513,1,531,510,0,0
14.282,10,1,1,1,1,511,2,525,508,0,0
14.283,11,1,1,1,1,512,1,520,509,0,0
14.284,12,1,1,1,1,513,1,514,509,0,0
14.285,13,1,1,1,1,512,1,515,507,0,0
14.286,14,1,1,1,1,511,1,512,508,0,0
14.287,15,1,1,1,1,512,0,508,508,0,0
14.288,0,1,1,1,1,511,1,512,509,0,0
14.289,1,1,1,1,1,512,1,512,510,0,0
14.29,2,1,1,1,1,510,2,513,508,0,0
14.291,3,1,1,1,1,512,1,511,508,0,0
14.292,4,1,1,1,1,512,1,504,508,0,0
14.293,5,1,1,1,1,511,1,500,507,0,0
14.294,6,1,1,1,1,512,1,501,509,0,0
14.295,7,1,1,1,1,512,1,508,507,0,0
14.296,8,1,1,1,1,510,1,509,509,0,0
14.297,9,1,1,1,1,510,1,510,509,0,0
14.298,10,1,1,1,1,511,2,508,509,0,0
14.299,11,1,1,1,1,513,1,505,509,0,0
14.3,12,1,1,1,1,513,1,507,508,0,0
14.301,13,1,1,1,1,511,1,501,509,0,0
14.302,14,1,1,1,1,511,1,502,507,0,0
14.303,15,1,1,1,1,512,1,501,510,0,0
14.304,0,1,1,1,1,511,1,495,509,0,0
14.305,1,1,1,1,1,510,1,502,509,0,0
14.306,2,1,1,1,1,512,2,502,507,0,0
14.307,3,1,1,1,1,511,1,503,506,0,0
14.308,4,1,1,1,1,510,1,501,507,0,0
14.309,5,1,1,1,1,511,1,512,509,0,0
14.31,6,1,1,1,1,512,1,513,508,0,0
14.311,7,1,1,1,1,512,1,509,509,0,0
14.312,8,1,1,1,1,512,1,503,510,0,0
14.313,9,1,1,1,1,511,1,507,511,0,0
14.314,10,1,1,1,1,509,2,503,509,0,0
14.315,11,1,1,1,1,512,1,511,510,0,0
14.316,12,1,1,1,1,511,0,511,510,0,0
14.317,13,1,1,1,1,512,1,510,507,0,0
14.318,14,1,1,1,1,511,1,505,509,0,0
14.319,15,1,1,1,1,512,1,511,509,0,0
14.32,0,1,1,1,1,510,1,511,508,0,0
14.321,1,1,1,1,1,513,1,512,510,0,0
14.322,2,1,1,1,1,511,2,509,508,0,0
14.323,3,1,1,1,1,511,1,510,507,0,0
14.324,4,1,1,1,1,512,0,508,506,0,0
14.325,5,1,1,1,1,511,1,514,505,0,0
14.326,6,1,1,1,1,510,1,511,507,0,0
14.327,7,1,1,1,1,512,1,515,509,0,0
14.328,8,1,1,1,1,512,1,515,508,0,0
14.329,9,1,1,1,1,511,1,515,509,0,0
14.33,10,1,1,1,1,510,2,519,510,0,0
14.331,11,1,1,1,1,512,1,522,508,0,0
14.332,12,1,1,1,1,513,0,519,509,0,0
14.333,13,1,1,1,1,512,1,512,508,0,0
14.334,14,1,1,1,1,513,1,511,509,0,0
14.335,15,1,1,1,1,512,1,513,509,0,0
14.336,0,1,1,1,1,511,1,509,509,0,0
14.337,1,1,1,1,1,512,1,510,508,0,0
14.338,2,1,1,1,1,512,1,512,507,0,0
14.339,3,1,1,1,1,511,1,509,506,0,0
14.34,4,1,1,1,1,511,1,510,507,0,0
14.341,5,1,1,1,1,510,1,510,510,0,0
14.342,6,1,1,1,1,511,1,501,508,0,0
14.343,7,1,1,1,1,511,1,503,510,0,0
14.344,8,1,1,1,1,512,1,504,509,0,0
14.345,9,1,1,1,1,512,1,507,508,0,0
14.346,10,1,1,1,1,512,1,510,509,0,0
14.347,11,1,1,1,1,513,1,509,510,0,0
14.348,12,1,1,1,1,512,1,506,509,0,0
14.349,13,1,1,1,1,512,1,512,508,0,0
14.35,14,1,1,1,1,512,1,525,507,0,0
14.351,15,1,1,1,1,512,1,523,507,0,0
14.352,0,1,1,1,1,512,1,520,508,0,0
14.353,1,1,1,1,1,511,1,511,508,0,0
14.354,2,1,1,1,1,512,1,506,507,0,0
14.355,3,1,1,1,1,511,1,511,508,0,0
14.356,4,1,1,1,1,512,1,514,510,0,0
14.357,5,1,1,1,1,513,1,510,508,0,0
14.358,6,1,1,1,1,512,1,505,509,0,0
14.359,7,1,1,1,1,512,1,503,509,0,0
14.36,8,1,1,1,1,511,1,499,510,0,0
14.361,9,1,1,1,1,512,1,511,510,0,0
14.362,10,1,1,1,1,512,2,514,510,0,0
14.363,11,1,1,1,1,512,1,513,509,0,0
14.364,12,1,1,1,1,510,0,511,507,0,0
14.365,13,1,1,1,1,511,1,507,508,0,0
14.366,14,1,1,1,1,510,1,510,509,0,0
14.367,15,1,1,1,1,511,1,516,509,0,0
14.368,0,1,1,1,1,511,1,521,511,0,0
14.369,1,1,1,1,1,511,1,523,507,0,0
14.37,2,1,1,1,1,515,2,521,508,0,0
14.371,3,1,1,1,1,511,1,515,509,0,0
14.372,4,1,1,1,1,512,0,518,508,0,0
14.373,5,1,1,1,1,512,1,511,508,0,0
14.374,6,1,1,1,1,512,1,508,507,0,0
14.375,7,1,1,1,1,511,1,507,508,0,0
14.376,8,1,1,1,1,511,1,503,508,0,0
14.377,9,1,1,1,1,511,1,504,507,0,0
14.378,10,1,1,1,1,512,2,505,508,0,0
14.379,11,1,1,1,1,511,1,506,510,0,0
14.38,12,1,1,1,1,511,1,508,507,0,0
14.381,13,1,1,1,1,511,1,504,511,0,0
14.382,14,1,1,1,1,512,1,510,510,0,0
14.383,15,1,1,1,1,510,1,514,508,0,0
14.384,0,1,1,1,1,512,1,521,509,0,0
14.385,1,1,1,1,1,512,1,523,509,0,0
14.386,2,1,1,1,1,511,2,518,508,0,0
14.387,3,1,1,1,1,513,1,506,509,0,0
14.388,4,1,1,1,1,511,1,511,508,0,0
14.389,5,1,1,1,1,511,1,510,509,0,0
14.39,6,1,1,1,1,510,1,506,507,0,0
14.391,7,1,1,1,1,512,1,497,507,0,0
14.392,8,1,1,1,1,512,1,504,508,0,0
14.393,9,1,1,1,1,511,1,510,509,0,0
14.394,10,1,1,1,1,512,2,516,508,0,0
14.395,11,1,1,1,1,511,1,512,509,0,0
14.396,12,1,1,1,1,511,1,517,509,0,0
14.397,13,1,1,1,1,511,1,512,508,0,0
14.398,14,1,1,1,1,512,1,511,509,0,0
14.399,15,1,1,1,1,511,1,504,508,0,0
14.4,0,1,1,1,1,511,1,499,508,0,0
14.401,1,1,1,1,1,512,1,505,508,0,0
14.402,2,1,1,1,1,510,2,508,508,0,0
14.403,3,1,1,1,1,512,1,497,508,0,0
14.404,4,1,1,1,1,512,1,504,507,0,0
14.405,5,1,1,1,1,512,1,511,511,0,0
14.406,6,1,1,1,1,511,1,505,510,0,0
14.407,7,1,1,1,1,511,0,507,509,0,0
14.408,8,1,1,1,1,511,1,513,509,0,0
14.409,9,1,1,1,1,511,1,516,508,0,0
14.41,10,1,1,1,1,511,2,512,509,0,0
14.411,11,1,1,1,1,513,1,506,509,0,0
14.412,12,1,1,1,1,511,1,508,507,0,0
14.413,13,1,1,1,1,512,1,511,508,0,0
14.414,14,1,1,1,1,509,1,508,510,0,0
14.415,15,1,1,1,1,513,0,504,508,0,0
14.416,0,1,1,1,1,511,1,505,509,0,0
14.417,1,1,1,1,1,512,1,519,508,0,0
14.418,2,1,1,1,1,511,2,520,509,0,0
14.419,3,1,1,1,1,511,1,522,510,0,0
14.42,4,1,1,1,1,512,1,522,508,0,0
14.421,5,1,1,1,1,510,1,527,509,0,0
14.422,6,1,1,1,1,513,1,530,507,0,0
14.423,7,1,1,1,1,513,0,522,507,0,0
14.424,8,1,1,1,1,511,1,513,508,0,0
14.425,9,1,1,1,1,511,1,509,508,0,0
14.426,10,1,1,1,1,511,2,506,505,0,0
14.427,11,1,1,1,1,511,1,502,507,0,0
14.428,12,1,1,1,1,512,1,507,508,0,0
14.429,13,1,1,1,1,512,1,509,508,0,0
14.43,14,1,1,1,1,511,1,511,508,0,0
14.431,15,1,1,1,1,512,1,511,509,0,0
14.432,0,1,1,1,1,512,1,516,510,0,0
14.433,1,1,1,1,1,512,1,519,508,0,0
14.434,2,1,1,1,1,510,2,519,508,0,0
14.435,3,1,1,1,1,512,1,519,508,0,0
14.436,4,1,1,1,1,512,1,519,509,0,0
14.437,5,1,1,1,1,510,1,518,509,0,0
14.438,6,1,1,1,1,511,1,512,508,0,0
14.439,7,1,1,1,1,512,1,506,508,0,0
14.44,8,1,1,1,1,511,1,497,509,0,0
14.441,9,1,1,1,1,512,1,495,507,0,0
14.442,10,1,1,1,1,511,2,500,509,0,0
14.443,11,1,1,1,1,513,1,503,508,0,0
14.444,12,1,1,1,1,511,1,508,509,0,0
14.445,13,1,1,1,1,511,1,508,510,0,0
14.446,14,1,1,1,1,512,1,509,508,0,0
14.447,15,1,1,1,1,511,1,507,509,0,0
14.448,0,1,1,1,1,511,1,508,510,0,0
14.449,1,1,1,1,1,510,1,509,507,0,0
14.45,2,1,1,1,1,512,1,508,508,0,0
14.451,3,1,1,1,1,514,1,515,509,0,0
14.452,4,1,1,1,1,512,1,513,508,0,0
14.453,5,1,1,1,1,510,1,512,508,0,0
14.454,6,1,1,1,1,509,1,512,509,0,0
14.455,7,1,1,1,1,512,1,505,510,0,0
14.456,8,1,1,1,1,511,1,496,507,0,0
14.457,9,1,1,1,1,511,1,507,506,0,0
14.458,10,1,1,1,1,513,1,508,507,0,0
14.459,11,1,1,1,1,511,1,512,509,0,0
14.46,12,1,1,1,1,513,1,517,509,0,0
14.461,13,1,1,1,1,513,1,521,509,0,0
14.462,14,1,1,1,1,513,1,519,508,0,0
14.463,15,1,1,1,1,511,1,509,508,0,0
14.464,0,1,1,1,1,511,1,510,510,0,0
14.465,1,1,1,1,1,510,1,509,507,0,0
14.466,2,1,1,1,1,511,1,510,509,0,0
14.467,3,1,1,1,1,512,1,510,510,0,0
14.468,4,1,1,1,1,512,1,504,508,0,0
14.469,5,1,1,1,1,511,1,500,508,0,0
14.47,6,1,1,1,1,511,1,496,508,0,0
14.471,7,1,1,1,1,511,1,507,508,0,0
14.472,8,1,1,1,1,513,1,512,509,0,0
14.473,9,1,1,1,1,512,1,512,509,0,0
14.474,10,1,1,1,1,512,2,513,508,0,0
14.475,11,1,1,1,1,510,1,511,509,0,0
14.476,12,1,1,1,1,511,1,512,510,0,0
14.477,13,1,1,1,1,512,1,516,509,0,0
14.478,14,1,1,1,1,512,1,515,508,0,0
14.479,15,1,1,1,1,511,1,516,508,0,0
14.48,0,1,1,1,1,512,1,515,506,0,0
14.481,1,1,1,1,1,512,1,515,509,0,0
14.482,2,1,1,1,1,512,2,510,507,0,0
14.483,3,1,1,1,1,511,1,504,508,0,0
14.484,4,1,1,1,1,512,1,505,509,0,0
14.485,5,1,1,1,1,512,1,509,510,0,0
14.486,6,1,1,1,1,510,1,510,506,0,0
14.487,7,1,1,1,1,511,1,502,508,0,0
14.488,8,1,1,1,1,511,1,506,510,0,0
14.489,9,1,1,1,1,512,1,502,510,0,0
14.49,10,1,1,1,1,512,2,495,507,0,0
14.491,11,1,1,1,1,512,1,499,510,0,0
14.492,12,1,1,1,1,512,1,505,510,0,0
14.493,13,1,1,1,1,511,1,509,507,0,0
14.494,14,1,1,1,1,512,1,506,508,0,0
14.495,15,1,1,1,1,510,0,504,507,0,0
14.496,0,1,1,1,1,511,1,512,508,0,0
14.497,1,1,1,1,1,512,1,509,508,0,0
14.498,2,1,1,1,1,511,2,510,509,0,0
14.499,3,1,1,1,1,510,1,509,508,0,0
14.5,4,1,1,1,1,512,1,506,508,0,0
14.501,5,1,1,1,1,512,1,507,508,0,0
14.502,6,1,1,1,1,510,1,508,510,0,0
14.503,7,1,1,1,1,509,0,505,511,0,0
14.504,8,1,1,1,1,510,1,510,510,0,0
14.505,9,1,1,1,1,512,1,507,509,0,0
14.506,10,1,1,1,1,513,2,514,509,0,0
14.507,11,1,1,1,1,512,1,516,508,0,0
14.508,12,1,1,1,1,510,1,512,509,0,0
14.509,13,1,1,1,1,511,1,515,508,0,0
14.51,14,1,1,1,1,512,1,518,508,0,0
14.511,15,1,1,1,1,512,1,513,508,0,0
14.512,0,1,1,1,1,510,1,515,508,0,0
14.513,1,1,1,1,1,512,1,518,508,0,0
14.514,2,1,1,1,1,513,2,519,508,0,0
14.515,3,1,1,1,1,511,1,521,508,0,0
14.516,4,1,1,1,1,510,1,515,506,0,0
14.517,5,1,1,1,1,510,1,524,505,0,0
14.518,6,1,1,1,1,511,1,518,508,0,0
14.519,7,1,1,1,1,512,1,519,510,0,0
14.52,8,1,1,1,1,512,1,515,509,0,0
14.521,9,1,1,1,1,512,1,514,509,0,0
14.522,10,1,1,1,1,513,2,504,508,0,0
14.523,11,1,1,1,1,512,1,506,510,0,0
14.524,12,1,1,1,1,510,1,500,509,0,0
14.525,13,1,1,1,1,511,1,499,511,0,0
14.526,14,1,1,1,1,512,1,505,511,0,0
14.527,15,1,1,1,1,511,1,507,510,0,0
14.528,0,1,1,1,1,512,1,513,507,0,0
14.529,1,1,1,1,1,511,1,511,508,0,0
14.53,2,1,1,1,1,512,2,512,508,0,0
14.531,3,1,1,1,1,512,1,512,510,0,0
14.532,4,1,1,1,1,510,1,512,508,0,0
14.533,5,1,1,1,1,511,1,513,510,0,0
14.534,6,1,1,1,1,511,1,517,509,0,0
14.535,7,1,1,1,1,508,1,517,508,0,0
14.536,8,1,1,1,1,512,1,509,510,0,0
14.537,9,1,1,1,1,512,1,507,508,0,0
14.538,10,1,1,1,1,511,2,505,506,0,0
14.539,11,1,1,1,1,511,1,507,507,0,0
14.54,12,1,1,1,1,512,0,510,509,0,0
14.541,13,1,1,1,1,511,1,511,509,0,0
14.542,14,1,1,1,1,511,1,521,508,0,0
14.543,15,1,1,1,1,512,1,521,507,0,0
14.544,0,1,1,1,1,513,1,522,510,0,0
14.545,1,1,1,1,1,512,1,516,509,0,0
14.546,2,1,1,1,1,512,2,519,509,0,0
14.547,3,1,1,1,1,511,1,517,508,0,0
14.548,4,1,1,1,1,513,0,514,510,0,0
14.549,5,1,1,1,1,513,1,512,508,0,0
14.55,6,1,1,1,1,511,1,509,506,0,0
14.551,7,1,1,1,1,512,1,508,507,0,0
14.552,8,1,1,1,1,511,1,509,508,0,0
14.553,9,1,1,1,1,513,1,508,508,0,0
14.554,10,1,1,1,1,511,2,503,510,0,0
14.555,11,1,1,1,1,513,1,506,508,0,0
14.556,12,1,1,1,1,511,1,506,510,0,0
14.557,13,1,1,1,1,511,1,510,508,0,0
14.558,14,1,1,1,1,511,1,503,508,0,0
14.559,15,1,1,1,1,511,1,504,509,0,0
14.56,0,1,1,1,1,511,1,505,509,0,0
14.561,1,1,1,1,1,511,1,504,509,0,0
14.562,2,1,1,1,1,512,1,511,508,0,0
14.563,3,1,1,1,1,509,1,507,510,0,0
14.564,4,1,1,1,1,513,1,505,510,0,0
14.565,5,1,1,1,1,512,1,504,508,0,0
14.566,6,1,1,1,1,511,1,506,508,0,0
14.567,7,1,1,1,1,511,1,504,508,0,0
14.568,8,1,1,1,1,511,1,505,510,0,0
14.569,9,1,1,1,1,512,1,509,510,0,0
14.57,10,1,1,1,1,511,1,512,508,0,0
14.571,11,1,1,1,1,512,1,512,510,0,0
14.572,12,1,1,1,1,512,1,508,507,0,0
14.573,13,1,1,1,1,511,1,509,509,0,0
14.574,14,1,1,1,1,511,1,507,507,0,0
14.575,15,1,1,1,1,510,1,504,509,0,0
14.576,0,1,1,1,1,511,1,505,509,0,0
14.577,1,1,1,1,1,515,1,506,509,0,0
14.578,2,1,1,1,1,512,2,503,508,0,0
14.579,3,1,1,1,1,511,1,518,506,0,0
14.58,4,1,1,1,1,511,0,523,508,0,0
14.581,5,1,1,1,1,512,1,518,510,0,0
14.582,6,1,1,1,1,511,1,510,510,0,0
14.583,7,1,1,1,1,509,1,512,510,0,0
14.584,8,1,1,1,1,511,1,510,509,0,0
14.585,9,1,1,1,1,511,1,512,508,0,0
14.586,10,1,1,1,1,511,2,512,507,0,0
14.587,11,1,1,1,1,512,1,510,510,0,0
14.588,12,1,1,1,1,511,0,510,508,0,0
14.589,13,1,1,1,1,510,1,515,508,0,0
14.59,14,1,1,1,1,509,1,508,508,0,0
14.591,15,1,1,1,1,512,1,504,507,0,0
14.592,0,1,1,1,1,512,1,509,509,0,0
14.593,1,1,1,1,1,511,1,512,509,0,0
14.594,2,1,1,1,1,511,2,511,507,0,0
14.595,3,1,1,1,1,509,1,504,510,0,0
14.596,4,1,1,1,1,512,0,502,509,0,0
14.597,5,1,1,1,1,512,1,502,510,0,0
14.598,6,1,1,1,1,513,1,505,509,0,0
14.599,7,1,1,1,1,512,1,500,508,0,0
14.6,8,1,1,1,1,511,1,501,508,0,0
14.601,9,1,1,1,1,512,1,503,507,0,0
14.602,10,1,1,1,1,510,2,508,509,0,0
14.603,11,1,1,1,1,511,1,508,509,0,0
14.604,12,1,1,1,1,510,1,507,509,0,0
14.605,13,1,1,1,1,511,1,514,508,0,0
14.606,14,1,1,1,1,513,1,515,509,0,0
14.607,15,1,1,1,1,514,1,512,508,0,0
14.608,0,1,1,1,1,511,1,511,508,0,0
14.609,1,1,1,1,1,512,1,518,508,0,0
14.61,2,1,1,1,1,513,2,517,511,0,0
14.611,3,1,1,1,1,512,1,515,510,0,0
14.612,4,1,1,1,1,511,1,514,511,0,0
14.613,5,1,1,1,1,511,1,511,509,0,0
14.614,6,1,1,1,1,511,1,508,509,0,0
14.615,7,1,1,1,1,510,1,508,508,0,0
14.616,8,1,1,1,1,512,1,508,508,0,0
14.617,9,1,1,1,1,510,1,510,508,0,0
14.618,10,1,1,1,1,512,2,505,507,0,0
14.619,11,1,1,1,1,512,1,507,508,0,0
14.62,12,1,1,1,1,511,1,512,508,0,0
14.621,13,1,1,1,1,511,1,513,507,0,0
14.622,14,1,1,1,1,512,1,520,508,0,0
14.623,15,1,1,1,1,513,0,515,507,0,0
14.624,0,1,1,1,1,511,1,521,507,0,0
14.625,1,1,1,1,1,512,1,517,508,0,0
14.626,2,1,1,1,1,512,2,511,506,0,0
14.627,3,1,1,1,1,510,1,509,507,0,0
14.628,4,1,1,1,1,512,1,507,508,0,0
14.629,5,1,1,1,1,511,1,502,508,0,0
14.63,6,1,1,1,1,512,1,504,506,0,0
14.631,7,1,1,1,1,512,0,505,508,0,0
14.632,8,1,1,1,1,511,1,511,509,0,0
14.633,9,1,1,1,1,511,1,514,508,0,0
14.634,10,1,1,1,1,511,2,508,509,0,0
14.635,11,1,1,1,1,510,1,514,508,0,0
14.636,12,1,1,1,1,512,1,513,509,0,0
14.637,13,1,1,1,1,511,1,508,510,0,0
14.638,14,1,1,1,1,513,1,507,508,0,0
14.639,15,1,1,1,1,512,0,508,508,0,0
14.64,0,1,1,1,1,512,1,504,510,0,0
14.641,1,1,1,1,1,511,1,501,508,0,0
14.642,2,1,1,1,1,510,2,504,509,0,0
14.643,3,1,1,1,1,512,1,512,509,0,0
14.644,4,1,1,1,1,512,1,508,509,0,0
14.645,5,1,1,1,1,512,1,512,509,0,0
14.646,6,1,1,1,1,511,1,510,507,0,0
14.647,7,1,1,1,1,508,1,515,507,0,0
14.648,8,1,1,1,1,510,1,516,508,0,0
14.649,9,1,1,1,1,510,1,508,508,0,0
14.65,10,1,1,1,1,510,2,512,509,0,0
14.651,11,1,1,1,1,514,1,519,508,0,0
14.652,12,1,1,1,1,511,1,512,506,0,0
14.653,13,1,1,1,1,513,1,506,508,0,0
14.654,14,1,1,1,1,514,1,506,508,0,0
14.655,15,1,1,1,1,511,1,505,509,0,0
14.656,0,1,1,1,1,511,1,507,508,0,0
14.657,1,1,1,1,1,512,1,510,508,0,0
14.658,2,1,1,1,1,514,2,513,507,0,0
14.659,3,1,1,1,1,512,1,514,509,0,0
14.66,4,1,1,1,1,511,1,513,509,0,0
14.661,5,1,1,1,1,511,1,512,510,0,0
14.662,6,1,1,1,1,510,1,513,510,0,0
14.663,7,1,1,1,1,511,1,509,509,0,0
14.664,8,1,1,1,1,511,1,517,508,0,0
14.665,9,1,1,1,1,511,1,517,509,0,0
14.666,10,1,1,1,1,512,1,520,508,0,0
14.667,11,1,1,1,1,512,1,523,508,0,0
14.668,12,1,1,1,1,510,1,517,508,0,0
14.669,13,1,1,1,1,512,1,517,507,0,0
14.67,14,1,1,1,1,513,1,514,508,0,0
14.671,15,1,1,1,1,512,1,514,509,0,0
14.672,0,1,1,1,1,510,1,504,508,0,0
14.673,1,1,1,1,1,511,1,499,509,0,0
14.674,2,1,1,1,1,511,1,503,508,0,0
14.675,3,1,1,1,1,512,1,505,508,0,0
14.676,4,1,1,1,1,513,1,502,508,0,0
14.677,5,1,1,1,1,510,1,510,508,0,0
14.678,6,1,1,1,1,513,1,514,508,0,0
14.679,7,1,1,1,1,510,1,513,508,0,0
14.68,8,1,1,1,1,509,1,509,510,0,0
14.681,9,1,1,1,1,511,1,505,511,0,0
14.682,10,1,1,1,1,512,1,506,508,0,0
14.683,11,1,1,1,1,511,1,516,508,0,0
14.684,12,1,1,1,1,513,1,518,506,0,0
14.685,13,1,1,1,1,512,1,510,508,0,0
14.686,14,1,1,1,1,513,1,514,509,0,0
14.687,15,1,1,1,1,512,1,515,510,0,0
14.688,0,1,1,1,1,511,1,515,509,0,0
14.689,1,1,1,1,1,510,1,519,508,0,0
14.69,2,1,1,1,1,511,2,521,507,0,0
14.691,3,1,1,1,1,511,1,516,509,0,0
14.692,4,1,1,1,1,511,1,520,508,0,0
14.693,5,1,1,1,1,511,1,518,506,0,0
14.694,6,1,1,1,1,511,1,518,509,0,0
14.695,7,1,1,1,1,511,1,512,508,0,0
14.696,8,1,1,1,1,510,1,516,509,0,0
14.697,9,1,1,1,1,512,1,509,509,0,0
14.698,10,1,1,1,1,510,2,503,509,0,0
14.699,11,1,1,1,1,512,1,509,509,0,0
14.7,12,1,1,1,1,509,1,508,509,0,0
14.701,13,1,1,1,1,511,1,511,509,0,0
14.702,14,1,1,1,1,511,1,511,507,0,0
14.703,15,1,1,1,1,512,1,520,509,0,0
14.704,0,1,1,1,1,513,1,516,509,0,0
14.705,1,1,1,1,1,511,1,513,507,0,0
14.706,2,1,1,1,1,513,2,508,506,0,0
14.707,3,1,1,1,1,512,1,509,508,0,0
14.708,4,1,1,1,1,511,1,498,510,0,0
14.709,5,1,1,1,1,511,1,493,509,0,0
14.71,6,1,1,1,1,511,1,492,509,0,0
14.711,7,1,1,1,1,512,0,494,510,0,0
14.712,8,1,1,1,1,511,1,502,509,0,0
14.713,9,1,1,1,1,511,1,500,509,0,0
14.714,10,1,1,1,1,513,2,505,507,0,0
14.715,11,1,1,1,1,512,1,505,507,0,0
14.716,12,1,1,1,1,510,1,508,508,0,0
14.717,13,1,1,1,1,511,1,513,507,0,0
14.718,14,1,1,1,1,512,1,511,508,0,0
14.719,15,1,1,1,1,511,0,510,507,0,0
14.72,0,1,1,1,1,513,1,512,508,0,0
14.721,1,1,1,1,1,512,1,506,511,0,0
14.722,2,1,1,1,1,512,2,504,508,0,0
14.723,3,1,1,1,1,512,1,500,509,0,0
14.724,4,1,1,1,1,512,1,499,510,0,0
14.725,5,1,1,1,1,513,1,506,510,0,0
14.726,6,1,1,1,1,511,1,507,509,0,0
14.727,7,1,1,1,1,512,0,507,508,0,0
14.728,8,1,1,1,1,509,1,506,508,0,0
14.729,9,1,1,1,1,510,1,506,508,0,0
14.73,10,1,1,1,1,511,2,507,508,0,0
14.731,11,1,1,1,1,511,1,511,511,0,0
14.732,12,1,1,1,1,512,1,519,509,0,0
14.733,13,1,1,1,1,512,1,523,509,0,0
14.734,14,1,1,1,1,512,1,519,508,0,0
14.735,15,1,1,1,1,512,1,516,509,0,0
14.736,0,1,1,1,1,511,1,518,509,0,0
14.737,1,1,1,1,1,510,1,518,509,0,0
14.738,2,1,1,1,1,511,2,516,508,0,0
14.739,3,1,1,1,1,511,1,511,510,0,0
14.74,4,1,1,1,1,513,1,512,507,0,0
14.741,5,1,1,1,1,512,1,518,509,0,0
14.742,6,1,1,1,1,512,1,516,509,0,0
14.743,7,1,1,1,1,511,1,511,508,0,0
14.744,8,1,1,1,1,513,1,515,510,0,0
14.745,9,1,1,1,1,513,1,515,509,0,0
14.746,10,1,1,1,1,512,2,514,509,0,0
14.747,11,1,1,1,1,511,1,512,507,0,0
14.748,12,1,1,1,1,511,1,510,508,0,0
14.749,13,1,1,1,1,511,1,508,507,0,0
14.75,14,1,1,1,1,510,1,503,508,0,0
14.751,15,1,1,1,1,511,1,501,507,0,0
14.752,0,1,1,1,1,511,1,508,507,0,0
14.753,1,1,1,1,1,510,1,513,510,0,0
14.754,2,1,1,1,1,509,2,515,508,0,0
14.755,3,1,1,1,1,512,1,510,506,0,0
14.756,4,1,1,1,1,510,0,511,510,0,0
14.757,5,1,1,1,1,511,1,507,509,0,0
14.758,6,1,1,1,1,511,1,505,509,0,0
14.759,7,1,1,1,1,511,1,511,508,0,0
14.76,8,1,1,1,1,511,1,512,508,0,0
14.761,9,1,1,1,1,514,1,519,508,0,0
14.762,10,1,1,1,1,513,2,521,509,0,0
14.763,11,1,1,1,1,512,1,518,509,0,0
14.764,12,1,1,1,1,509,0,517,508,0,0
14.765,13,1,1,1,1,511,1,517,508,0,0
14.766,14,1,1,1,1,510,1,515,508,0,0
14.767,15,1,1,1,1,511,1,511,508,0,0
14.768,0,1,1,1,1,511,1,515,508,0,0
14.769,1,1,1,1,1,513,1,505,508,0,0
14.77,2,1,1,1,1,513,2,507,508,0,0
14.771,3,1,1,1,1,510,1,511,510,0,0
14.772,4,1,1,1,1,512,0,506,509,0,0
14.773,5,1,1,1,1,510,1,515,507,0,0
14.774,6,1,1,1,1,512,1,513,510,0,0
14.775,7,1,1,1,1,512,1,510,510,0,0
14.776,8,1,1,1,1,512,1,504,509,0,0
14.777,9,1,1,1,1,510,1,502,509,0,0
14.778,10,1,1,1,1,513,1,501,508,0,0
14.779,11,1,1,1,1,512,1,499,508,0,0
14.78,12,1,1,1,1,511,1,499,506,0,0
14.781,13,1,1,1,1,512,1,503,509,0,0
14.782,14,1,1,1,1,511,1,506,509,0,0
14.783,15,1,1,1,1,512,1,511,507,0,0
14.784,0,1,1,1,1,511,1,511,506,0,0
14.785,1,1,1,1,1,513,1,513,509,0,0
14.786,2,1,1,1,1,511,1,515,508,0,0
14.787,3,1,1,1,1,512,1,517,509,0,0
14.788,4,1,1,1,1,510,1,512,509,0,0
14.789,5,1,1,1,1,512,1,506,508,0,0
14.79,6,1,1,1,1,512,1,508,508,0,0
14.791,7,1,1,1,1,511,1,516,509,0,0
14.792,8,1,1,1,1,510,1,523,510,0,0
14.793,9,1,1,1,1,511,1,521,510,0,0
14.794,10,1,1,1,1,512,1,526,509,0,0
14.795,11,1,1,1,1,512,1,519,507,0,0
14.796,12,1,1,1,1,513,0,513,509,0,0
14.797,13,1,1,1,1,510,1,512,509,0,0
14.798,14,1,1,1,1,511,1,509,507,0,0
14.799,15,1,1,1,1,512,1,502,509,0,0
14.8,0,1,1,1,1,511,1,503,508,0,0
14.801,1,1,1,1,1,511,1,507,508,0,0
14.802,2,1,1,1,1,511,2,500,509,0,0
14.803,3,1,1,1,1,510,1,495,510,0,0
14.804,4,1,1,1,1,511,0,497,509,0,0
14.805,5,1,1,1,1,513,1,511,508,0,0
14.806,6,1,1,1,1,511,1,510,508,0,0
14.807,7,1,1,1,1,511,1,509,508,0,0
14.808,8,1,1,1,1,511,1,511,509,0,0
14.809,9,1,1,1,1,512,1,507,508,0,0
14.81,10,1,1,1,1,513,2,507,506,0,0
14.811,11,1,1,1,1,512,1,508,509,0,0
14.812,12,1,1,1,1,511,0,503,509,0,0
14.813,13,1,1,1,1,511,1,500,508,0,0
14.814,14,1,1,1,1,512,1,498,510,0,0
14.815,15,1,1,1,1,510,1,499,507,0,0
14.816,0,1,1,1,1,512,1,502,506,0,0
14.817,1,1,1,1,1,511,1,506,508,0,0
14.818,2,1,1,1,1,513,2,514,510,0,0
14.819,3,1,1,1,1,513,1,522,507,0,0
14.82,4,1,1,1,1,512,1,519,508,0,0
14.821,5,1,1,1,1,510,1,534,511,0,0
14.822,6,1,1,1,1,512,1,532,508,0,0
14.823,7,1,1,1,1,511,1,527,510,0,0
14.824,8,1,1,1,1,512,1,519,511,0,0
14.825,9,1,1,1,1,514,1,517,509,0,0
14.826,10,1,1,1,1,509,2,507,507,0,0
14.827,11,1,1,1,1,512,1,505,508,0,0
14.828,12,1,1,1,1,513,1,507,508,0,0
14.829,13,1,1,1,1,512,1,503,510,0,0
14.83,14,1,1,1,1,514,1,507,508,0,0
14.831,15,1,1,1,1,512,1,507,509,0,0
14.832,0,1,1,1,1,510,1,505,506,0,0
14.833,1,1,1,1,1,511,1,513,507,0,0
14.834,2,1,1,1,1,508,2,510,508,0,0
14.835,3,1,1,1,1,512,1,512,507,0,0
14.836,4,1,1,1,1,511,1,516,510,0,0
14.837,5,1,1,1,1,510,1,516,509,0,0
14.838,6,1,1,1,1,510,1,514,508,0,0
14.839,7,1,1,1,1,510,0,511,509,0,0
14.84,8,1,1,1,1,511,1,513,510,0,0
14.841,9,1,1,1,1,512,1,505,509,0,0
14.842,10,1,1,1,1,513,2,500,510,0,0
14.843,11,1,1,1,1,510,1,501,508,0,0
14.844,12,1,1,1,1,511,1,502,510,0,0
14.845,13,1,1,1,1,512,1,506,507,0,0
14.846,14,1,1,1,1,512,1,506,508,0,0
14.847,15,1,1,1,1,511,0,512,506,0,0
14.848,0,1,1,1,1,511,1,513,508,0,0
14.849,1,1,1,1,1,510,1,515,506,0,0
14.85,2,1,1,1,1,513,2,511,509,0,0
14.851,3,1,1,1,1,510,1,514,508,0,0
14.852,4,1,1,1,1,510,1,515,510,0,0
14.853,5,1,1,1,1,512,1,524,508,0,0
14.854,6,1,1,1,1,512,1,530,509,0,0
14.855,7,1,1,1,1,511,0,514,508,0,0
14.856,8,1,1,1,1,512,1,510,509,0,0
14.857,9,1,1,1,1,512,1,508,508,0,0
14.858,10,1,1,1,1,511,2,510,509,0,0
14.859,11,1,1,1,1,512,1,508,510,0,0
14.86,12,1,1,1,1,512,1,504,509,0,0
14.861,13,1,1,1,1,511,1,504,510,0,0
14.862,14,1,1,1,1,512,1,511,508,0,0
14.863,15,1,1,1,1,512,1,513,511,0,0
14.864,0,1,1,1,1,511,1,511,509,0,0
14.865,1,1,1,1,1,511,1,521,508,0,0
14.866,2,1,1,1,1,511,2,519,506,0,0
14.867,3,1,1,1,1,511,1,518,508,0,0
14.868,4,1,1,1,1,512,1,510,507,0,0
14.869,5,1,1,1,1,510,1,502,507,0,0
14.87,6,1,1,1,1,511,1,500,506,0,0
14.871,7,1,1,1,1,510,1,504,507,0,0
14.872,8,1,1,1,1,512,1,505,509,0,0
14.873,9,1,1,1,1,513,1,510,510,0,0
14.874,10,1,1,1,1,511,2,514,508,0,0
14.875,11,1,1,1,1,513,1,512,510,0,0
14.876,12,1,1,1,1,511,1,504,506,0,0
14.877,13,1,1,1,1,512,1,496,506,0,0
14.878,14,1,1,1,1,511,1,506,509,0,0
14.879,15,1,1,1,1,512,1,500,511,0,0
14.88,0,1,1,1,1,511,1,497,508,0,0
14.881,1,1,1,1,1,510,1,505,508,0,0
14.882,2,1,1,1,1,508,2,515,510,0,0
14.883,3,1,1,1,1,510,1,516,510,0,0
14.884,4,1,1,1,1,510,1,507,510,0,0
14.885,5,1,1,1,1,510,1,510,509,0,0
14.886,6,1,1,1,1,513,1,515,507,0,0
14.887,7,1,1,1,1,512,1,514,508,0,0
14.888,8,1,1,1,1,512,1,520,509,0,0
14.889,9,1,1,1,1,512,1,520,511,0,0
14.89,10,1,1,1,1,511,1,511,507,0,0
14.891,11,1,1,1,1,514,1,508,507,0,0
14.892,12,1,1,1,1,512,1,507,508,0,0
14.893,13,1,1,1,1,513,1,505,508,0,0
14.894,14,1,1,1,1,512,1,507,508,0,0
14.895,15,1,1,1,1,511,1,509,507,0,0
14.896,0,1,1,1,1,512,1,505,509,0,0
14.897,1,1,1,1,1,512,1,509,507,0,0
14.898,2,1,1,1,1,512,1,505,509,0,0
14.899,3,1,1,1,1,511,1,502,507,0,0
14.9,4,1,1,1,1,512,1,500,509,0,0
14.901,5,1,1,1,1,512,1,504,509,0,0
14.902,6,1,1,1,1,513,1,510,509,0,0
14.903,7,1,1,1,1,510,1,516,507,0,0
14.904,8,1,1,1,1,512,1,511,508,0,0
14.905,9,1,1,1,1,512,1,519,509,0,0
14.906,10,1,1,1,1,510,2,517,508,0,0
14.907,11,1,1,1,1,512,1,517,509,0,0
14.908,12,1,1,1,1,511,1,515,509,0,0
14.909,13,1,1,1,1,511,1,519,508,0,0
14.91,14,1,1,1,1,510,1,511,508,0,0
14.911,15,1,1,1,1,509,1,506,509,0,0
14.912,0,1,1,1,1,512,1,510,510,0,0
14.913,1,1,1,1,1,512,1,504,509,0,0
14.914,2,1,1,1,1,512,2,509,509,0,0
14.915,3,1,1,1,1,511,1,503,508,0,0
14.916,4,1,1,1,1,512,1,510,508,0,0
14.917,5,1,1,1,1,512,1,503,507,0,0
14.918,6,1,1,1,1,511,1,505,508,0,0
14.919,7,1,1,1,1,511,1,521,509,0,0
14.92,8,1,1,1,1,512,1,521,509,0,0
14.921,9,1,1,1,1,511,1,512,508,0,0
14.922,10,1,1,1,1,511,2,513,509,0,0
14.923,11,1,1,1,1,512,1,507,508,0,0
14.924,12,1,1,1,1,510,1,507,507,0,0
14.925,13,1,1,1,1,512,1,503,508,0,0
14.926,14,1,1,1,1,512,1,509,508,0,0
14.927,15,1,1,1,1,511,0,514,508,0,0
14.928,0,1,1,1,1,513,1,511,507,0,0
14.929,1,1,1,1,1,512,1,513,510,0,0
14.93,2,1,1,1,1,511,2,513,508,0,0
14.931,3,1,1,1,1,511,1,513,508,0,0
14.932,4,1,1,1,1,511,1,514,509,0,0
14.933,5,1,1,1,1,512,1,505,509,0,0
14.934,6,1,1,1,1,512,1,512,510,0,0
14.935,7,1,1,1,1,513,0,508,509,0,0
14.936,8,1,1,1,1,512,1,507,507,0,0
14.937,9,1,1,1,1,512,1,511,507,0,0
14.938,10,1,1,1,1,511,2,512,508,0,0
14.939,11,1,1,1,1,512,1,511,509,0,0
14.94,12,1,1,1,1,511,1,518,509,0,0
14.941,13,1,1,1,1,512,1,516,510,0,0
14.942,14,1,1,1,1,510,1,518,510,0,0
14.943,15,1,1,1,1,513,0,516,507,0,0
14.944,0,1,1,1,1,513,1,520,508,0,0
14.945,1,1,1,1,1,512,1,513,509,0,0
14.946,2,1,1,1,1,510,2,511,508,0,0
14.947,3,1,1,1,1,513,1,509,507,0,0
14.948,4,1,1,1,1,513,1,508,508,0,0
14.949,5,1,1,1,1,512,1,505,507,0,0
14.95,6,1,1,1,1,512,1,514,508,0,0
14.951,7,1,1,1,1,511,1,520,509,0,0
14.952,8,1,1,1,1,512,1,519,507,0,0
14.953,9,1,1,1,1,512,1,513,506,0,0
14.954,10,1,1,1,1,512,2,512,509,0,0
14.955,11,1,1,1,1,511,1,504,509,0,0
14.956,12,1,1,1,1,510,1,505,509,0,0
14.957,13,1,1,1,1,511,1,510,509,0,0
14.958,14,1,1,1,1,511,1,508,510,0,0
14.959,15,1,1,1,1,512,1,511,510,0,0
14.96,0,1,1,1,1,510,1,511,508,0,0
14.961,1,1,1,1,1,510,1,510,508,0,0
14.962,2,1,1,1,1,511,2,505,509,0,0
14.963,3,1,1,1,1,511,1,503,511,0,0
14.964,4,1,1,1,1,510,1,504,510,0,0
14.965,5,1,1,1,1,510,1,507,510,0,0
14.966,6,1,1,1,1,511,1,508,508,0,0
14.967,7,1,1,1,1,512,1,504,507,0,0
14.968,8,1,1,1,1,513,1,503,507,0,0
14.969,9,1,1,1,1,511,1,499,506,0,0
14.97,10,1,1,1,1,507,2,499,506,0,0
14.971,11,1,1,1,1,512,1,504,508,0,0
14.972,12,1,1,1,1,512,0,507,505,0,0
14.973,13,1,1,1,1,512,1,500,510,0,0
14.974,14,1,1,1,1,511,1,508,510,0,0
14.975,15,1,1,1,1,512,1,512,510,0,0
14.976,0,1,1,1,1,511,1,511,509,0,0
14.977,1,1,1,1,1,512,1,519,509,0,0
14.978,2,1,1,1,1,511,2,513,508,0,0
14.979,3,1,1,1,1,513,1,517,509,0,0
14.98,4,1,1,1,1,511,0,516,506,0,0
14.981,5,1,1,1,1,510,1,510,505,0,0
14.982,6,1,1,1,1,511,1,506,508,0,0
14.983,7,1,1,1,1,512,1,518,509,0,0
14.984,8,1,1,1,1,512,1,514,509,0,0
14.985,9,1,1,1,1,513,1,516,510,0,0
14.986,10,1,1,1,1,512,2,515,511,0,0
14.987,11,1,1,1,1,510,1,511,509,0,0
14.988,12,1,1,1,1,510,0,509,508,0,0
14.989,13,1,1,1,1,511,1,513,508,0,0
14.99,14,1,1,1,1,510,1,506,507,0,0
14.991,15,1,1,1,1,510,1,509,508,0,0
14.992,0,1,1,1,1,510,1,515,504,0,0
14.993,1,1,1,1,1,511,1,515,509,0,0
14.994,2,1,1,1,1,511,1,516,508,0,0
14.995,3,1,1,1,1,512,1,518,508,0,0
14.996,4,1,1,1,1,510,1,513,509,0,0
14.997,5,1,1,1,1,512,1,512,508,0,0
14.998,6,1,1,1,1,513,1,515,509,0,0
14.999,7,1,1,1,1,511,1,509,508,0,0
15.0,8,1,1,1,1,514,1,502,507,0,0
15.001,9,1,1,1,1,512,1,504,508,0,0
15.002,10,1,1,1,1,512,1,501,509,0,0
15.003,11,1,1,1,1,512,1,503,508,0,0
15.004,12,1,1,1,1,513,1,505,510,0,0
15.005,13,1,1,1,1,512,1,509,509,0,0
15.006,14,1,1,1,1,511,1,513,508,0,0
15.007,15,1,1,1,1,511,1,510,508,0,0
15.008,0,1,1,1,1,513,1,507,509,0,0
15.009,1,1,1,1,1,512,1,514,508,0,0
15.01,2,1,1,1,1,510,1,518,510,0,0
15.011,3,1,1,1,1,511,1,517,509,0,0
15.012,4,1,1,1,1,510,1,510,511,0,0
15.013,5,1,1,1,1,510,1,514,508,0,0
15.014,6,1,1,1,1,513,1,516,506,0,0
15.015,7,1,1,1,1,512,1,514,506,0,0
15.016,8,1,1,1,1,512,1,509,507,0,0
15.017,9,1,1,1,1,511,1,498,508,0,0
15.018,10,1,1,1,1,512,2,497,508,0,0
15.019,11,1,1,1,1,513,1,503,507,0,0
15.02,12,1,1,1,1,510,0,507,509,0,0
15.021,13,1,1,1,1,509,1,510,508,0,0
15.022,14,1,1,1,1,510,1,511,509,0,0
15.023,15,1,1,1,1,511,1,505,508,0,0
15.024,0,1,1,1,1,512,1,501,508,0,0
15.025,1,1,1,1,1,512,1,499,511,0,0
15.026,2,1,1,1,1,512,2,508,511,0,0
15.027,3,1,1,1,1,511,1,511,509,0,0
15.028,4,1,1,1,1,510,0,514,507,0,0
15.029,5,1,1,1,1,510,1,512,508,0,0
15.03,6,1,1,1,1,511,1,512,508,0,0
15.031,7,1,1,1,1,512,1,508,507,0,0
15.032,8,1,1,1,1,514,1,510,509,0,0
15.033,9,1,1,1,1,510,1,512,507,0,0
15.034,10,1,1,1,1,511,2,517,508,0,0
15.035,11,1,1,1,1,510,1,525,509,0,0
15.036,12,1,1,1,1,511,1,533,508,0,0
15.037,13,1,1,1,1,512,1,523,507,0,0
15.038,14,1,1,1,1,513,1,523,508,0,0
15.039,15,1,1,1,1,510,1,525,511,0,0
15.04,0,1,1,1,1,511,1,518,509,0,0
15.041,1,1,1,1,1,511,1,512,510,0,0
15.042,2,1,1,1,1,513,2,503,509,0,0
15.043,3,1,1,1,1,513,1,512,509,0,0
15.044,4,1,1,1,1,513,1,513,508,0,0
15.045,5,1,1,1,1,511,1,516,510,0,0
15.046,6,1,1,1,1,512,1,519,507,0,0
15.047,7,1,1,1,1,511,1,518,506,0,0
15.048,8,1,1,1,1,512,1,511,507,0,0
15.049,9,1,1,1,1,509,1,505,508,0,0
15.05,10,1,1,1,1,512,2,501,509,0,0
15.051,11,1,1,1,1,512,1,500,509,0,0
15.052,12,1,1,1,1,511,1,496,508,0,0
15.053,13,1,1,1,1,510,1,498,508,0,0
15.054,14,1,1,1,1,510,1,501,508,0,0
15.055,15,1,1,1,1,511,1,501,508,0,0
15.056,0,1,1,1,1,512,1,502,508,0,0
15.057,1,1,1,1,1,511,1,503,510,0,0
15.058,2,1,1,1,1,512,2,505,508,0,0
15.059,3,1,1,1,1,511,1,497,506,0,0
15.06,4,1,1,1,1,512,1,500,509,0,0
15.061,5,1,1,1,1,513,1,510,509,0,0
15.062,6,1,1,1,1,513,1,507,510,0,0
15.063,7,1,1,1,1,512,0,505,510,0,0
15.064,8,1,1,1,1,512,1,510,508,0,0
15.065,9,1,1,1,1,511,1,508,508,0,0
15.066,10,1,1,1,1,512,2,511,508,0,0
15.067,11,1,1,1,1,511,1,508,509,0,0
15.068,12,1,1,1,1,511,1,518,508,0,0
15.069,13,1,1,1,1,511,1,523,507,0,0
15.07,14,1,1,1,1,513,1,519,508,0,0
15.071,15,1,1,1,1,512,0,532,508,0,0
15.072,0,1,1,1,1,512,1,524,510,0,0
15.073,1,1,1,1,1,511,1,516,508,0,0
15.074,2,1,1,1,1,511,2,507,507,0,0
15.075,3,1,1,1,1,512,1,500,508,0,0
15.076,4,1,1,1,1,513,1,504,508,0,0
15.077,5,1,1,1,1,510,1,500,507,0,0
15.078,6,1,1,1,1,512,1,504,507,0,0
15.079,7,1,1,1,1,511,1,499,509,0,0
15.08,8,1,1,1,1,511,1,499,509,0,0
15.081,9,1,1,1,1,512,1,497,507,0,0
15.082,10,1,1,1,1,512,2,507,508,0,0
15.083,11,1,1,1,1,513,1,499,510,0,0
15.084,12,1,1,1,1,512,1,516,510,0,0
15.085,13,1,1,1,1,513,1,515,510,0,0
15.086,14,1,1,1,1,512,1,511,511,0,0
15.087,15,1,1,1,1,511,1,507,508,0,0
15.088,0,1,1,1,1,508,1,506,510,0,0
15.089,1,1,1,1,1,509,1,509,507,0,0
15.09,2,1,1,1,1,509,2,511,508,0,0
15.091,3,1,1,1,1,511,1,521,509,0,0
15.092,4,1,1,1,1,511,1,523,510,0,0
15.093,5,1,1,1,1,512,1,520,510,0,0
15.094,6,1,1,1,1,512,1,519,509,0,0
15.095,7,1,1,1,1,511,1,511,510,0,0
15.096,8,1,1,1,1,512,1,511,507,0,0
15.097,9,1,1,1,1,511,1,514,509,0,0
15.098,10,1,1,1,1,510,2,523,505,0,0
15.099,11,1,1,1,1,511,1,525,508,0,0
15.1,12,1,1,1,1,511,1,518,507,0,0
15.101,13,1,1,1,1,512,1,514,509,0,0
15.102,14,1,1,1,1,510,1,523,510,0,0
15.103,15,1,1,1,1,513,1,518,510,0,0
15.104,0,1,1,1,1,511,1,512,508,0,0
15.105,1,1,1,1,1,512,1,509,509,0,0
15.106,2,1,1,1,1,512,1,512,509,0,0
15.107,3,1,1,1,1,514,1,513,507,0,0
15.108,4,1,1,1,1,511,1,511,507,0,0
15.109,5,1,1,1,1,511,1,512,508,0,0
15.11,6,1,1,1,1,512,1,505,507,0,0
15.111,7,1,1,1,1,510,1,509,507,0,0
15.112,8,1,1,1,1,511,1,503,509,0,0
15.113,9,1,1,1,1,513,1,502,508,0,0
15.114,10,1,1,1,1,512,1,501,508,0,0
15.115,11,1,1,1,1,511,1,499,507,0,0
15.116,12,1,1,1,1,513,1,505,507,0,0
15.117,13,1,1,1,1,511,1,514,509,0,0
15.118,14,1,1,1,1,513,1,508,510,0,0
15.119,15,1,1,1,1,512,1,509,508,0,0
15.12,0,1,1,1,1,511,1,510,509,0,0
15.121,1,1,1,1,1,510,1,513,511,0,0
15.122,2,1,1,1,1,510,1,508,509,0,0
15.123,3,1,1,1,1,510,1,502,509,0,0
15.124,4,1,1,1,1,511,1,505,509,0,0
15.125,5,1,1,1,1,509,1,504,507,0,0
15.126,6,1,1,1,1,510,1,506,509,0,0
15.127,7,1,1,1,1,514,1,498,510,0,0
15.128,8,1,1,1,1,512,1,508,508,0,0
15.129,9,1,1,1,1,513,1,504,508,0,0
15.13,10,1,1,1,1,513,2,505,507,0,0
15.131,11,1,1,1,1,511,1,508,508,0,0
15.132,12,1,1,1,1,511,1,513,508,0,0
15.133,13,1,1,1,1,511,1,512,508,0,0
15.134,14,1,1,1,1,510,1,511,510,0,0
15.135,15,1,1,1,1,512,1,509,510,0,0
15.136,0,1,1,1,1,514,1,511,506,0,0
15.137,1,1,1,1,1,511,1,505,507,0,0
15.138,2,1,1,1,1,511,2,512,508,0,0
15.139,3,1,1,1,1,512,1,518,507,0,0
15.14,4,1,1,1,1,512,1,508,508,0,0
15.141,5,1,1,1,1,511,1,513,508,0,0
15.142,6,1,1,1,1,510,1,509,511,0,0
15.143,7,1,1,1,1,512,1,515,508,0,0
15.144,8,1,1,1,1,511,1,514,506,0,0
15.145,9,1,1,1,1,512,1,524,507,0,0
15.146,10,1,1,1,1,512,2,525,508,0,0
15.147,11,1,1,1,1,510,1,520,508,0,0
15.148,12,1,1,1,1,512,1,518,508,0,0
15.149,13,1,1,1,1,512,1,507,508,0,0
15.15,14,1,1,1,1,511,1,515,509,0,0
15.151,15,1,1,1,1,510,0,511,509,0,0
15.152,0,1,1,1,1,512,1,513,511,0,0
15.153,1,1,1,1,1,512,1,504,510,0,0
15.154,2,1,1,1,1,512,2,509,508,0,0
15.155,3,1,1,1,1,511,1,513,508,0,0
15.156,4,1,1,1,1,510,1,510,509,0,0
15.157,5,1,1,1,1,512,1,514,509,0,0
15.158,6,1,1,1,1,512,1,512,508,0,0
15.159,7,1,1,1,1,511,0,511,508,0,0
15.16,8,1,1,1,1,512,1,513,508,0,0
15.161,9,1,1,1,1,511,1,507,508,0,0
15.162,10,1,1,1,1,511,2,508,508,0,0
15.163,11,1,1,1,1,512,1,509,509,0,0
15.164,12,1,1,1,1,512,1,508,510,0,0
15.165,13,1,1,1,1,511,1,508,508,0,0
15.166,14,1,1,1,1,511,1,511,508,0,0
15.167,15,1,1,1,1,512,1,505,508,0,0
15.168,0,1,1,1,1,511,1,499,509,0,0
15.169,1,1,1,1,1,511,1,506,507,0,0
15.17,2,1,1,1,1,511,2,513,510,0,0
15.171,3,1,1,1,1,510,1,501,510,0,0
15.172,4,1,1,1,1,513,1,502,508,0,0
15.173,5,1,1,1,1,511,1,505,507,0,0
15.174,6,1,1,1,1,510,1,507,507,0,0
15.175,7,1,1,1,1,512,1,501,510,0,0
15.176,8,1,1,1,1,511,1,496,509,0,0
15.177,9,1,1,1,1,511,1,504,508,0,0
15.178,10,1,1,1,1,509,2,515,509,0,0
15.179,11,1,1,1,1,512,1,503,508,0,0
15.18,12,1,1,1,1,512,1,504,509,0,0
15.181,13,1,1,1,1,511,1,502,508,0,0
15.182,14,1,1,1,1,511,1,507,507,0,0
15.183,15,1,1,1,1,513,1,515,508,0,0
15.184,0,1,1,1,1,513,1,520,509,0,0
15.185,1,1,1,1,1,511,1,515,509,0,0
15.186,2,1,1,1,1,511,2,511,509,0,0
15.187,3,1,1,1,1,511,1,512,507,0,0
15.188,4,1,1,1,1,512,1,519,508,0,0
15.189,5,1,1,1,1,511,1,518,508,0,0
15.19,6,1,1,1,1,512,1,518,508,0,0
15.191,7,1,1,1,1,511,1,521,510,0,0
15.192,8,1,1,1,1,511,1,520,508,0,0
15.193,9,1,1,1,1,513,1,514,509,0,0
15.194,10,1,1,1,1,511,2,514,509,0,0
15.195,11,1,1,1,1,513,1,516,508,0,0
15.196,12,1,1,1,1,511,0,515,509,0,0
15.197,13,1,1,1,1,511,1,511,510,0,0
15.198,14,1,1,1,1,510,1,503,513,0,0
15.199,15,1,1,1,1,510,1,508,510,0,0
15.2,0,1,1,1,1,511,1,505,506,0,0
15.201,1,1,1,1,1,510,1,505,507,0,0
15.202,2,1,1,1,1,510,2,504,505,0,0
15.203,3,1,1,1,1,510,1,509,506,0,0
15.204,4,1,1,1,1,512,0,516,507,0,0
15.205,5,1,1,1,1,512,1,512,508,0,0
15.206,6,1,1,1,1,512,1,513,508,0,0
15.207,7,1,1,1,1,512,1,509,508,0,0
15.208,8,1,1,1,1,511,1,511,507,0,0
15.209,9,1,1,1,1,511,1,508,508,0,0
15.21,10,1,1,1,1,512,1,517,509,0,0
15.211,11,1,1,1,1,512,1,510,509,0,0
15.212,12,1,1,1,1,511,1,511,509,0,0
15.213,13,1,1,1,1,513,1,515,507,0,0
15.214,14,1,1,1,1,511,1,519,508,0,0
15.215,15,1,1,1,1,513,1,518,507,0,0
15.216,0,1,1,1,1,512,1,512,508,0,0
15.217,1,1,1,1,1,512,1,512,509,0,0
15.218,2,1,1,1,1,512,1,512,509,0,0
15.219,3,1,1,1,1,512,1,515,507,0,0
15.22,4,1,1,1,1,513,1,518,506,0,0
15.221,5,1,1,1,1,511,1,511,508,0,0
15.222,6,1,1,1,1,512,1,508,507,0,0
15.223,7,1,1,1,1,512,1,510,509,0,0
15.224,8,1,1,1,1,513,1,509,511,0,0
15.225,9,1,1,1,1,509,1,505,509,0,0
15.226,10,1,1,1,1,511,1,508,508,0,0
15.227,11,1,1,1,1,510,1,504,511,0,0
15.228,12,1,1,1,1,511,1,503,511,0,0
15.229,13,1,1,1,1,512,1,509,511,0,0
15.23,14,1,1,1,1,511,1,505,509,0,0
15.231,15,1,1,1,1,511,1,504,508,0,0
15.232,0,1,1,1,1,510,1,503,506,0,0
15.233,1,1,1,1,1,511,1,515,508,0,0
15.234,2,1,1,1,1,511,2,516,510,0,0
15.235,3,1,1,1,1,511,1,514,508,0,0
15.236,4,1,1,1,1,512,0,512,508,0,0
15.237,5,1,1,1,1,512,1,514,508,0,0
15.238,6,1,1,1,1,512,1,512,511,0,0
15.239,7,1,1,1,1,512,1,514,510,0,0
15.24,8,1,1,1,1,513,1,510,508,0,0
15.241,9,1,1,1,1,513,1,513,507,0,0
15.242,10,1,1,1,1,514,2,519,508,0,0
15.243,11,1,1,1,1,512,1,509,505,0,0
15.244,12,1,1,1,1,511,0,507,506,0,0
15.245,13,1,1,1,1,509,1,505,505,0,0
15.246,14,1,1,1,1,513,1,503,509,0,0
15.247,15,1,1,1,1,513,1,507,510,0,0
15.248,0,1,1,1,1,511,1,513,512,0,0
15.249,1,1,1,1,1,511,1,509,509,0,0
15.25,2,1,1,1,1,510,2,506,508,0,0
15.251,3,1,1,1,1,512,1,506,506,0,0
15.252,4,1,1,1,1,512,0,516,508,0,0
15.253,5,1,1,1,1,512,1,516,509,0,0
15.254,6,1,1,1,1,512,1,519,507,0,0
15.255,7,1,1,1,1,513,1,512,505,0,0
15.256,8,1,1,1,1,515,1,502,507,0,0
15.257,9,1,1,1,1,513,1,497,507,0,0
15.258,10,1,1,1,1,512,2,506,509,0,0
15.259,11,1,1,1,1,511,1,507,507,0,0
15.26,12,1,1,1,1,512,1,507,510,0,0
15.261,13,1,1,1,1,512,1,503,513,0,0
15.262,14,1,1,1,1,509,1,498,514,0,0
15.263,15,1,1,1,1,508,1,493,510,0,0
15.264,0,1,1,1,1,506,1,494,506,0,0
15.265,1,1,1,1,1,506,1,510,508,0,0
15.266,2,1,1,1,1,508,2,513,508,0,0
15.267,3,1,1,1,1,509,1,506,508,0,0
15.268,4,1,1,1,1,508,1,507,509,0,0
15.269,5,1,1,1,1,512,1,515,510,0,0
15.27,6,1,1,1,1,513,1,517,509,0,0
15.271,7,1,1,1,1,511,1,509,509,0,0
15.272,8,1,1,1,1,512,1,508,508,0,0
15.273,9,1,1,1,1,512,1,499,506,0,0
15.274,10,1,1,1,1,515,2,504,508,0,0
15.275,11,1,1,1,1,514,1,510,509,0,0
15.276,12,1,1,1,1,513,1,513,508,0,0
15.277,13,1,1,1,1,512,1,518,504,0,0
15.278,14,1,1,1,1,511,1,518,508,0,0
15.279,15,1,1,1,1,513,0,517,504,0,0
15.28,0,1,1,1,1,513,1,518,507,0,0
15.281,1,1,1,1,1,512,1,522,510,0,0
15.282,2,1,1,1,1,513,2,513,509,0,0
15.283,3,1,1,1,1,512,1,511,508,0,0
15.284,4,1,1,1,1,513,1,514,504,0,0
15.285,5,1,1,1,1,513,1,513,507,0,0
15.286,6,1,1,1,1,512,1,512,505,0,0
15.287,7,1,1,1,1,510,0,512,507,0,0
15.288,8,1,1,1,1,513,1,504,507,0,0
15.289,9,1,1,1,1,513,1,517,512,0,0
15.29,10,1,1,1,1,514,2,515,511,0,0
15.291,11,1,1,1,1,514,1,514,512,0,0
15.292,12,1,1,1,1,509,1,511,511,0,0
15.293,13,1,1,1,1,505,1,505,512,0,0
15.294,14,1,1,1,1,504,1,504,511,0,0
15.295,15,1,1,1,1,506,0,496,506,0,0
15.296,0,1,1,1,1,510,1,507,507,0,0
15.297,1,1,1,1,1,512,1,508,509,0,0
15.298,2,1,1,1,1,512,2,485,509,0,0
15.299,3,1,1,1,1,512,1,488,510,0,0
15.3,4,1,1,1,1,511,1,494,509,0,0
15.301,5,1,1,1,1,512,1,504,508,0,0
15.302,6,1,1,1,1,514,1,503,508,0,0
15.303,7,1,1,1,1,512,1,495,511,0,0
15.304,8,1,1,1,1,513,1,496,511,0,0
15.305,9,1,1,1,1,513,1,511,509,0,0
15.306,10,1,1,1,1,514,2,517,508,0,0
15.307,11,1,1,1,1,513,1,519,510,0,0
15.308,12,1,1,1,1,512,1,526,508,0,0
15.309,13,1,1,1,1,512,1,517,505,0,0
15.31,14,1,1,1,1,514,1,512,504,0,0
15.311,15,1,1,1,1,513,1,511,502,0,0
15.312,0,1,1,1,1,513,1,503,504,0,0
15.313,1,1,1,1,1,513,1,500,505,0,0
15.314,2,1,1,1,1,512,2,488,509,0,0
15.315,3,1,1,1,1,511,1,494,513,0,0
15.316,4,1,1,1,1,511,1,487,514,0,0
15.317,5,1,1,1,1,512,1,495,512,0,0
15.318,6,1,1,1,1,509,1,505,513,0,0
15.319,7,1,1,1,1,508,1,513,511,0,0
15.32,8,1,1,1,1,507,1,517,510,0,0
15.321,9,1,1,1,1,508,1,523,508,0,0
15.322,10,1,1,1,1,509,1,519,507,0,0
15.323,11,1,1,1,1,511,1,525,507,0,0
15.324,12,1,1,1,1,510,1,516,505,0,0
15.325,13,1,1,1,1,513,1,521,506,0,0
15.326,14,1,1,1,1,512,1,517,506,0,0
15.327,15,1,1,1,1,511,1,510,511,0,0
15.328,0,1,1,1,1,512,1,508,509,0,0
15.329,1,1,1,1,1,511,1,509,509,0,0
15.33,2,1,1,1,1,511,1,509,509,0,0
15.331,3,1,1,1,1,514,1,514,509,0,0
15.332,4,1,1,1,1,513,1,517,512,0,0
15.333,5,1,1,1,1,512,1,512,512,0,0
15.334,6,1,1,1,1,512,1,514,511,0,0
15.335,7,1,1,1,1,511,1,518,507,0,0
15.336,8,1,1,1,1,510,1,514,504,0,0
15.337,9,1,1,1,1,514,1,490,505,0,0
15.338,10,1,1,1,1,514,1,423,506,0,0
15.339,11,1,1,1,1,515,1,403,505,0,0
15.34,12,1,1,1,1,516,1,407,504,0,0
15.341,13,1,1,1,1,516,1,410,501,0,0
15.342,14,1,1,1,1,512,1,425,499,0,0
15.343,15,1,1,1,1,515,1,431,502,0,0
15.344,0,1,1,1,1,516,1,439,507,0,0
15.345,1,1,1,1,1,515,1,446,514,0,0
15.346,2,1,1,1,1,518,2,460,523,0,0
15.347,3,1,1,1,1,516,1,478,525,0,0
15.348,4,1,1,1,1,508,1,484,510,0,0
15.349,5,1,1,1,1,500,1,503,503,0,0
15.35,6,1,1,1,1,503,1,508,504,0,0
15.351,7,1,1,1,1,501,1,503,504,0,0
15.352,8,1,1,1,1,508,1,513,510,0,0
15.353,9,1,1,1,1,514,1,514,512,0,0
15.354,10,1,1,1,1,511,2,509,513,0,0
15.355,11,1,1,1,1,503,1,505,510,0,0
15.356,12,1,1,1,1,503,1,499,509,0,0
15.357,13,1,1,1,1,501,1,503,505,0,0
15.358,14,1,1,1,1,511,1,513,502,0,0
15.359,15,1,1,1,1,516,1,527,505,0,0
15.36,0,1,1,1,1,517,1,526,511,0,0
15.361,1,1,1,1,1,515,1,520,516,0,0
15.362,2,1,1,1,1,510,2,510,512,0,0
15.363,3,1,1,1,1,512,1,508,506,0,0
15.364,4,1,1,1,1,511,1,517,500,0,0
15.365,5,1,1,1,1,519,1,536,504,0,0
15.366,6,1,1,1,1,523,1,539,505,0,0
15.367,7,1,1,1,1,525,0,531,508,0,0
15.368,8,1,1,1,1,522,1,519,505,0,0
15.369,9,1,1,1,1,523,1,497,496,0,0
15.37,10,1,1,1,1,516,2,470,504,0,0
15.371,11,1,1,1,1,509,1,445,513,0,0
15.372,12,1,1,1,1,498,1,452,527,0,0
15.373,13,1,1,1,1,490,1,455,525,0,0
15.374,14,1,1,1,1,494,1,460,507,0,0
15.375,15,1,1,1,1,503,0,483,496,0,0
15.376,0,1,1,1,1,511,1,518,498,0,0
15.377,1,1,1,1,1,514,1,524,488,0,0
15.378,2,1,1,1,1,518,2,524,492,0,0
15.379,3,1,1,1,1,515,1,511,516,0,0
15.38,4,1,1,1,1,512,1,500,532,0,0
15.381,5,1,1,1,1,505,1,497,533,0,0
15.382,6,1,1,1,1,506,1,483,524,0,0
15.383,7,1,1,1,1,503,0,477,525,0,0
15.384,8,1,1,1,1,499,1,479,525,0,0
15.385,9,1,1,1,1,506,1,498,529,0,0
15.386,10,1,1,1,1,502,2,507,521,0,0
15.387,11,1,1,1,1,502,1,527,512,0,0
15.388,12,1,1,1,1,506,1,538,509,0,0
15.389,13,1,1,1,1,513,1,545,496,0,0
15.39,14,1,1,1,1,528,1,540,488,0,0
15.391,15,1,1,1,1,533,1,545,493,0,0
15.392,0,1,1,1,1,537,1,545,496,0,0
15.393,1,1,1,1,1,531,1,542,499,0,0
15.394,2,1,1,1,1,517,2,523,497,0,0
15.395,3,1,1,1,1,518,1,529,501,0,0
15.396,4,1,1,1,1,524,1,560,505,0,0
15.397,5,1,1,1,1,514,1,557,502,0,0
15.398,6,1,1,1,1,508,1,533,498,0,0
15.399,7,1,1,1,1,494,1,500,520,0,0
15.4,8,1,1,1,1,492,1,477,522,0,0
15.401,9,1,1,1,1,489,1,452,517,0,0
15.402,10,1,1,1,1,507,2,461,519,0,0
15.403,11,1,1,1,1,522,1,503,508,0,0
15.404,12,1,1,1,1,524,1,505,513,0,0
15.405,13,1,1,1,1,513,1,495,510,0,0
15.406,14,1,1,1,1,504,1,498,496,0,0
15.407,15,1,1,1,1,501,1,497,492,0,0
15.408,0,1,1,1,1,511,1,520,499,0,0
15.409,1,1,1,1,1,523,1,542,507,0,0
15.41,2,1,1,1,1,520,2,528,510,0,0
15.411,3,1,1,1,1,521,1,523,504,0,0
15.412,4,1,1,1,1,512,0,515,499,0,0
15.413,5,1,1,1,1,500,1,491,500,0,0
15.414,6,1,1,1,1,505,1,493,519,0,0
15.415,7,1,1,1,1,514,1,505,536,0,0
15.416,8,1,1,1,1,514,1,525,528,0,0
15.417,9,1,1,1,1,511,1,537,510,0,0
15.418,10,1,1,1,1,495,2,534,492,0,0
15.419,11,1,1,1,1,489,1,530,497,0,0
15.42,12,1,1,1,1,501,0,539,509,0,0
15.421,13,1,1,1,1,508,1,534,518,0,0
15.422,14,1,1,1,1,520,1,536,519,0,0
15.423,15,1,1,1,1,519,1,535,518,0,0
15.424,0,1,1,1,1,512,1,524,517,0,0
15.425,1,1,1,1,1,524,1,544,520,0,0
15.426,2,1,1,1,1,521,2,533,481,0,0
15.427,3,1,1,1,1,524,1,526,493,0,0
15.428,4,1,1,1,1,525,0,526,497,0,0
15.429,5,1,1,1,1,521,1,517,511,0,0
15.43,6,1,1,1,1,516,1,492,525,0,0
15.431,7,1,1,1,1,507,1,484,528,0,0
15.432,8,1,1,1,1,504,1,476,510,0,0
15.433,9,1,1,1,1,507,1,516,492,0,0
15.434,10,1,1,1,1,510,1,576,480,0,0
15.435,11,1,1,1,1,523,1,627,485,0,0
15.436,12,1,1,1,1,540,1,633,485,0,0
15.437,13,1,1,1,1,541,1,605,486,0,0
15.438,14,1,1,1,1,524,1,525,502,0,0
15.439,15,1,1,1,1,518,1,479,501,0,0
15.44,0,1,1,1,1,511,1,428,503,0,0
15.441,1,1,1,1,1,494,1,412,539,0,0
15.442,2,1,1,1,1,469,1,402,561,0,0
15.443,3,1,1,1,1,455,1,408,530,0,0
15.444,4,1,1,1,1,459,1,454,517,0,0
15.445,5,1,1,1,1,487,1,508,510,0,0
15.446,6,1,1,1,1,502,1,529,509,0,0
15.447,7,1,1,1,1,511,1,540,514,0,0
15.448,8,1,1,1,1,538,1,578,512,0,0
15.449,9,1,1,1,1,540,1,592,512,0,0
15.45,10,1,1,1,1,520,1,616,495,0,0
15.451,11,1,1,1,1,529,1,621,502,0,0
15.452,12,1,1,1,1,546,0,609,485,0,0
15.453,13,1,1,1,1,553,1,551,506,0,0
15.454,14,1,1,1,1,528,1,441,524,0,0
15.455,15,1,1,1,1,506,1,361,536,0,0
15.456,0,1,1,1,1,485,1,325,535,0,0
15.457,1,1,1,1,1,471,1,317,549,0,0
15.458,2,1,1,1,1,460,1,341,529,0,0
15.459,3,1,1,1,1,458,1,415,494,0,0
15.46,4,1,1,1,1,472,0,509,488,0,0
15.461,5,1,1,1,1,503,1,594,499,0,0
15.462,6,1,1,1,1,519,1,620,491,0,0
15.463,7,1,1,1,1,534,1,631,490,0,0
15.464,8,1,1,1,1,543,1,625,492,0,0
15.465,9,1,1,1,1,540,1,590,489,0,0
15.466,10,1,1,1,1,538,2,593,496,0,0
15.467,11,1,1,1,1,553,1,618,500,0,0
15.468,12,1,1,1,1,547,0,605,502,0,0
15.469,13,1,1,1,1,530,1,573,509,0,0
15.47,14,1,1,1,1,516,1,534,499,0,0
15.471,15,1,1,1,1,507,1,508,481,0,0
15.472,0,1,1,1,1,504,1,496,499,0,0
15.473,1,1,1,1,1,501,1,493,526,0,0
15.474,2,1,1,1,1,503,2,469,547,0,0
15.475,3,1,1,1,1,492,1,498,509,0,0
15.476,4,1,1,1,1,494,1,516,500,0,0
15.477,5,1,1,1,1,497,1,496,505,0,0
15.478,6,1,1,1,1,502,1,500,531,0,0
15.479,7,1,1,1,1,521,1,504,545,0,0
15.48,8,1,1,1,1,530,1,530,523,0,0
15.481,9,1,1,1,1,532,1,565,492,0,0
15.482,10,1,1,1,1,524,2,590,500,0,0
15.483,11,1,1,1,1,513,1,561,498,0,0
15.484,12,1,1,1,1,499,1,506,486,0,0
15.485,13,1,1,1,1,503,1,481,515,0,0
15.486,14,1,1,1,1,510,1,440,533,0,0
15.487,15,1,1,1,1,500,1,408,527,0,0
15.488,0,1,1,1,1,494,1,405,534,0,0
15.489,1,1,1,1,1,501,1,442,520,0,0
15.49,2,1,1,1,1,504,2,500,504,0,0
15.491,3,1,1,1,1,488,1,544,490,0,0
15.492,4,1,1,1,1,493,1,580,489,0,0
15.493,5,1,1,1,1,514,1,579,499,0,0
15.494,6,1,1,1,1,528,1,582,518,0,0
15.495,7,1,1,1,1,536,0,550,514,0,0
15.496,8,1,1,1,1,522,1,508,515,0,0
15.497,9,1,1,1,1,497,1,480,504,0,0
15.498,10,1,1,1,1,497,2,490,483,0,0
15.499,11,1,1,1,1,513,1,518,486,0,0
15.5,12,1,1,1,1,515,1,532,499,0,0
15.501,13,1,1,1,1,509,1,550,512,0,0
15.502,14,1,1,1,1,507,1,546,507,0,0
15.503,15,1,1,1,1,523,0,568,505,0,0
15.504,0,1,1,1,1,550,1,615,502,0,0
15.505,1,1,1,1,1,552,1,654,498,0,0
15.506,2,1,1,1,1,551,2,626,487,0,0
15.507,3,1,1,1,1,538,1,551,497,0,0
15.508,4,1,1,1,1,527,1,424,506,0,0
15.509,5,1,1,1,1,508,1,307,531,0,0
15.51,6,1,1,1,1,491,1,270,551,0,0
15.511,7,1,1,1,1,472,0,269,548,0,0
15.512,8,1,1,1,1,457,1,308,537,0,0
15.513,9,1,1,1,1,455,1,384,505,0,0
15.514,10,1,1,1,1,460,1,452,500,0,0
15.515,11,1,1,1,1,500,1,518,501,0,0
15.516,12,1,1,1,1,541,1,579,494,0,0
15.517,13,1,1,1,1,547,1,612,489,0,0
15.518,14,1,1,1,1,543,1,604,480,0,0
15.519,15,1,1,1,1,541,1,575,491,0,0
15.52,0,1,1,1,1,531,1,551,495,0,0
15.521,1,1,1,1,1,538,1,577,495,0,0
15.522,2,1,1,1,1,529,2,590,508,0,0
15.523,3,1,1,1,1,525,1,572,526,0,0
15.524,4,1,1,1,1,523,1,552,516,0,0
15.525,5,1,1,1,1,505,1,518,538,0,0
15.526,6,1,1,1,1,484,1,462,543,0,0
15.527,7,1,1,1,1,477,1,433,531,0,0
15.528,8,1,1,1,1,494,1,470,523,0,0
15.529,9,1,1,1,1,505,1,503,530,0,0
15.53,10,1,1,1,1,482,1,464,514,0,0
15.531,11,1,1,1,1,470,1,447,498,0,0
15.532,12,1,1,1,1,488,1,455,497,0,0
15.533,13,1,1,1,1,497,1,480,498,0,0
15.534,14,1,1,1,1,511,1,498,507,0,0
15.535,15,1,1,1,1,526,1,535,513,0,0
15.536,0,1,1,1,1,508,1,533,487,0,0
15.537,1,1,1,1,1,495,1,527,485,0,0
15.538,2,1,1,1,1,510,1,573,520,0,0
15.539,3,1,1,1,1,522,1,575,508,0,0
15.54,4,1,1,1,1,538,1,562,504,0,0
15.541,5,1,1,1,1,541,1,543,515,0,0
15.542,6,1,1,1,1,539,1,534,519,0,0
15.543,7,1,1,1,1,524,1,545,513,0,0
15.544,8,1,1,1,1,517,1,544,510,0,0
15.545,9,1,1,1,1,525,1,548,500,0,0
15.546,10,1,1,1,1,524,1,545,477,0,0
15.547,11,1,1,1,1,516,1,556,477,0,0
15.548,12,1,1,1,1,515,1,576,485,0,0
15.549,13,1,1,1,1,527,1,583,499,0,0
15.55,14,1,1,1,1,533,1,569,519,0,0
15.551,15,1,1,1,1,525,1,529,513,0,0
15.552,0,1,1,1,1,519,1,503,512,0,0
15.553,1,1,1,1,1,504,1,466,519,0,0
15.554,2,1,1,1,1,499,1,451,519,0,0
15.555,3,1,1,1,1,507,1,483,510,0,0
15.556,4,1,1,1,1,515,1,526,513,0,0
15.557,5,1,1,1,1,508,1,517,526,0,0
15.558,6,1,1,1,1,491,1,482,516,0,0
15.559,7,1,1,1,1,480,1,460,510,0,0
15.56,8,1,1,1,1,484,1,454,496,0,0
15.561,9,1,1,1,1,486,1,441,481,0,0
15.562,10,1,1,1,1,487,1,425,497,0,0
15.563,11,1,1,1,1,491,1,428,520,0,0
15.564,12,1,1,1,1,500,1,461,542,0,0
15.565,13,1,1,1,1,521,1,530,551,0,0
15.566,14,1,1,1,1,518,1,557,510,0,0
15.567,15,1,1,1,1,516,1,551,489,0,0
15.568,0,1,1,1,1,515,1,535,483,0,0
15.569,1,1,1,1,1,513,1,504,493,0,0
15.57,2,1,1,1,1,516,2,486,510,0,0
15.571,3,1,1,1,1,526,1,521,521,0,0
15.572,4,1,1,1,1,521,1,551,501,0,0
15.573,5,1,1,1,1,504,1,545,496,0,0
15.574,6,1,1,1,1,500,1,528,503,0,0
15.575,7,1,1,1,1,512,1,524,516,0,0
15.576,8,1,1,1,1,535,1,527,524,0,0
15.577,9,1,1,1,1,527,1,532,530,0,0
15.578,10,1,1,1,1,503,2,517,512,0,0
15.579,11,1,1,1,1,516,1,523,486,0,0
15.58,12,1,1,1,1,506,1,519,497,0,0
15.581,13,1,1,1,1,507,1,524,507,0,0
15.582,14,1,1,1,1,519,1,517,519,0,0
15.583,15,1,1,1,1,509,0,502,531,0,0
15.584,0,1,1,1,1,515,1,514,507,0,0
15.585,1,1,1,1,1,533,1,579,503,0,0
15.586,2,1,1,1,1,553,2,695,482,0,0
15.587,3,1,1,1,1,541,1,673,460,0,0
15.588,4,1,1,1,1,519,1,597,460,0,0
15.589,5,1,1,1,1,531,1,520,518,0,0
15.59,6,1,1,1,1,521,1,409,561,0,0
15.591,7,1,1,1,1,494,0,329,570,0,0
15.592,8,1,1,1,1,477,1,323,559,0,0
15.593,9,1,1,1,1,440,1,298,518,0,0
15.594,10,1,1,1,1,429,1,372,497,0,0
15.595,11,1,1,1,1,467,1,494,499,0,0
15.596,12,1,1,1,1,514,1,551,507,0,0
15.597,13,1,1,1,1,536,1,597,498,0,0
15.598,14,1,1,1,1,540,1,617,486,0,0
15.599,15,1,1,1,1,548,1,603,488,0,0
15.6,0,1,1,1,1,542,1,582,484,0,0
15.601,1,1,1,1,1,528,1,563,485,0,0
15.602,2,1,1,1,1,526,2,538,513,0,0
15.603,3,1,1,1,1,506,1,504,550,0,0
15.604,4,1,1,1,1,495,1,508,531,0,0
15.605,5,1,1,1,1,495,1,526,510,0,0
15.606,6,1,1,1,1,495,1,543,509,0,0
15.607,7,1,1,1,1,528,1,597,509,0,0
15.608,8,1,1,1,1,540,1,595,503,0,0
15.609,9,1,1,1,1,521,1,530,493,0,0
15.61,10,1,1,1,1,520,2,488,499,0,0
15.611,11,1,1,1,1,516,1,465,508,0,0
15.612,12,1,1,1,1,515,1,440,520,0,0
15.613,13,1,1,1,1,494,1,428,522,0,0
15.614,14,1,1,1,1,487,1,481,505,0,0
15.615,15,1,1,1,1,488,1,499,495,0,0
15.616,0,1,1,1,1,491,1,519,478,0,0
15.617,1,1,1,1,1,504,1,532,489,0,0
15.618,2,1,1,1,1,527,2,523,510,0,0
15.619,3,1,1,1,1,526,1,478,528,0,0
15.62,4,1,1,1,1,527,1,479,535,0,0
15.621,5,1,1,1,1,512,1,478,516,0,0
15.622,6,1,1,1,1,508,1,535,496,0,0
15.623,7,1,1,1,1,549,1,644,487,0,0
15.624,8,1,1,1,1,549,1,643,484,0,0
15.625,9,1,1,1,1,525,1,583,474,0,0
15.626,10,1,1,1,1,526,2,522,495,0,0
15.627,11,1,1,1,1,517,1,432,534,0,0
15.628,12,1,1,1,1,488,0,373,556,0,0
15.629,13,1,1,1,1,467,1,341,564,0,0
15.63,14,1,1,1,1,415,0,313,545,0,0
15.631,15,1,1,1,1,404,0,383,513,0,0
15.632,0,1,1,1,1,463,1,459,504,0,0
15.633,1,1,1,1,1,517,1,540,509,0,0
15.634,2,1,1,1,1,547,2,569,521,0,0
15.635,3,1,1,1,1,543,1,577,507,0,0
15.636,4,1,1,1,1,536,0,572,501,0,0
15.637,5,1,1,1,1,535,1,566,491,0,0
15.638,6,1,1,1,1,536,1,568,487,0,0
15.639,7,1,1,1,1,530,1,551,487,0,0
15.64,8,1,1,1,1,538,1,574,496,0,0
15.641,9,1,1,1,1,529,1,585,502,0,0
15.642,10,1,1,1,1,525,2,598,507,0,0
15.643,11,1,1,1,1,530,1,587,509,0,0
15.644,12,1,1,1,1,526,0,561,515,0,0
15.645,13,1,1,1,1,519,1,517,527,0,0
15.646,14,1,1,1,1,517,1,495,508,0,0
15.647,15,1,1,1,1,507,1,458,494,0,0
15.648,0,1,1,1,1,508,1,454,483,0,0
15.649,1,1,1,1,1,517,1,508,489,0,0
15.65,2,1,1,1,1,515,1,506,505,0,0
15.651,3,1,1,1,1,513,1,528,510,0,0
15.652,4,1,1,1,1,523,1,583,504,0,0
15.653,5,1,1,1,1,527,1,547,507,0,0
15.654,6,1,1,1,1,518,1,505,507,0,0
15.655,7,1,1,1,1,515,1,483,516,0,0
15.656,8,1,1,1,1,499,1,453,520,0,0
15.657,9,1,1,1,1,489,1,442,516,0,0
15.658,10,1,1,1,1,495,1,457,509,0,0
15.659,11,1,1,1,1,487,1,457,516,0,0
15.66,12,1,1,1,1,479,1,441,519,0,0
15.661,13,1,1,1,1,489,1,470,515,0,0
15.662,14,1,1,1,1,500,1,499,502,0,0
15.663,15,1,1,1,1,517,1,533,486,0,0
15.664,0,1,1,1,1,522,1,553,472,0,0
15.665,1,1,1,1,1,518,1,537,486,0,0
15.666,2,1,1,1,1,521,1,527,527,0,0
15.667,3,1,1,1,1,533,1,559,533,0,0
15.668,4,1,1,1,1,529,1,558,511,0,0
15.669,5,1,1,1,1,501,1,523,513,0,0
15.67,6,1,1,1,1,479,1,485,518,0,0
15.671,7,1,1,1,1,483,1,484,491,0,0
15.672,8,1,1,1,1,536,1,539,488,0,0
15.673,9,1,1,1,1,551,1,553,508,0,0
15.674,10,1,1,1,1,523,2,524,549,0,0
15.675,11,1,1,1,1,478,1,446,547,0,0
15.676,12,1,1,1,1,498,0,471,530,0,0
15.677,13,1,1,1,1,519,1,508,523,0,0
15.678,14,1,1,1,1,515,1,473,517,0,0
15.679,15,1,1,1,1,503,1,435,505,0,0
15.68,0,1,1,1,1,494,1,451,508,0,0
15.681,1,1,1,1,1,502,1,478,514,0,0
15.682,2,1,1,1,1,522,2,485,527,0,0
15.683,3,1,1,1,1,500,1,481,501,0,0
15.684,4,1,1,1,1,499,0,506,497,0,0
15.685,5,1,1,1,1,500,1,520,496,0,0
15.686,6,1,1,1,1,500,1,528,488,0,0
15.687,7,1,1,1,1,516,1,543,497,0,0
15.688,8,1,1,1,1,524,1,533,501,0,0
15.689,9,1,1,1,1,538,1,594,514,0,0
15.69,10,1,1,1,1,533,2,614,500,0,0
15.691,11,1,1,1,1,519,1,608,496,0,0
15.692,12,1,1,1,1,511,1,555,494,0,0
15.693,13,1,1,1,1,514,1,502,511,0,0
15.694,14,1,1,1,1,522,1,461,542,0,0
15.695,15,1,1,1,1,512,1,417,544,0,0
15.696,0,1,1,1,1,497,1,393,525,0,0
15.697,1,1,1,1,1,469,1,399,468,0,0
15.698,2,1,1,1,1,471,1,462,459,0,0
15.699,3,1,1,1,1,510,1,610,464,0,0
15.7,4,1,1,1,1,554,1,691,476,0,0
15.701,5,1,1,1,1,568,1,652,492,0,0
15.702,6,1,1,1,1,560,1,563,508,0,0
15.703,7,1,1,1,1,540,1,503,523,0,0
15.704,8,1,1,1,1,512,1,416,549,0,0
15.705,9,1,1,1,1,491,1,398,563,0,0
15.706,10,1,1,1,1,466,1,397,538,0,0
15.707,11,1,1,1,1,447,1,408,507,0,0
15.708,12,1,1,1,1,491,1,503,493,0,0
15.709,13,1,1,1,1,524,1,576,494,0,0
15.71,14,1,1,1,1,541,1,590,504,0,0
15.711,15,1,1,1,1,526,1,552,506,0,0
15.712,0,1,1,1,1,510,1,499,510,0,0
15.713,1,1,1,1,1,503,1,461,511,0,0
15.714,2,1,1,1,1,502,2,467,524,0,0
15.715,3,1,1,1,1,502,1,484,522,0,0
15.716,4,1,1,1,1,481,1,456,489,0,0
15.717,5,1,1,1,1,489,1,479,497,0,0
15.718,6,1,1,1,1,509,1,505,513,0,0
15.719,7,1,1,1,1,513,0,494,519,0,0
15.72,8,1,1,1,1,519,1,503,526,0,0
15.721,9,1,1,1,1,521,1,518,521,0,0
15.722,10,1,1,1,1,523,2,527,510,0,0
15.723,11,1,1,1,1,516,1,556,493,0,0
15.724,12,1,1,1,1,524,1,577,493,0,0
15.725,13,1,1,1,1,536,1,591,484,0,0
15.726,14,1,1,1,1,548,1,624,474,0,0
15.727,15,1,1,1,1,560,1,683,471,0,0
15.728,0,1,1,1,1,576,2,743,473,0,0
15.729,1,1,1,1,1,577,2,710,484,0,0
15.73,2,1,1,1,1,549,2,589,493,0,0
15.731,3,1,1,1,1,531,1,463,505,0,0
15.732,4,1,1,1,1,492,1,302,556,0,0
15.733,5,1,1,1,1,451,1,185,596,0,0
15.734,6,1,1,1,1,395,0,154,571,0,0
15.735,7,1,1,1,1,401,0,275,542,0,0
15.736,8,1,1,1,1,436,0,383,521,0,0
15.737,9,1,1,1,1,453,1,475,507,0,0
15.738,10,1,1,1,1,493,2,553,493,0,0
15.739,11,1,1,1,1,536,1,583,494,0,0
15.74,12,1,1,1,1,549,1,590,547,0,0
15.741,13,1,1,1,1,535,1,569,520,0,0
15.742,14,1,1,1,1,522,1,556,482,0,0
15.743,15,1,1,1,1,505,1,547,507,0,0
15.744,0,1,1,1,1,531,1,568,500,0,0
15.745,1,1,1,1,1,534,1,547,514,0,0
15.746,2,1,1,1,1,532,2,539,516,0,0
15.747,3,1,1,1,1,538,1,554,468,0,0
15.748,4,1,1,1,1,531,1,582,457,0,0
15.749,5,1,1,1,1,517,1,571,466,0,0
15.75,6,1,1,1,1,533,1,600,468,0,0
15.751,7,1,1,1,1,556,1,681,480,0,0
15.752,8,1,1,1,1,577,1,713,508,0,0
15.753,9,1,1,1,1,575,2,621,496,0,0
15.754,10,1,1,1,1,515,2,449,532,0,0
15.755,11,1,1,1,1,456,1,305,557,0,0
15.756,12,1,1,1,1,458,1,252,578,0,0
15.757,13,1,1,1,1,458,1,249,584,0,0
15.758,14,1,1,1,1,412,1,266,535,0,0
15.759,15,1,1,1,1,413,1,359,486,0,0
15.76,0,1,1,1,1,454,1,457,476,0,0
15.761,1,1,1,1,1,513,1,554,488,0,0
15.762,2,1,1,1,1,560,1,624,483,0,0
15.763,3,1,1,1,1,575,2,626,489,0,0
15.764,4,1,1,1,1,551,1,595,506,0,0
15.765,5,1,1,1,1,531,1,588,505,0,0
15.766,6,1,1,1,1,528,1,560,515,0,0
15.767,7,1,1,1,1,521,1,553,509,0,0
15.768,8,1,1,1,1,519,1,571,550,0,0
15.769,9,1,1,1,1,516,1,554,537,0,0
15.77,10,1,1,1,1,531,1,554,509,0,0
15.771,11,1,1,1,1,534,1,549,490,0,0
15.772,12,1,1,1,1,535,1,556,479,0,0
15.773,13,1,1,1,1,545,1,569,485,0,0
15.774,14,1,1,1,1,522,1,526,493,0,0
15.775,15,1,1,1,1,505,1,483,485,0,0
15.776,0,1,1,1,1,509,1,471,491,0,0
15.777,1,1,1,1,1,496,1,419,501,0,0
15.778,2,1,1,1,1,497,2,392,518,0,0
15.779,3,1,1,1,1,461,1,334,528,0,0
15.78,4,1,1,1,1,439,1,355,550,0,0
15.781,5,1,1,1,1,462,1,433,554,0,0
15.782,6,1,1,1,1,464,1,471,526,0,0
15.783,7,1,1,1,1,500,1,527,496,0,0
15.784,8,1,1,1,1,541,1,604,491,0,0
15.785,9,1,1,1,1,558,1,649,508,0,0
15.786,10,1,1,1,1,556,2,638,506,0,0
15.787,11,1,1,1,1,554,1,613,524,0,0
15.788,12,1,1,1,1,540,1,570,486,0,0
15.789,13,1,1,1,1,532,1,531,489,0,0
15.79,14,1,1,1,1,516,1,507,515,0,0
15.791,15,1,1,1,1,498,1,467,490,0,0
15.792,0,1,1,1,1,481,1,454,497,0,0
15.793,1,1,1,1,1,483,1,459,518,0,0
15.794,2,1,1,1,1,493,1,468,517,0,0
15.795,3,1,1,1,1,506,1,478,529,0,0
15.796,4,1,1,1,1,497,1,485,516,0,0
15.797,5,1,1,1,1,501,1,518,492,0,0
15.798,6,1,1,1,1,518,1,564,488,0,0
15.799,7,1,1,1,1,540,1,601,493,0,0
15.8,8,1,1,1,1,538,1,587,500,0,0
15.801,9,1,1,1,1,534,1,561,512,0,0
15.802,10,1,1,1,1,533,2,538,529,0,0
15.803,11,1,1,1,1,523,1,517,525,0,0
15.804,12,1,1,1,1,495,1,462,525,0,0
15.805,13,1,1,1,1,490,1,436,519,0,0
15.806,14,1,1,1,1,484,1,448,487,0,0
15.807,15,1,1,1,1,486,0,455,476,0,0
15.808,0,1,1,1,1,510,1,526,497,0,0
15.809,1,1,1,1,1,539,1,624,504,0,0
15.81,2,1,1,1,1,529,2,589,496,0,0
15.811,3,1,1,1,1,542,1,580,510,0,0
15.812,4,1,1,1,1,550,1,579,515,0,0
15.813,5,1,1,1,1,533,1,507,520,0,0
15.814,6,1,1,1,1,512,1,483,524,0,0
15.815,7,1,1,1,1,509,0,516,503,0,0
15.816,8,1,1,1,1,482,1,467,493,0,0
15.817,9,1,1,1,1,496,1,512,515,0,0
15.818,10,1,1,1,1,509,2,478,527,0,0
15.819,11,1,1,1,1,485,1,393,546,0,0
15.82,12,1,1,1,1,485,1,391,537,0,0
15.821,13,1,1,1,1,465,1,380,513,0,0
15.822,14,1,1,1,1,462,1,426,479,0,0
15.823,15,1,1,1,1,504,1,500,494,0,0
15.824,0,1,1,1,1,511,1,522,503,0,0
15.825,1,1,1,1,1,524,1,552,506,0,0
15.826,2,1,1,1,1,523,2,565,508,0,0
15.827,3,1,1,1,1,536,1,602,509,0,0
15.828,4,1,1,1,1,540,1,615,504,0,0
15.829,5,1,1,1,1,526,1,582,495,0,0
15.83,6,1,1,1,1,531,1,564,494,0,0
15.831,7,1,1,1,1,543,1,565,494,0,0
15.832,8,1,1,1,1,523,1,532,493,0,0
15.833,9,1,1,1,1,520,1,497,515,0,0
15.834,10,1,1,1,1,496,2,440,519,0,0
15.835,11,1,1,1,1,482,1,430,523,0,0
15.836,12,1,1,1,1,496,1,450,517,0,0
15.837,13,1,1,1,1,497,1,478,514,0,0
15.838,14,1,1,1,1,492,1,477,507,0,0
15.839,15,1,1,1,1,498,1,499,510,0,0
15.84,0,1,1,1,1,515,1,514,533,0,0
15.841,1,1,1,1,1,506,1,510,512,0,0
15.842,2,1,1,1,1,513,2,510,507,0,0
15.843,3,1,1,1,1,521,1,521,495,0,0
15.844,4,1,1,1,1,516,0,504,495,0,0
15.845,5,1,1,1,1,508,1,510,518,0,0
15.846,6,1,1,1,1,520,1,526,540,0,0
15.847,7,1,1,1,1,512,1,517,519,0,0
15.848,8,1,1,1,1,509,1,517,505,0,0
15.849,9,1,1,1,1,506,1,523,482,0,0
15.85,10,1,1,1,1,519,2,562,494,0,0
15.851,11,1,1,1,1,559,1,629,468,0,0
15.852,12,1,1,1,1,564,0,614,473,0,0
15.853,13,1,1,1,1,530,1,559,474,0,0
15.854,14,1,1,1,1,526,1,519,499,0,0
15.855,15,1,1,1,1,513,1,469,518,0,0
15.856,0,1,1,1,1,496,1,411,551,0,0
15.857,1,1,1,1,1,460,1,386,597,0,0
15.858,2,1,1,1,1,454,1,388,508,0,0
15.859,3,1,1,1,1,480,1,448,498,0,0
15.86,4,1,1,1,1,508,0,519,516,0,0
15.861,5,1,1,1,1,524,1,567,503,0,0
15.862,6,1,1,1,1,541,1,640,484,0,0
15.863,7,1,1,1,1,558,1,670,494,0,0
15.864,8,1,1,1,1,569,2,651,489,0,0
15.865,9,1,1,1,1,563,2,582,489,0,0
15.866,10,1,1,1,1,545,2,521,524,0,0
15.867,11,1,1,1,1,526,1,458,537,0,0
15.868,12,1,1,1,1,480,1,376,536,0,0
15.869,13,1,1,1,1,461,1,345,539,0,0
15.87,14,1,1,1,1,442,1,351,528,0,0
15.871,15,1,1,1,1,427,1,325,524,0,0
15.872,0,1,1,1,1,424,1,327,516,0,0
15.873,1,1,1,1,1,452,1,402,493,0,0
15.874,2,1,1,1,1,483,1,467,488,0,0
15.875,3,1,1,1,1,499,1,522,485,0,0
15.876,4,1,1,1,1,527,1,572,499,0,0
15.877,5,1,1,1,1,548,1,577,515,0,0
15.878,6,1,1,1,1,548,1,594,515,0,0
15.879,7,1,1,1,1,543,1,609,521,0,0
15.88,8,1,1,1,1,543,1,632,502,0,0
15.881,9,1,1,1,1,545,1,622,492,0,0
15.882,10,1,1,1,1,540,2,589,496,0,0
15.883,11,1,1,1,1,531,1,551,507,0,0
15.884,12,1,1,1,1,526,1,520,513,0,0
15.885,13,1,1,1,1,522,1,507,509,0,0
15.886,14,1,1,1,1,504,1,489,503,0,0
15.887,15,1,1,1,1,499,1,494,491,0,0
15.888,0,1,1,1,1,512,1,508,495,0,0
15.889,1,1,1,1,1,521,1,514,499,0,0
15.89,2,1,1,1,1,527,2,513,505,0,0
15.891,3,1,1,1,1,519,1,511,519,0,0
15.892,4,1,1,1,1,501,0,503,535,0,0
15.893,5,1,1,1,1,491,1,548,502,0,0
15.894,6,1,1,1,1,503,1,572,490,0,0
15.895,7,1,1,1,1,513,1,551,499,0,0
15.896,8,1,1,1,1,531,1,516,514,0,0
15.897,9,1,1,1,1,540,1,513,522,0,0
15.898,10,1,1,1,1,528,2,501,526,0,0
15.899,11,1,1,1,1,496,1,482,515,0,0
15.9,12,1,1,1,1,493,0,472,511,0,0
15.901,13,1,1,1,1,492,1,448,506,0,0
15.902,14,1,1,1,1,509,1,448,503,0,0
15.903,15,1,1,1,1,504,1,446,523,0,0
15.904,0,1,1,1,1,489,1,447,515,0,0
15.905,1,1,1,1,1,482,1,464,498,0,0
15.906,2,1,1,1,1,496,2,494,500,0,0
15.907,3,1,1,1,1,499,1,525,502,0,0
15.908,4,1,1,1,1,528,0,599,499,0,0
15.909,5,1,1,1,1,533,1,591,490,0,0
15.91,6,1,1,1,1,534,1,606,486,0,0
15.911,7,1,1,1,1,532,1,594,509,0,0
15.912,8,1,1,1,1,531,1,558,504,0,0
15.913,9,1,1,1,1,555,1,514,504,0,0
15.914,10,1,1,1,1,519,2,441,539,0,0
15.915,11,1,1,1,1,490,1,440,540,0,0
15.916,12,1,1,1,1,493,1,471,520,0,0
15.917,13,1,1,1,1,487,1,464,519,0,0
15.918,14,1,1,1,1,499,1,496,514,0,0
15.919,15,1,1,1,1,524,1,567,504,0,0
15.92,0,1,1,1,1,546,1,647,502,0,0
15.921,1,1,1,1,1,516,1,604,489,0,0
15.922,2,1,1,1,1,507,2,535,485,0,0
15.923,3,1,1,1,1,517,1,466,495,0,0
15.924,4,1,1,1,1,502,1,373,532,0,0
15.925,5,1,1,1,1,470,1,296,548,0,0
15.926,6,1,1,1,1,432,1,289,519,0,0
15.927,7,1,1,1,1,448,1,368,511,0,0
15.928,8,1,1,1,1,462,1,457,502,0,0
15.929,9,1,1,1,1,506,1,560,502,0,0
15.93,10,1,1,1,1,547,2,604,512,0,0
15.931,11,1,1,1,1,551,1,596,504,0,0
15.932,12,1,1,1,1,561,1,623,505,0,0
15.933,13,1,1,1,1,556,1,641,480,0,0
15.934,14,1,1,1,1,553,1,648,488,0,0
15.935,15,1,1,1,1,530,1,597,473,0,0
15.936,0,1,1,1,1,521,1,545,487,0,0
15.937,1,1,1,1,1,521,1,489,535,0,0
15.938,2,1,1,1,1,522,2,451,555,0,0
15.939,3,1,1,1,1,480,1,381,588,0,0
15.94,4,1,1,1,1,429,1,378,524,0,0
15.941,5,1,1,1,1,449,1,439,495,0,0
15.942,6,1,1,1,1,519,1,519,489,0,0
15.943,7,1,1,1,1,544,1,553,494,0,0
15.944,8,1,1,1,1,525,1,547,493,0,0
15.945,9,1,1,1,1,527,1,547,493,0,0
15.946,10,1,1,1,1,543,2,595,494,0,0
15.947,11,1,1,1,1,544,1,612,499,0,0
15.948,12,1,1,1,1,534,1,591,499,0,0
15.949,13,1,1,1,1,521,1,532,504,0,0
15.95,14,1,1,1,1,507,1,474,515,0,0
15.951,15,1,1,1,1,514,0,464,528,0,0
15.952,0,1,1,1,1,499,1,480,516,0,0
15.953,1,1,1,1,1,488,1,462,511,0,0
15.954,2,1,1,1,1,492,1,467,509,0,0
15.955,3,1,1,1,1,495,1,478,501,0,0
15.956,4,1,1,1,1,503,1,482,502,0,0
15.957,5,1,1,1,1,507,1,497,508,0,0
15.958,6,1,1,1,1,512,1,534,500,0,0
15.959,7,1,1,1,1,520,1,539,502,0,0
15.96,8,1,1,1,1,533,1,545,505,0,0
15.961,9,1,1,1,1,545,1,562,513,0,0
15.962,10,1,1,1,1,531,2,531,514,0,0
15.963,11,1,1,1,1,527,1,487,516,0,0
15.964,12,1,1,1,1,514,1,473,508,0,0
15.965,13,1,1,1,1,484,1,452,508,0,0
15.966,14,1,1,1,1,463,1,448,499,0,0
15.967,15,1,1,1,1,480,1,473,524,0,0
15.968,0,1,1,1,1,500,1,495,536,0,0
15.969,1,1,1,1,1,495,1,494,529,0,0
15.97,2,1,1,1,1,514,2,519,521,0,0
15.971,3,1,1,1,1,526,1,536,486,0,0
15.972,4,1,1,1,1,521,1,552,499,0,0
15.973,5,1,1,1,1,514,1,547,505,0,0
15.974,6,1,1,1,1,530,1,542,472,0,0
15.975,7,1,1,1,1,519,1,520,473,0,0
15.976,8,1,1,1,1,504,1,531,524,0,0
15.977,9,1,1,1,1,503,1,542,519,0,0
15.978,10,1,1,1,1,510,1,540,496,0,0
15.979,11,1,1,1,1,524,1,538,499,0,0
15.98,12,1,1,1,1,529,1,549,506,0,0
15.981,13,1,1,1,1,536,1,523,511,0,0
15.982,14,1,1,1,1,525,1,486,514,0,0
15.983,15,1,1,1,1,517,1,476,529,0,0
15.984,0,1,1,1,1,507,1,468,536,0,0
15.985,1,1,1,1,1,512,1,522,515,0,0
15.986,2,1,1,1,1,527,1,546,504,0,0
15.987,3,1,1,1,1,510,1,512,502,0,0
15.988,4,1,1,1,1,496,1,481,493,0,0
15.989,5,1,1,1,1,499,1,456,512,0,0
15.99,6,1,1,1,1,511,1,480,522,0,0
15.991,7,1,1,1,1,488,1,451,539,0,0
15.992,8,1,1,1,1,461,1,415,545,0,0
15.993,9,1,1,1,1,482,1,450,518,0,0
15.994,10,1,1,1,1,487,1,477,486,0,0
15.995,11,1,1,1,1,508,1,512,490,0,0
15.996,12,1,1,1,1,526,1,554,497,0,0
15.997,13,1,1,1,1,534,1,588,496,0,0
15.998,14,1,1,1,1,531,1,573,494,0,0
15.999,15,1,1,1,1,531,1,540,507,0,0
16.0,0,1,1,1,1,522,1,512,509,0,0
16.001,1,1,1,1,1,514,1,503,513,0,0
16.002,2,1,1,1,1,505,2,503,500,0,0
16.003,3,1,1,1,1,505,1,508,513,0,0
16.004,4,1,1,1,1,513,1,534,512,0,0
16.005,5,1,1,1,1,519,1,548,504,0,0
16.006,6,1,1,1,1,516,1,537,490,0,0
16.007,7,1,1,1,1,538,1,618,479,0,0
16.008,8,1,1,1,1,570,1,718,478,0,0
16.009,9,1,1,1,1,560,1,687,489,0,0
16.01,10,1,1,1,1,539,2,595,490,0,0
16.011,11,1,1,1,1,515,1,483,512,0,0
16.012,12,1,1,1,1,516,1,341,576,0,0
16.013,13,1,1,1,1,479,1,229,604,0,0
16.014,14,1,1,1,1,412,0,167,559,0,0
16.015,15,1,1,1,1,362,0,178,507,0,0
16.016,0,1,1,1,1,410,0,330,468,0,0
16.017,1,1,1,1,1,473,1,478,490,0,0
16.018,2,1,1,1,1,509,2,556,499,0,0
16.019,3,1,1,1,1,533,1,599,507,0,0
16.02,4,1,1,1,1,546,1,603,501,0,0
16.021,5,1,1,1,1,543,1,606,489,0,0
16.022,6,1,1,1,1,541,1,603,490,0,0
16.023,7,1,1,1,1,539,1,591,499,0,0
16.024,8,1,1,1,1,544,1,601,514,0,0
16.025,9,1,1,1,1,553,1,632,500,0,0
16.026,10,1,1,1,1,549,2,639,492,0,0
16.027,11,1,1,1,1,547,1,604,490,0,0
16.028,12,1,1,1,1,554,1,574,499,0,0
16.029,13,1,1,1,1,539,1,518,500,0,0
16.03,14,1,1,1,1,513,1,449,505,0,0
16.031,15,1,1,1,1,489,0,409,520,0,0
16.032,0,1,1,1,1,479,1,408,513,0,0
16.033,1,1,1,1,1,472,1,421,505,0,0
16.034,2,1,1,1,1,461,1,457,571,0,0
16.035,3,1,1,1,1,465,1,498,523,0,0
16.036,4,1,1,1,1,499,1,524,504,0,0
16.037,5,1,1,1,1,521,1,543,524,0,0
16.038,6,1,1,1,1,532,1,541,523,0,0
16.039,7,1,1,1,1,530,0,534,507,0,0
16.04,8,1,1,1,1,530,1,529,499,0,0
16.041,9,1,1,1,1,530,1,527,501,0,0
16.042,10,1,1,1,1,524,2,529,508,0,0
16.043,11,1,1,1,1,514,1,521,504,0,0
16.044,12,1,1,1,1,502,1,513,508,0,0
16.045,13,1,1,1,1,497,1,514,508,0,0
16.046,14,1,1,1,1,508,1,515,501,0,0
16.047,15,1,1,1,1,521,1,519,529,0,0
16.048,0,1,1,1,1,514,1,508,521,0,0
16.049,1,1,1,1,1,514,1,506,494,0,0
16.05,2,1,1,1,1,508,2,527,491,0,0
16.051,3,1,1,1,1,505,1,542,505,0,0
16.052,4,1,1,1,1,526,1,571,499,0,0
16.053,5,1,1,1,1,535,1,593,498,0,0
16.054,6,1,1,1,1,532,1,544,494,0,0
16.055,7,1,1,1,1,519,1,486,498,0,0
16.056,8,1,1,1,1,513,1,455,511,0,0
16.057,9,1,1,1,1,503,1,405,528,0,0
16.058,10,1,1,1,1,482,1,412,527,0,0
16.059,11,1,1,1,1,481,1,444,511,0,0
16.06,12,1,1,1,1,484,1,476,501,0,0
16.061,13,1,1,1,1,493,1,519,496,0,0
16.062,14,1,1,1,1,525,1,555,511,0,0
16.063,15,1,1,1,1,538,1,557,508,0,0
16.064,0,1,1,1,1,531,1,560,496,0,0
16.065,1,1,1,1,1,522,1,565,494,0,0
16.066,2,1,1,1,1,520,2,597,500,0,0
16.067,3,1,1,1,1,513,1,566,493,0,0
16.068,4,1,1,1,1,521,0,527,518,0,0
16.069,5,1,1,1,1,524,1,467,539,0,0
16.07,6,1,1,1,1,515,1,433,524,0,0
16.071,7,1,1,1,1,501,1,427,529,0,0
16.072,8,1,1,1,1,473,1,416,523,0,0
16.073,9,1,1,1,1,465,1,425,507,0,0
16.074,10,1,1,1,1,483,1,454,491,0,0
16.075,11,1,1,1,1,489,1,457,509,0,0
16.076,12,1,1,1,1,497,0,470,508,0,0
16.077,13,1,1,1,1,511,1,509,507,0,0
16.078,14,1,1,1,1,522,1,527,511,0,0
16.079,15,1,1,1,1,519,1,542,515,0,0
16.08,0,1,1,1,1,524,1,569,510,0,0
16.081,1,1,1,1,1,529,1,599,482,0,0
16.082,2,1,1,1,1,525,2,608,495,0,0
16.083,3,1,1,1,1,542,1,643,494,0,0
16.084,4,1,1,1,1,551,1,646,489,0,0
16.085,5,1,1,1,1,553,1,579,493,0,0
16.086,6,1,1,1,1,535,1,490,512,0,0
16.087,7,1,1,1,1,512,1,454,528,0,0
16.088,8,1,1,1,1,483,1,415,537,0,0
16.089,9,1,1,1,1,464,1,398,530,0,0
16.09,10,1,1,1,1,475,1,474,511,0,0
16.091,11,1,1,1,1,503,1,527,493,0,0
16.092,12,1,1,1,1,515,1,527,495,0,0
16.093,13,1,1,1,1,522,1,502,512,0,0
16.094,14,1,1,1,1,530,1,470,534,0,0
16.095,15,1,1,1,1,515,1,428,550,0,0
16.096,0,1,1,1,1,496,1,415,539,0,0
16.097,1,1,1,1,1,460,1,409,495,0,0
16.098,2,1,1,1,1,462,1,459,480,0,0
16.099,3,1,1,1,1,490,1,518,464,0,0
16.1,4,1,1,1,1,516,1,559,503,0,0
16.101,5,1,1,1,1,540,1,574,507,0,0
16.102,6,1,1,1,1,537,1,564,516,0,0
16.103,7,1,1,1,1,518,1,547,513,0,0
16.104,8,1,1,1,1,508,1,529,512,0,0
16.105,9,1,1,1,1,510,1,545,500,0,0
16.106,10,1,1,1,1,525,2,555,505,0,0
16.107,11,1,1,1,1,537,1,551,533,0,0
16.108,12,1,1,1,1,544,0,549,516,0,0
16.109,13,1,1,1,1,541,1,569,497,0,0
16.11,14,1,1,1,1,543,1,600,488,0,0
16.111,15,1,1,1,1,531,1,587,477,0,0
16.112,0,1,1,1,1,526,1,547,492,0,0
16.113,1,1,1,1,1,519,1,499,512,0,0
16.114,2,1,1,1,1,518,2,448,551,0,0
16.115,3,1,1,1,1,493,1,399,544,0,0
16.116,4,1,1,1,1,448,0,355,522,0,0
16.117,5,1,1,1,1,428,1,378,496,0,0
16.118,6,1,1,1,1,461,1,452,486,0,0
16.119,7,1,1,1,1,505,1,503,509,0,0
16.12,8,1,1,1,1,512,1,515,512,0,0
16.121,9,1,1,1,1,517,1,531,501,0,0
16.122,10,1,1,1,1,535,2,548,504,0,0
16.123,11,1,1,1,1,538,1,562,512,0,0
16.124,12,1,1,1,1,527,0,557,505,0,0
16.125,13,1,1,1,1,532,1,560,510,0,0
16.126,14,1,1,1,1,532,1,582,498,0,0
16.127,15,1,1,1,1,532,1,576,496,0,0
16.128,0,1,1,1,1,532,1,558,504,0,0
16.129,1,1,1,1,1,532,1,534,503,0,0
16.13,2,1,1,1,1,522,2,526,515,0,0
16.131,3,1,1,1,1,506,1,492,538,0,0
16.132,4,1,1,1,1,497,1,474,541,0,0
16.133,5,1,1,1,1,483,1,462,503,0,0
16.134,6,1,1,1,1,500,1,463,475,0,0
16.135,7,1,1,1,1,516,1,471,460,0,0
16.136,8,1,1,1,1,519,1,493,486,0,0
16.137,9,1,1,1,1,508,1,508,498,0,0
16.138,10,1,1,1,1,504,2,494,497,0,0
16.139,11,1,1,1,1,485,1,494,537,0,0
16.14,12,1,1,1,1,486,1,492,595,0,0
16.141,13,1,1,1,1,499,1,472,563,0,0
16.142,14,1,1,1,1,507,1,470,523,0,0
16.143,15,1,1,1,1,496,1,486,494,0,0
16.144,0,1,1,1,1,503,1,493,485,0,0
16.145,1,1,1,1,1,515,1,513,483,0,0
16.146,2,1,1,1,1,525,2,543,497,0,0
16.147,3,1,1,1,1,520,1,544,514,0,0
16.148,4,1,1,1,1,519,1,548,507,0,0
16.149,5,1,1,1,1,525,1,577,494,0,0
16.15,6,1,1,1,1,538,1,615,491,0,0
16.151,7,1,1,1,1,545,1,647,488,0,0
16.152,8,1,1,1,1,543,1,600,489,0,0
16.153,9,1,1,1,1,559,1,557,504,0,0
16.154,10,1,1,1,1,550,2,503,508,0,0
16.155,11,1,1,1,1,523,1,427,527,0,0
16.156,12,1,1,1,1,493,1,369,542,0,0
16.157,13,1,1,1,1,457,1,359,507,0,0
16.158,14,1,1,1,1,438,1,406,502,0,0
16.159,15,1,1,1,1,461,0,472,498,0,0
16.16,0,1,1,1,1,479,1,486,533,0,0
16.161,1,1,1,1,1,477,1,476,534,0,0
16.162,2,1,1,1,1,491,2,489,522,0,0
16.163,3,1,1,1,1,505,1,509,503,0,0
16.164,4,1,1,1,1,520,1,526,502,0,0
16.165,5,1,1,1,1,528,1,558,504,0,0
16.166,6,1,1,1,1,550,1,612,495,0,0
16.167,7,1,1,1,1,579,1,726,481,0,0
16.168,8,1,1,1,1,579,2,741,473,0,0
16.169,9,1,1,1,1,575,2,659,467,0,0
16.17,10,1,1,1,1,558,2,544,512,0,0
16.171,11,1,1,1,1,521,1,420,556,0,0
16.172,12,1,1,1,1,480,1,312,585,0,0
16.173,13,1,1,1,1,405,0,207,574,0,0
16.174,14,1,1,1,1,381,0,257,505,0,0
16.175,15,1,1,1,1,437,1,394,477,0,0
16.176,0,1,1,1,1,500,1,499,492,0,0
16.177,1,1,1,1,1,518,1,522,496,0,0
16.178,2,1,1,1,1,527,2,540,497,0,0
16.179,3,1,1,1,1,529,1,541,512,0,0
16.18,4,1,1,1,1,515,1,530,508,0,0
16.181,5,1,1,1,1,508,1,531,500,0,0
16.182,6,1,1,1,1,523,1,559,502,0,0
16.183,7,1,1,1,1,528,1,564,505,0,0
16.184,8,1,1,1,1,534,1,571,512,0,0
16.185,9,1,1,1,1,531,1,573,521,0,0
16.186,10,1,1,1,1,536,2,576,514,0,0
16.187,11,1,1,1,1,542,1,590,487,0,0
16.188,12,1,1,1,1,545,1,604,477,0,0
16.189,13,1,1,1,1,545,1,600,491,0,0
16.19,14,1,1,1,1,545,1,607,509,0,0
16.191,15,1,1,1,1,545,1,599,502,0,0
16.192,0,1,1,1,1,527,1,516,512,0,0
16.193,1,1,1,1,1,497,1,451,518,0,0
16.194,2,1,1,1,1,476,1,402,512,0,0
16.195,3,1,1,1,1,460,1,362,521,0,0
16.196,4,1,1,1,1,465,1,388,535,0,0
16.197,5,1,1,1,1,473,1,410,518,0,0
16.198,6,1,1,1,1,472,1,435,497,0,0
16.199,7,1,1,1,1,491,1,475,507,0,0
16.2,8,1,1,1,1,511,1,524,514,0,0
16.201,9,1,1,1,1,536,1,557,512,0,0
16.202,10,1,1,1,1,533,1,569,507,0,0
16.203,11,1,1,1,1,522,1,576,503,0,0
16.204,12,1,1,1,1,533,1,570,497,0,0
16.205,13,1,1,1,1,526,1,537,489,0,0
16.206,14,1,1,1,1,519,1,510,495,0,0
16.207,15,1,1,1,1,513,1,484,520,0,0
16.208,0,1,1,1,1,505,1,452,534,0,0
16.209,1,1,1,1,1,487,1,448,518,0,0
16.21,2,1,1,1,1,497,1,468,514,0,0
16.211,3,1,1,1,1,516,1,509,502,0,0
16.212,4,1,1,1,1,525,1,529,510,0,0
16.213,5,1,1,1,1,515,1,528,510,0,0
16.214,6,1,1,1,1,512,1,527,507,0,0
16.215,7,1,1,1,1,517,1,541,497,0,0
16.216,8,1,1,1,1,518,1,548,491,0,0
16.217,9,1,1,1,1,519,1,553,496,0,0
16.218,10,1,1,1,1,523,2,544,503,0,0
16.219,11,1,1,1,1,524,1,542,502,0,0
16.22,12,1,1,1,1,522,1,533,507,0,0
16.221,13,1,1,1,1,526,1,520,522,0,0
16.222,14,1,1,1,1,518,1,502,526,0,0
16.223,15,1,1,1,1,507,1,481,528,0,0
16.224,0,1,1,1,1,504,1,468,510,0,0
16.225,1,1,1,1,1,493,1,462,509,0,0
16.226,2,1,1,1,1,481,1,456,507,0,0
16.227,3,1,1,1,1,492,1,468,515,0,0
16.228,4,1,1,1,1,500,1,483,502,0,0
16.229,5,1,1,1,1,512,1,514,495,0,0
16.23,6,1,1,1,1,526,1,559,485,0,0
16.231,7,1,1,1,1,534,1,580,488,0,0
16.232,8,1,1,1,1,530,1,577,500,0,0
16.233,9,1,1,1,1,532,1,575,521,0,0
16.234,10,1,1,1,1,525,2,564,534,0,0
16.235,11,1,1,1,1,523,1,531,529,0,0
16.236,12,1,1,1,1,508,1,489,514,0,0
16.237,13,1,1,1,1,502,1,479,502,0,0
16.238,14,1,1,1,1,524,1,527,499,0,0
16.239,15,1,1,1,1,522,0,525,496,0,0
16.24,0,1,1,1,1,500,1,472,500,0,0
16.241,1,1,1,1,1,482,1,428,507,0,0
16.242,2,1,1,1,1,472,1,381,529,0,0
16.243,3,1,1,1,1,463,1,360,540,0,0
16.244,4,1,1,1,1,466,1,379,530,0,0
16.245,5,1,1,1,1,466,1,415,481,0,0
16.246,6,1,1,1,1,475,1,478,489,0,0
16.247,7,1,1,1,1,519,1,559,500,0,0
16.248,8,1,1,1,1,553,1,607,538,0,0
16.249,9,1,1,1,1,554,1,643,523,0,0
16.25,10,1,1,1,1,551,2,643,490,0,0
16.251,11,1,1,1,1,546,1,634,506,0,0
16.252,12,1,1,1,1,531,1,573,512,0,0
16.253,13,1,1,1,1,523,1,509,524,0,0
16.254,14,1,1,1,1,514,1,469,539,0,0
16.255,15,1,1,1,1,507,0,455,522,0,0
16.256,0,1,1,1,1,489,1,438,508,0,0
16.257,1,1,1,1,1,480,1,449,486,0,0
16.258,2,1,1,1,1,487,1,473,474,0,0
16.259,3,1,1,1,1,511,1,528,484,0,0
16.26,4,1,1,1,1,527,1,555,500,0,0
16.261,5,1,1,1,1,526,1,562,501,0,0
16.262,6,1,1,1,1,518,1,577,501,0,0
16.263,7,1,1,1,1,525,1,581,501,0,0
16.264,8,1,1,1,1,530,1,553,496,0,0
16.265,9,1,1,1,1,525,1,510,519,0,0
16.266,10,1,1,1,1,511,2,464,530,0,0
16.267,11,1,1,1,1,511,1,445,534,0,0
16.268,12,1,1,1,1,496,1,432,510,0,0
16.269,13,1,1,1,1,487,1,468,492,0,0
16.27,14,1,1,1,1,491,1,480,488,0,0
16.271,15,1,1,1,1,517,1,517,498,0,0
16.272,0,1,1,1,1,531,1,518,518,0,0
16.273,1,1,1,1,1,519,1,503,528,0,0
16.274,2,1,1,1,1,496,2,476,518,0,0
16.275,3,1,1,1,1,503,1,496,521,0,0
16.276,4,1,1,1,1,511,1,518,514,0,0
16.277,5,1,1,1,1,508,1,514,502,0,0
16.278,6,1,1,1,1,511,1,531,480,0,0
16.279,7,1,1,1,1,524,1,606,467,0,0
16.28,8,1,1,1,1,539,1,642,497,0,0
16.281,9,1,1,1,1,540,1,596,523,0,0
16.282,10,1,1,1,1,537,2,527,519,0,0
16.283,11,1,1,1,1,520,1,468,521,0,0
16.284,12,1,1,1,1,500,0,393,538,0,0
16.285,13,1,1,1,1,469,1,364,526,0,0
16.286,14,1,1,1,1,457,1,394,492,0,0
16.287,15,1,1,1,1,464,1,444,483,0,0
16.288,0,1,1,1,1,498,1,524,495,0,0
16.289,1,1,1,1,1,518,1,592,508,0,0
16.29,2,1,1,1,1,531,2,606,526,0,0
16.291,3,1,1,1,1,533,1,580,515,0,0
16.292,4,1,1,1,1,536,0,556,507,0,0
16.293,5,1,1,1,1,540,1,531,512,0,0
16.294,6,1,1,1,1,542,1,578,526,0,0
16.295,7,1,1,1,1,530,1,562,527,0,0
16.296,8,1,1,1,1,508,1,511,505,0,0
16.297,9,1,1,1,1,496,1,482,489,0,0
16.298,10,1,1,1,1,509,2,446,507,0,0
16.299,11,1,1,1,1,501,1,409,521,0,0
16.3,12,1,1,1,1,493,0,412,515,0,0
16.301,13,1,1,1,1,480,1,447,501,0,0
16.302,14,1,1,1,1,486,1,473,487,0,0
16.303,15,1,1,1,1,500,1,528,505,0,0
16.304,0,1,1,1,1,527,1,584,492,0,0
16.305,1,1,1,1,1,550,1,632,480,0,0
16.306,2,1,1,1,1,553,2,632,498,0,0
16.307,3,1,1,1,1,543,1,604,494,0,0
16.308,4,1,1,1,1,546,1,575,526,0,0
16.309,5,1,1,1,1,536,1,497,541,0,0
16.31,6,1,1,1,1,497,1,411,553,0,0
16.311,7,1,1,1,1,460,1,341,541,0,0
16.312,8,1,1,1,1,440,1,318,504,0,0
16.313,9,1,1,1,1,444,1,368,480,0,0
16.314,10,1,1,1,1,472,1,458,530,0,0
16.315,11,1,1,1,1,496,1,505,506,0,0
16.316,12,1,1,1,1,517,1,536,488,0,0
16.317,13,1,1,1,1,526,1,555,492,0,0
16.318,14,1,1,1,1,527,1,567,508,0,0
16.319,15,1,1,1,1,530,1,571,517,0,0
16.32,0,1,1,1,1,513,1,566,499,0,0
16.321,1,1,1,1,1,523,1,568,504,0,0
16.322,2,1,1,1,1,530,2,577,497,0,0
16.323,3,1,1,1,1,542,1,558,493,0,0
16.324,4,1,1,1,1,550,1,572,511,0,0
16.325,5,1,1,1,1,526,1,540,519,0,0
16.326,6,1,1,1,1,519,1,524,514,0,0
16.327,7,1,1,1,1,510,1,499,507,0,0
16.328,8,1,1,1,1,511,1,483,516,0,0
16.329,9,1,1,1,1,509,1,460,514,0,0
16.33,10,1,1,1,1,504,2,463,515,0,0
16.331,11,1,1,1,1,504,1,474,507,0,0
16.332,12,1,1,1,1,518,0,534,495,0,0
16.333,13,1,1,1,1,526,1,583,493,0,0
16.334,14,1,1,1,1,536,1,642,467,0,0
16.335,15,1,1,1,1,551,1,673,478,0,0
16.336,0,1,1,1,1,545,1,614,502,0,0
16.337,1,1,1,1,1,553,1,557,530,0,0
16.338,2,1,1,1,1,512,2,422,559,0,0
16.339,3,1,1,1,1,462,1,325,556,0,0
16.34,4,1,1,1,1,443,0,280,526,0,0
16.341,5,1,1,1,1,419,1,267,496,0,0
16.342,6,1,1,1,1,408,1,312,487,0,0
16.343,7,1,1,1,1,447,1,418,492,0,0
16.344,8,1,1,1,1,497,1,525,509,0,0
16.345,9,1,1,1,1,523,1,575,514,0,0
16.346,10,1,1,1,1,550,2,626,489,0,0
16.347,11,1,1,1,1,559,1,634,483,0,0
16.348,12,1,1,1,1,552,1,616,525,0,0
16.349,13,1,1,1,1,557,1,620,524,0,0
16.35,14,1,1,1,1,564,1,602,527,0,0
16.351,15,1,1,1,1,552,1,546,539,0,0
16.352,0,1,1,1,1,518,1,484,514,0,0
16.353,1,1,1,1,1,472,1,445,497,0,0
16.354,2,1,1,1,1,479,1,462,499,0,0
16.355,3,1,1,1,1,493,1,477,514,0,0
16.356,4,1,1,1,1,477,1,471,504,0,0
16.357,5,1,1,1,1,480,1,467,506,0,0
16.358,6,1,1,1,1,496,1,480,512,0,0
16.359,7,1,1,1,1,509,1,507,503,0,0
16.36,8,1,1,1,1,518,1,520,506,0,0
16.361,9,1,1,1,1,536,1,555,508,0,0
16.362,10,1,1,1,1,545,2,576,503,0,0
16.363,11,1,1,1,1,548,1,575,483,0,0
16.364,12,1,1,1,1,559,1,641,481,0,0
16.365,13,1,1,1,1,558,1,662,489,0,0
16.366,14,1,1,1,1,543,1,596,508,0,0
16.367,15,1,1,1,1,520,1,508,508,0,0
16.368,0,1,1,1,1,508,1,450,522,0,0
16.369,1,1,1,1,1,500,1,396,579,0,0
16.37,2,1,1,1,1,455,1,339,558,0,0
16.371,3,1,1,1,1,418,1,326,498,0,0
16.372,4,1,1,1,1,447,1,417,485,0,0
16.373,5,1,1,1,1,490,1,491,497,0,0
16.374,6,1,1,1,1,513,1,535,467,0,0
16.375,7,1,1,1,1,527,0,581,498,0,0
16.376,8,1,1,1,1,524,1,560,504,0,0
16.377,9,1,1,1,1,525,1,539,516,0,0
16.378,10,1,1,1,1,523,2,514,523,0,0
16.379,11,1,1,1,1,517,1,492,510,0,0
16.38,12,1,1,1,1,522,1,486,523,0,0
16.381,13,1,1,1,1,522,1,489,528,0,0
16.382,14,1,1,1,1,499,1,491,515,0,0
16.383,15,1,1,1,1,502,0,514,505,0,0
16.384,0,1,1,1,1,521,1,542,504,0,0
16.385,1,1,1,1,1,521,1,539,504,0,0
16.386,2,1,1,1,1,522,2,534,498,0,0
16.387,3,1,1,1,1,519,1,543,499,0,0
16.388,4,1,1,1,1,524,1,541,507,0,0
16.389,5,1,1,1,1,533,1,544,516,0,0
16.39,6,1,1,1,1,523,1,543,516,0,0
16.391,7,1,1,1,1,527,1,572,500,0,0
16.392,8,1,1,1,1,543,1,586,496,0,0
16.393,9,1,1,1,1,540,1,567,500,0,0
16.394,10,1,1,1,1,530,2,520,499,0,0
16.395,11,1,1,1,1,510,1,467,495,0,0
16.396,12,1,1,1,1,487,1,429,502,0,0
16.397,13,1,1,1,1,473,1,408,487,0,0
16.398,14,1,1,1,1,450,1,391,534,0,0
16.399,15,1,1,1,1,449,1,411,517,0,0
16.4,0,1,1,1,1,485,1,469,513,0,0
16.401,1,1,1,1,1,499,1,518,508,0,0
16.402,2,1,1,1,1,523,2,563,501,0,0
16.403,3,1,1,1,1,542,1,609,500,0,0
16.404,4,1,1,1,1,552,1,608,499,0,0
16.405,5,1,1,1,1,556,1,571,508,0,0
16.406,6,1,1,1,1,551,1,534,524,0,0
16.407,7,1,1,1,1,528,1,485,539,0,0
16.408,8,1,1,1,1,493,1,436,530,0,0
16.409,9,1,1,1,1,476,1,420,542,0,0
16.41,10,1,1,1,1,463,1,418,512,0,0
16.411,11,1,1,1,1,481,1,458,503,0,0
16.412,12,1,1,1,1,488,1,475,483,0,0
16.413,13,1,1,1,1,503,1,505,496,0,0
16.414,14,1,1,1,1,504,1,508,489,0,0
16.415,15,1,1,1,1,519,1,533,489,0,0
16.416,0,1,1,1,1,519,1,543,510,0,0
16.417,1,1,1,1,1,504,1,535,519,0,0
16.418,2,1,1,1,1,507,1,544,526,0,0
16.419,3,1,1,1,1,510,1,543,519,0,0
16.42,4,1,1,1,1,524,1,552,514,0,0
16.421,5,1,1,1,1,539,1,572,520,0,0
16.422,6,1,1,1,1,556,1,575,493,0,0
16.423,7,1,1,1,1,558,1,602,477,0,0
16.424,8,1,1,1,1,538,1,557,501,0,0
16.425,9,1,1,1,1,520,1,511,504,0,0
16.426,10,1,1,1,1,513,1,473,499,0,0
16.427,11,1,1,1,1,504,1,439,521,0,0
16.428,12,1,1,1,1,487,1,407,539,0,0
16.429,13,1,1,1,1,477,1,442,515,0,0
16.43,14,1,1,1,1,485,1,465,517,0,0
16.431,15,1,1,1,1,485,1,488,514,0,0
16.432,0,1,1,1,1,507,1,526,514,0,0
16.433,1,1,1,1,1,527,1,552,505,0,0
16.434,2,1,1,1,1,526,2,557,490,0,0
16.435,3,1,1,1,1,527,1,589,476,0,0
16.436,4,1,1,1,1,532,1,596,476,0,0
16.437,5,1,1,1,1,535,1,590,500,0,0
16.438,6,1,1,1,1,517,1,521,500,0,0
16.439,7,1,1,1,1,514,1,458,529,0,0
16.44,8,1,1,1,1,492,1,415,527,0,0
16.441,9,1,1,1,1,489,1,408,521,0,0
16.442,10,1,1,1,1,494,2,415,532,0,0
16.443,11,1,1,1,1,471,1,430,522,0,0
16.444,12,1,1,1,1,477,1,472,512,0,0
16.445,13,1,1,1,1,497,1,514,515,0,0
16.446,14,1,1,1,1,520,1,544,512,0,0
16.447,15,1,1,1,1,515,1,533,496,0,0
16.448,0,1,1,1,1,512,1,533,491,0,0
16.449,1,1,1,1,1,522,1,558,504,0,0
16.45,2,1,1,1,1,528,2,574,501,0,0
16.451,3,1,1,1,1,524,1,556,495,0,0
16.452,4,1,1,1,1,529,1,539,498,0,0
16.453,5,1,1,1,1,527,1,519,504,0,0
16.454,6,1,1,1,1,523,1,510,519,0,0
16.455,7,1,1,1,1,523,1,507,528,0,0
16.456,8,1,1,1,1,512,1,489,532,0,0
16.457,9,1,1,1,1,488,1,483,517,0,0
16.458,10,1,1,1,1,497,2,492,495,0,0
16.459,11,1,1,1,1,513,1,521,487,0,0
16.46,12,1,1,1,1,520,1,556,515,0,0
16.461,13,1,1,1,1,515,1,562,506,0,0
16.462,14,1,1,1,1,527,1,558,500,0,0
16.463,15,1,1,1,1,527,1,528,491,0,0
16.464,0,1,1,1,1,522,1,505,511,0,0
16.465,1,1,1,1,1,511,1,472,537,0,0
16.466,2,1,1,1,1,496,2,439,528,0,0
16.467,3,1,1,1,1,480,1,445,503,0,0
16.468,4,1,1,1,1,492,1,497,499,0,0
16.469,5,1,1,1,1,508,1,527,497,0,0
16.47,6,1,1,1,1,505,1,523,485,0,0
16.471,7,1,1,1,1,511,0,529,513,0,0
16.472,8,1,1,1,1,521,1,532,502,0,0
16.473,9,1,1,1,1,534,1,568,496,0,0
16.474,10,1,1,1,1,534,2,606,499,0,0
16.475,11,1,1,1,1,534,1,627,510,0,0
16.476,12,1,1,1,1,523,1,575,520,0,0
16.477,13,1,1,1,1,531,1,512,527,0,0
16.478,14,1,1,1,1,528,1,439,547,0,0
16.479,15,1,1,1,1,486,1,356,536,0,0
16.48,0,1,1,1,1,459,1,331,522,0,0
16.481,1,1,1,1,1,448,1,378,494,0,0
16.482,2,1,1,1,1,488,2,456,483,0,0
16.483,3,1,1,1,1,515,1,510,492,0,0
16.484,4,1,1,1,1,524,1,548,504,0,0
16.485,5,1,1,1,1,515,1,543,512,0,0
16.486,6,1,1,1,1,513,1,536,506,0,0
16.487,7,1,1,1,1,528,1,542,507,0,0
16.488,8,1,1,1,1,521,1,533,502,0,0
16.489,9,1,1,1,1,515,1,527,507,0,0
16.49,10,1,1,1,1,516,2,513,517,0,0
16.491,11,1,1,1,1,503,1,496,518,0,0
16.492,12,1,1,1,1,504,1,505,506,0,0
16.493,13,1,1,1,1,506,1,532,518,0,0
16.494,14,1,1,1,1,515,1,539,509,0,0
16.495,15,1,1,1,1,524,1,551,501,0,0
16.496,0,1,1,1,1,515,1,536,509,0,0
16.497,1,1,1,1,1,524,1,548,508,0,0
16.498,2,1,1,1,1,534,2,589,503,0,0
16.499,3,1,1,1,1,542,1,590,508,0,0
16.5,4,1,1,1,1,549,0,570,513,0,0
16.501,5,1,1,1,1,536,1,575,478,0,0
16.502,6,1,1,1,1,543,1,563,479,0,0
16.503,7,1,1,1,1,526,1,505,500,0,0
16.504,8,1,1,1,1,494,1,461,521,0,0
16.505,9,1,1,1,1,487,1,427,523,0,0
16.506,10,1,1,1,1,465,1,364,517,0,0
16.507,11,1,1,1,1,443,1,339,506,0,0
16.508,12,1,1,1,1,453,0,345,495,0,0
16.509,13,1,1,1,1,463,1,370,514,0,0
16.51,14,1,1,1,1,469,1,427,527,0,0
16.511,15,1,1,1,1,496,1,498,510,0,0
16.512,0,1,1,1,1,519,1,554,515,0,0
16.513,1,1,1,1,1,538,1,590,519,0,0
16.514,2,1,1,1,1,545,2,598,503,0,0
16.515,3,1,1,1,1,556,1,625,499,0,0
16.516,4,1,1,1,1,551,0,632,498,0,0
16.517,5,1,1,1,1,547,1,613,480,0,0
16.518,6,1,1,1,1,559,1,590,471,0,0
16.519,7,1,1,1,1,533,1,535,515,0,0
16.52,8,1,1,1,1,509,1,486,539,0,0
16.521,9,1,1,1,1,490,1,447,579,0,0
16.522,10,1,1,1,1,480,1,420,536,0,0
16.523,11,1,1,1,1,470,1,423,506,0,0
16.524,12,1,1,1,1,477,1,466,486,0,0
16.525,13,1,1,1,1,495,1,504,485,0,0
16.526,14,1,1,1,1,505,1,524,494,0,0
16.527,15,1,1,1,1,508,1,518,508,0,0
16.528,0,1,1,1,1,515,1,512,534,0,0
16.529,1,1,1,1,1,518,1,511,531,0,0
16.53,2,1,1,1,1,518,1,513,508,0,0
16.531,3,1,1,1,1,513,1,514,504,0,0
16.532,4,1,1,1,1,516,1,532,508,0,0
16.533,5,1,1,1,1,525,1,539,502,0,0
16.534,6,1,1,1,1,522,1,551,507,0,0
16.535,7,1,1,1,1,529,1,577,499,0,0
16.536,8,1,1,1,1,532,1,571,501,0,0
16.537,9,1,1,1,1,524,1,553,499,0,0
16.538,10,1,1,1,1,516,1,521,498,0,0
16.539,11,1,1,1,1,512,1,508,504,0,0
16.54,12,1,1,1,1,506,1,483,513,0,0
16.541,13,1,1,1,1,500,1,478,507,0,0
16.542,14,1,1,1,1,498,1,475,511,0,0
16.543,15,1,1,1,1,502,1,471,515,0,0
16.544,0,1,1,1,1,504,1,486,509,0,0
16.545,1,1,1,1,1,509,1,486,502,0,0
16.546,2,1,1,1,1,513,2,493,500,0,0
16.547,3,1,1,1,1,513,1,527,507,0,0
16.548,4,1,1,1,1,517,0,544,502,0,0
16.549,5,1,1,1,1,519,1,547,494,0,0
16.55,6,1,1,1,1,531,1,544,506,0,0
16.551,7,1,1,1,1,530,1,525,526,0,0
16.552,8,1,1,1,1,519,1,513,524,0,0
16.553,9,1,1,1,1,518,1,524,489,0,0
16.554,10,1,1,1,1,495,2,503,497,0,0
16.555,11,1,1,1,1,492,1,487,515,0,0
16.556,12,1,1,1,1,511,0,502,517,0,0
16.557,13,1,1,1,1,517,1,485,513,0,0
16.558,14,1,1,1,1,518,1,504,525,0,0
16.559,15,1,1,1,1,504,1,535,513,0,0
16.56,0,1,1,1,1,502,1,561,502,0,0
16.561,1,1,1,1,1,520,1,560,506,0,0
16.562,2,1,1,1,1,518,2,515,504,0,0
16.563,3,1,1,1,1,520,1,455,530,0,0
16.564,4,1,1,1,1,493,0,390,515,0,0
16.565,5,1,1,1,1,472,1,376,504,0,0
16.566,6,1,1,1,1,479,1,419,486,0,0
16.567,7,1,1,1,1,468,1,452,496,0,0
16.568,8,1,1,1,1,491,1,499,514,0,0
16.569,9,1,1,1,1,511,1,528,511,0,0
16.57,10,1,1,1,1,523,2,547,511,0,0
16.571,11,1,1,1,1,524,1,549,527,0,0
16.572,12,1,1,1,1,520,1,546,519,0,0
16.573,13,1,1,1,1,511,1,541,508,0,0
16.574,14,1,1,1,1,514,1,537,495,0,0
16.575,15,1,1,1,1,518,1,543,492,0,0
16.576,0,1,1,1,1,530,1,556,500,0,0
16.577,1,1,1,1,1,540,1,576,502,0,0
16.578,2,1,1,1,1,543,2,590,509,0,0
16.579,3,1,1,1,1,547,1,588,500,0,0
16.58,4,1,1,1,1,550,1,592,506,0,0
16.581,5,1,1,1,1,544,1,561,499,0,0
16.582,6,1,1,1,1,526,1,510,514,0,0
16.583,7,1,1,1,1,498,1,453,519,0,0
16.584,8,1,1,1,1,493,1,415,514,0,0
16.585,9,1,1,1,1,477,1,380,521,0,0
16.586,10,1,1,1,1,470,1,388,522,0,0
16.587,11,1,1,1,1,471,1,418,517,0,0
16.588,12,1,1,1,1,472,1,451,526,0,0
16.589,13,1,1,1,1,497,1,499,514,0,0
16.59,14,1,1,1,1,513,1,528,506,0,0
16.591,15,1,1,1,1,524,0,576,505,0,0
16.592,0,1,1,1,1,539,1,608,477,0,0
16.593,1,1,1,1,1,546,1,626,447,0,0
16.594,2,1,1,1,1,556,2,627,461,0,0
16.595,3,1,1,1,1,547,1,592,502,0,0
16.596,4,1,1,1,1,541,1,533,537,0,0
16.597,5,1,1,1,1,526,1,485,568,0,0
16.598,6,1,1,1,1,490,1,423,538,0,0
16.599,7,1,1,1,1,463,0,379,529,0,0
16.6,8,1,1,1,1,434,1,366,531,0,0
16.601,9,1,1,1,1,455,1,402,510,0,0
16.602,10,1,1,1,1,476,1,436,493,0,0
16.603,11,1,1,1,1,496,1,484,504,0,0
16.604,12,1,1,1,1,515,1,516,508,0,0
16.605,13,1,1,1,1,525,1,534,511,0,0
16.606,14,1,1,1,1,535,1,566,519,0,0
16.607,15,1,1,1,1,534,1,573,491,0,0
16.608,0,1,1,1,1,534,1,572,477,0,0
16.609,1,1,1,1,1,535,1,568,497,0,0
16.61,2,1,1,1,1,527,2,545,514,0,0
16.611,3,1,1,1,1,521,1,533,509,0,0
16.612,4,1,1,1,1,516,1,524,507,0,0
16.613,5,1,1,1,1,520,1,546,506,0,0
16.614,6,1,1,1,1,522,1,548,504,0,0
16.615,7,1,1,1,1,515,1,526,507,0,0
16.616,8,1,1,1,1,507,1,515,509,0,0
16.617,9,1,1,1,1,515,1,512,509,0,0
16.618,10,1,1,1,1,529,2,531,520,0,0
16.619,11,1,1,1,1,509,1,513,515,0,0
16.62,12,1,1,1,1,491,1,481,523,0,0
16.621,13,1,1,1,1,488,1,457,516,0,0
16.622,14,1,1,1,1,489,1,454,512,0,0
16.623,15,1,1,1,1,492,1,462,513,0,0
16.624,0,1,1,1,1,503,1,458,500,0,0
16.625,1,1,1,1,1,515,1,481,494,0,0
16.626,2,1,1,1,1,512,2,501,496,0,0
16.627,3,1,1,1,1,518,1,525,511,0,0
16.628,4,1,1,1,1,519,1,543,513,0,0
16.629,5,1,1,1,1,518,1,532,502,0,0
16.63,6,1,1,1,1,512,1,534,503,0,0
16.631,7,1,1,1,1,520,1,536,501,0,0
16.632,8,1,1,1,1,522,1,539,508,0,0
16.633,9,1,1,1,1,519,1,532,511,0,0
16.634,10,1,1,1,1,521,1,528,521,0,0
16.635,11,1,1,1,1,527,1,581,503,0,0
16.636,12,1,1,1,1,530,1,631,487,0,0
16.637,13,1,1,1,1,541,1,619,495,0,0
16.638,14,1,1,1,1,550,1,582,496,0,0
16.639,15,1,1,1,1,532,1,507,515,0,0
16.64,0,1,1,1,1,510,1,416,540,0,0
16.641,1,1,1,1,1,474,1,354,544,0,0
16.642,2,1,1,1,1,446,1,375,503,0,0
16.643,3,1,1,1,1,455,1,397,495,0,0
16.644,4,1,1,1,1,464,1,443,495,0,0
16.645,5,1,1,1,1,484,1,490,506,0,0
16.646,6,1,1,1,1,519,1,521,500,0,0
16.647,7,1,1,1,1,528,1,519,508,0,0
16.648,8,1,1,1,1,524,1,512,529,0,0
16.649,9,1,1,1,1,519,1,518,513,0,0
16.65,10,1,1,1,1,522,1,536,512,0,0
16.651,11,1,1,1,1,515,1,538,504,0,0
16.652,12,1,1,1,1,508,1,529,501,0,0
16.653,13,1,1,1,1,521,1,527,506,0,0
16.654,14,1,1,1,1,537,1,526,523,0,0
16.655,15,1,1,1,1,530,1,512,536,0,0
16.656,0,1,1,1,1,505,1,497,513,0,0
16.657,1,1,1,1,1,484,1,480,499,0,0
16.658,2,1,1,1,1,489,1,502,505,0,0
16.659,3,1,1,1,1,503,1,532,506,0,0
16.66,4,1,1,1,1,534,1,619,484,0,0
16.661,5,1,1,1,1,555,1,654,478,0,0
16.662,6,1,1,1,1,553,1,632,480,0,0
16.663,7,1,1,1,1,552,1,572,500,0,0
16.664,8,1,1,1,1,536,1,487,528,0,0
16.665,9,1,1,1,1,499,1,373,542,0,0
16.666,10,1,1,1,1,481,1,359,543,0,0
16.667,11,1,1,1,1,467,1,371,529,0,0
16.668,12,1,1,1,1,448,1,411,507,0,0
16.669,13,1,1,1,1,464,1,467,497,0,0
16.67,14,1,1,1,1,496,1,503,485,0,0
16.671,15,1,1,1,1,515,1,529,497,0,0
16.672,0,1,1,1,1,514,1,520,518,0,0
16.673,1,1,1,1,1,502,1,509,531,0,0
16.674,2,1,1,1,1,512,2,526,526,0,0
16.675,3,1,1,1,1,515,1,543,506,0,0
16.676,4,1,1,1,1,533,1,552,508,0,0
16.677,5,1,1,1,1,523,1,537,511,0,0
16.678,6,1,1,1,1,519,1,541,492,0,0
16.679,7,1,1,1,1,532,1,556,511,0,0
16.68,8,1,1,1,1,538,1,548,512,0,0
16.681,9,1,1,1,1,529,1,529,502,0,0
16.682,10,1,1,1,1,520,2,514,494,0,0
16.683,11,1,1,1,1,512,1,502,481,0,0
16.684,12,1,1,1,1,503,1,517,499,0,0
16.685,13,1,1,1,1,508,1,550,501,0,0
16.686,14,1,1,1,1,521,1,559,479,0,0
16.687,15,1,1,1,1,525,1,548,507,0,0
16.688,0,1,1,1,1,528,1,540,531,0,0
16.689,1,1,1,1,1,518,1,504,533,0,0
16.69,2,1,1,1,1,496,1,444,542,0,0
16.691,3,1,1,1,1,493,1,432,516,0,0
16.692,4,1,1,1,1,490,1,434,474,0,0
16.693,5,1,1,1,1,488,1,444,493,0,0
16.694,6,1,1,1,1,491,1,462,514,0,0
16.695,7,1,1,1,1,497,0,496,508,0,0
16.696,8,1,1,1,1,506,1,521,500,0,0
16.697,9,1,1,1,1,516,1,536,504,0,0
16.698,10,1,1,1,1,523,2,534,515,0,0
16.699,11,1,1,1,1,523,1,527,528,0,0
16.7,12,1,1,1,1,531,1,543,538,0,0
16.701,13,1,1,1,1,516,1,537,524,0,0
16.702,14,1,1,1,1,513,1,527,509,0,0
16.703,15,1,1,1,1,517,1,528,497,0,0
16.704,0,1,1,1,1,526,1,542,498,0,0
16.705,1,1,1,1,1,533,1,580,497,0,0
16.706,2,1,1,1,1,527,2,563,508,0,0
16.707,3,1,1,1,1,510,1,519,499,0,0
16.708,4,1,1,1,1,498,1,495,497,0,0
16.709,5,1,1,1,1,500,1,467,500,0,0
16.71,6,1,1,1,1,503,1,430,528,0,0
16.711,7,1,1,1,1,481,1,418,544,0,0
16.712,8,1,1,1,1,476,1,439,509,0,0
16.713,9,1,1,1,1,489,1,461,499,0,0
16.714,10,1,1,1,1,506,2,492,505,0,0
16.715,11,1,1,1,1,504,1,505,497,0,0
16.716,12,1,1,1,1,514,1,539,500,0,0
16.717,13,1,1,1,1,527,1,548,507,0,0
16.718,14,1,1,1,1,524,1,543,498,0,0
16.719,15,1,1,1,1,524,1,548,499,0,0
16.72,0,1,1,1,1,534,1,552,516,0,0
16.721,1,1,1,1,1,524,1,549,513,0,0
16.722,2,1,1,1,1,526,2,542,509,0,0
16.723,3,1,1,1,1,524,1,552,499,0,0
16.724,4,1,1,1,1,526,0,560,505,0,0
16.725,5,1,1,1,1,531,1,568,507,0,0
16.726,6,1,1,1,1,530,1,584,497,0,0
16.727,7,1,1,1,1,532,1,570,506,0,0
16.728,8,1,1,1,1,517,1,514,515,0,0
16.729,9,1,1,1,1,495,1,466,522,0,0
16.73,10,1,1,1,1,493,1,467,530,0,0
16.731,11,1,1,1,1,509,1,473,510,0,0
16.732,12,1,1,1,1,507,0,459,509,0,0
16.733,13,1,1,1,1,493,1,438,510,0,0
16.734,14,1,1,1,1,496,1,430,520,0,0
16.735,15,1,1,1,1,497,1,413,522,0,0
16.736,0,1,1,1,1,468,1,395,516,0,0
16.737,1,1,1,1,1,456,1,416,506,0,0
16.738,2,1,1,1,1,470,1,458,498,0,0
16.739,3,1,1,1,1,502,1,558,507,0,0
16.74,4,1,1,1,1,531,1,636,497,0,0
16.741,5,1,1,1,1,554,1,656,484,0,0
16.742,6,1,1,1,1,563,1,625,483,0,0
16.743,7,1,1,1,1,564,1,583,496,0,0
16.744,8,1,1,1,1,558,1,525,514,0,0
16.745,9,1,1,1,1,533,1,458,529,0,0
16.746,10,1,1,1,1,512,1,425,548,0,0
16.747,11,1,1,1,1,459,1,383,550,0,0
16.748,12,1,1,1,1,444,1,395,521,0,0
16.749,13,1,1,1,1,467,1,433,463,0,0
16.75,14,1,1,1,1,476,1,482,494,0,0
16.751,15,1,1,1,1,493,1,532,521,0,0
16.752,0,1,1,1,1,501,1,553,497,0,0
16.753,1,1,1,1,1,519,1,569,494,0,0
16.754,2,1,1,1,1,545,1,573,483,0,0
16.755,3,1,1,1,1,539,1,549,505,0,0
16.756,4,1,1,1,1,536,1,537,516,0,0
16.757,5,1,1,1,1,514,1,513,511,0,0
16.758,6,1,1,1,1,505,1,505,513,0,0
16.759,7,1,1,1,1,514,1,527,504,0,0
16.76,8,1,1,1,1,528,1,548,503,0,0
16.761,9,1,1,1,1,531,1,549,501,0,0
16.762,10,1,1,1,1,527,2,542,505,0,0
16.763,11,1,1,1,1,529,1,530,513,0,0
16.764,12,1,1,1,1,539,0,519,532,0,0
16.765,13,1,1,1,1,520,1,502,530,0,0
16.766,14,1,1,1,1,504,1,484,512,0,0
16.767,15,1,1,1,1,481,1,459,503,0,0
16.768,0,1,1,1,1,478,1,471,499,0,0
16.769,1,1,1,1,1,496,1,512,490,0,0
16.77,2,1,1,1,1,518,2,559,489,0,0
16.771,3,1,1,1,1,526,1,592,510,0,0
16.772,4,1,1,1,1,536,0,616,519,0,0
16.773,5,1,1,1,1,539,1,571,507,0,0
16.774,6,1,1,1,1,533,1,512,504,0,0
16.775,7,1,1,1,1,504,1,437,518,0,0
16.776,8,1,1,1,1,480,1,375,528,0,0
16.777,9,1,1,1,1,472,1,378,523,0,0
16.778,10,1,1,1,1,480,1,421,521,0,0
16.779,11,1,1,1,1,489,1,474,508,0,0
16.78,12,1,1,1,1,510,0,521,496,0,0
16.781,13,1,1,1,1,521,1,534,496,0,0
16.782,14,1,1,1,1,528,1,549,502,0,0
16.783,15,1,1,1,1,536,1,573,499,0,0
16.784,0,1,1,1,1,530,1,561,498,0,0
16.785,1,1,1,1,1,529,1,547,505,0,0
16.786,2,1,1,1,1,512,2,514,511,0,0
16.787,3,1,1,1,1,511,1,504,516,0,0
16.788,4,1,1,1,1,495,1,472,522,0,0
16.789,5,1,1,1,1,491,1,483,511,0,0
16.79,6,1,1,1,1,492,1,484,521,0,0
16.791,7,1,1,1,1,506,1,508,526,0,0
16.792,8,1,1,1,1,516,1,523,497,0,0
16.793,9,1,1,1,1,528,1,543,500,0,0
16.794,10,1,1,1,1,536,2,576,487,0,0
16.795,11,1,1,1,1,532,1,579,495,0,0
16.796,12,1,1,1,1,517,1,558,504,0,0
16.797,13,1,1,1,1,505,1,522,502,0,0
16.798,14,1,1,1,1,515,1,498,512,0,0
16.799,15,1,1,1,1,500,1,452,523,0,0
16.8,0,1,1,1,1,498,1,441,525,0,0
16.801,1,1,1,1,1,493,1,446,507,0,0
16.802,2,1,1,1,1,499,2,484,507,0,0
16.803,3,1,1,1,1,516,1,565,513,0,0
16.804,4,1,1,1,1,512,1,553,497,0,0
16.805,5,1,1,1,1,522,1,544,502,0,0
16.806,6,1,1,1,1,524,1,528,511,0,0
16.807,7,1,1,1,1,526,0,518,524,0,0
16.808,8,1,1,1,1,535,1,515,516,0,0
16.809,9,1,1,1,1,520,1,543,498,0,0
16.81,10,1,1,1,1,512,2,537,494,0,0
16.811,11,1,1,1,1,505,1,509,508,0,0
16.812,12,1,1,1,1,515,1,511,533,0,0
16.813,13,1,1,1,1,526,1,492,554,0,0
16.814,14,1,1,1,1,494,1,423,529,0,0
16.815,15,1,1,1,1,456,0,373,506,0,0
16.816,0,1,1,1,1,470,1,442,487,0,0
16.817,1,1,1,1,1,495,1,502,461,0,0
16.818,2,1,1,1,1,509,2,538,471,0,0
16.819,3,1,1,1,1,519,1,547,486,0,0
16.82,4,1,1,1,1,523,1,536,510,0,0
16.821,5,1,1,1,1,524,1,512,519,0,0
16.822,6,1,1,1,1,524,1,519,516,0,0
16.823,7,1,1,1,1,510,0,502,517,0,0
16.824,8,1,1,1,1,513,1,511,520,0,0
16.825,9,1,1,1,1,517,1,498,510,0,0
16.826,10,1,1,1,1,513,2,493,500,0,0
16.827,11,1,1,1,1,497,1,479,515,0,0
16.828,12,1,1,1,1,496,1,503,516,0,0
16.829,13,1,1,1,1,504,1,522,510,0,0
16.83,14,1,1,1,1,516,1,529,503,0,0
16.831,15,1,1,1,1,521,1,531,498,0,0
16.832,0,1,1,1,1,514,1,516,539,0,0
16.833,1,1,1,1,1,512,1,509,541,0,0
16.834,2,1,1,1,1,510,2,525,528,0,0
16.835,3,1,1,1,1,523,1,575,493,0,0
16.836,4,1,1,1,1,537,1,625,481,0,0
16.837,5,1,1,1,1,551,1,625,481,0,0
16.838,6,1,1,1,1,549,1,579,497,0,0
16.839,7,1,1,1,1,550,1,516,512,0,0
16.84,8,1,1,1,1,525,1,446,540,0,0
16.841,9,1,1,1,1,481,1,380,515,0,0
16.842,10,1,1,1,1,439,1,352,496,0,0
16.843,11,1,1,1,1,440,1,396,512,0,0
16.844,12,1,1,1,1,461,1,444,503,0,0
16.845,13,1,1,1,1,487,1,485,505,0,0
16.846,14,1,1,1,1,506,1,517,507,0,0
16.847,15,1,1,1,1,527,1,537,507,0,0
16.848,0,1,1,1,1,540,1,551,518,0,0
16.849,1,1,1,1,1,536,1,550,517,0,0
16.85,2,1,1,1,1,527,1,534,506,0,0
16.851,3,1,1,1,1,526,1,540,502,0,0
16.852,4,1,1,1,1,515,1,536,500,0,0
16.853,5,1,1,1,1,502,1,528,501,0,0
16.854,6,1,1,1,1,505,1,531,520,0,0
16.855,7,1,1,1,1,508,1,527,507,0,0
16.856,8,1,1,1,1,516,1,526,508,0,0
16.857,9,1,1,1,1,534,1,522,517,0,0
16.858,10,1,1,1,1,528,1,519,505,0,0
16.859,11,1,1,1,1,516,1,519,503,0,0
16.86,12,1,1,1,1,513,1,515,496,0,0
16.861,13,1,1,1,1,519,1,514,489,0,0
16.862,14,1,1,1,1,523,1,519,506,0,0
16.863,15,1,1,1,1,517,1,508,521,0,0
16.864,0,1,1,1,1,511,1,489,520,0,0
16.865,1,1,1,1,1,511,1,483,527,0,0
16.866,2,1,1,1,1,499,1,486,517,0,0
16.867,3,1,1,1,1,505,1,499,516,0,0
16.868,4,1,1,1,1,499,1,512,507,0,0
16.869,5,1,1,1,1,500,1,524,497,0,0
16.87,6,1,1,1,1,493,1,508,496,0,0
16.871,7,1,1,1,1,507,1,508,498,0,0
16.872,8,1,1,1,1,514,1,510,500,0,0
16.873,9,1,1,1,1,512,1,490,512,0,0
16.874,10,1,1,1,1,506,2,468,505,0,0
16.875,11,1,1,1,1,507,1,492,502,0,0
16.876,12,1,1,1,1,519,1,530,511,0,0
16.877,13,1,1,1,1,534,1,575,520,0,0
16.878,14,1,1,1,1,539,1,577,505,0,0
16.879,15,1,1,1,1,536,1,573,489,0,0
16.88,0,1,1,1,1,537,1,567,498,0,0
16.881,1,1,1,1,1,521,1,544,502,0,0
16.882,2,1,1,1,1,516,2,509,515,0,0
16.883,3,1,1,1,1,502,1,477,501,0,0
16.884,4,1,1,1,1,496,1,455,500,0,0
16.885,5,1,1,1,1,468,1,419,519,0,0
16.886,6,1,1,1,1,475,1,429,534,0,0
16.887,7,1,1,1,1,505,1,455,527,0,0
16.888,8,1,1,1,1,491,1,447,516,0,0
16.889,9,1,1,1,1,483,1,457,508,0,0
16.89,10,1,1,1,1,516,2,504,518,0,0
16.891,11,1,1,1,1,521,1,518,505,0,0
16.892,12,1,1,1,1,507,1,511,523,0,0
16.893,13,1,1,1,1,494,1,508,522,0,0
16.894,14,1,1,1,1,503,1,508,513,0,0
16.895,15,1,1,1,1,511,0,530,515,0,0
16.896,0,1,1,1,1,529,1,557,521,0,0
16.897,1,1,1,1,1,528,1,552,508,0,0
16.898,2,1,1,1,1,531,2,558,493,0,0
16.899,3,1,1,1,1,523,1,563,474,0,0
16.9,4,1,1,1,1,528,1,587,484,0,0
16.901,5,1,1,1,1,546,1,612,483,0,0
16.902,6,1,1,1,1,553,1,647,485,0,0
16.903,7,1,1,1,1,546,1,595,504,0,0
16.904,8,1,1,1,1,535,1,525,516,0,0
16.905,9,1,1,1,1,527,1,454,544,0,0
16.906,10,1,1,1,1,505,2,398,549,0,0
16.907,11,1,1,1,1,455,1,330,542,0,0
16.908,12,1,1,1,1,440,1,355,511,0,0
16.909,13,1,1,1,1,445,1,383,490,0,0
16.91,14,1,1,1,1,462,1,440,487,0,0
16.911,15,1,1,1,1,488,0,483,488,0,0
16.912,0,1,1,1,1,505,1,508,495,0,0
16.913,1,1,1,1,1,523,1,540,507,0,0
16.914,2,1,1,1,1,519,2,542,503,0,0
16.915,3,1,1,1,1,529,1,553,506,0,0
16.916,4,1,1,1,1,527,1,560,511,0,0
16.917,5,1,1,1,1,531,1,576,516,0,0
16.918,6,1,1,1,1,537,1,587,523,0,0
16.919,7,1,1,1,1,536,1,588,505,0,0
16.92,8,1,1,1,1,555,1,653,492,0,0
16.921,9,1,1,1,1,550,1,663,487,0,0
16.922,10,1,1,1,1,543,2,607,488,0,0
16.923,11,1,1,1,1,536,1,556,480,0,0
16.924,12,1,1,1,1,538,1,536,505,0,0
16.925,13,1,1,1,1,525,1,460,550,0,0
16.926,14,1,1,1,1,504,1,415,538,0,0
16.927,15,1,1,1,1,472,1,353,544,0,0
16.928,0,1,1,1,1,437,1,327,547,0,0
16.929,1,1,1,1,1,443,1,348,528,0,0
16.93,2,1,1,1,1,446,1,377,505,0,0
16.931,3,1,1,1,1,467,1,424,491,0,0
16.932,4,1,1,1,1,486,1,482,485,0,0
16.933,5,1,1,1,1,507,1,604,506,0,0
16.934,6,1,1,1,1,546,1,666,496,0,0
16.935,7,1,1,1,1,547,1,642,488,0,0
16.936,8,1,1,1,1,551,1,611,490,0,0
16.937,9,1,1,1,1,563,1,558,507,0,0
16.938,10,1,1,1,1,543,2,485,535,0,0
16.939,11,1,1,1,1,508,1,430,520,0,0
16.94,12,1,1,1,1,464,0,388,488,0,0
16.941,13,1,1,1,1,450,1,408,495,0,0
16.942,14,1,1,1,1,488,1,482,505,0,0
16.943,15,1,1,1,1,513,1,521,514,0,0
16.944,0,1,1,1,1,516,1,528,524,0,0
16.945,1,1,1,1,1,520,1,536,511,0,0
16.946,2,1,1,1,1,524,2,536,507,0,0
16.947,3,1,1,1,1,525,1,532,504,0,0
16.948,4,1,1,1,1,536,0,529,501,0,0
16.949,5,1,1,1,1,529,1,533,503,0,0
16.95,6,1,1,1,1,522,1,533,512,0,0
16.951,7,1,1,1,1,525,1,533,537,0,0
16.952,8,1,1,1,1,519,1,535,529,0,0
16.953,9,1,1,1,1,518,1,528,519,0,0
16.954,10,1,1,1,1,518,2,530,490,0,0
16.955,11,1,1,1,1,508,1,521,479,0,0
16.956,12,1,1,1,1,508,0,516,492,0,0
16.957,13,1,1,1,1,519,1,538,506,0,0
16.958,14,1,1,1,1,527,1,547,505,0,0
16.959,15,1,1,1,1,524,1,549,507,0,0
16.96,0,1,1,1,1,521,1,537,509,0,0
16.961,1,1,1,1,1,520,1,514,518,0,0
16.962,2,1,1,1,1,511,1,491,535,0,0
16.963,3,1,1,1,1,494,1,463,533,0,0
16.964,4,1,1,1,1,485,1,463,492,0,0
16.965,5,1,1,1,1,497,1,494,455,0,0
16.966,6,1,1,1,1,492,1,495,483,0,0
16.967,7,1,1,1,1,502,1,512,509,0,0
16.968,8,1,1,1,1,522,1,509,517,0,0
16.969,9,1,1,1,1,523,1,489,538,0,0
16.97,10,1,1,1,1,512,1,469,541,0,0
16.971,11,1,1,1,1,493,1,473,511,0,0
16.972,12,1,1,1,1,484,1,486,502,0,0
16.973,13,1,1,1,1,514,1,532,487,0,0
16.974,14,1,1,1,1,534,1,576,487,0,0
16.975,15,1,1,1,1,528,1,582,501,0,0
16.976,0,1,1,1,1,522,1,566,511,0,0
16.977,1,1,1,1,1,516,1,532,519,0,0
16.978,2,1,1,1,1,514,1,489,519,0,0
16.979,3,1,1,1,1,510,1,456,531,0,0
16.98,4,1,1,1,1,495,0,449,514,0,0
16.981,5,1,1,1,1,479,1,443,511,0,0
16.982,6,1,1,1,1,471,1,463,501,0,0
16.983,7,1,1,1,1,504,1,511,503,0,0
16.984,8,1,1,1,1,514,1,521,507,0,0
16.985,9,1,1,1,1,510,1,516,515,0,0
16.986,10,1,1,1,1,521,2,536,507,0,0
16.987,11,1,1,1,1,527,1,556,502,0,0
16.988,12,1,1,1,1,548,0,640,497,0,0
16.989,13,1,1,1,1,551,1,650,492,0,0
16.99,14,1,1,1,1,555,1,648,486,0,0
16.991,15,1,1,1,1,561,1,581,492,0,0
16.992,0,1,1,1,1,559,1,521,511,0,0
16.993,1,1,1,1,1,535,1,491,538,0,0
16.994,2,1,1,1,1,508,2,461,544,0,0
16.995,3,1,1,1,1,459,1,389,509,0,0
16.996,4,1,1,1,1,447,0,409,483,0,0
16.997,5,1,1,1,1,474,1,402,516,0,0
16.998,6,1,1,1,1,472,1,346,541,0,0
16.999,7,1,1,1,1,471,1,355,548,0,0
17.0,8,1,1,1,1,463,1,365,530,0,0
17.001,9,1,1,1,1,451,1,385,518,0,0
17.002,10,1,1,1,1,461,1,455,492,0,0
17.003,11,1,1,1,1,498,1,533,479,0,0
17.004,12,1,1,1,1,532,1,580,485,0,0
17.005,13,1,1,1,1,547,1,609,497,0,0
17.006,14,1,1,1,1,550,1,618,500,0,0
17.007,15,1,1,1,1,558,1,623,502,0,0
17.008,0,1,1,1,1,554,1,611,487,0,0
17.009,1,1,1,1,1,548,1,588,495,0,0
17.01,2,1,1,1,1,547,2,562,504,0,0
17.011,3,1,1,1,1,539,1,547,527,0,0
17.012,4,1,1,1,1,520,1,526,523,0,0
17.013,5,1,1,1,1,499,1,512,509,0,0
17.014,6,1,1,1,1,484,1,499,502,0,0
17.015,7,1,1,1,1,488,1,506,504,0,0
17.016,8,1,1,1,1,498,1,485,532,0,0
17.017,9,1,1,1,1,508,1,477,532,0,0
17.018,10,1,1,1,1,496,1,466,538,0,0
17.019,11,1,1,1,1,492,1,468,482,0,0
17.02,12,1,1,1,1,512,1,533,462,0,0
17.021,13,1,1,1,1,540,1,612,486,0,0
17.022,14,1,1,1,1,555,1,640,497,0,0
17.023,15,1,1,1,1,543,1,593,498,0,0
17.024,0,1,1,1,1,535,1,516,518,0,0
17.025,1,1,1,1,1,520,1,443,536,0,0
17.026,2,1,1,1,1,498,2,395,551,0,0
17.027,3,1,1,1,1,465,1,353,525,0,0
17.028,4,1,1,1,1,434,1,351,493,0,0
17.029,5,1,1,1,1,453,1,425,476,0,0
17.03,6,1,1,1,1,494,1,503,499,0,0
17.031,7,1,1,1,1,515,0,547,516,0,0
17.032,8,1,1,1,1,525,1,554,519,0,0
17.033,9,1,1,1,1,536,1,558,517,0,0
17.034,10,1,1,1,1,536,2,552,511,0,0
17.035,11,1,1,1,1,531,1,567,497,0,0
17.036,12,1,1,1,1,527,1,572,509,0,0
17.037,13,1,1,1,1,524,1,551,507,0,0
17.038,14,1,1,1,1,524,1,549,499,0,0
17.039,15,1,1,1,1,526,0,534,496,0,0
17.04,0,1,1,1,1,515,1,503,509,0,0
17.041,1,1,1,1,1,517,1,504,527,0,0
17.042,2,1,1,1,1,499,2,485,506,0,0
17.043,3,1,1,1,1,498,1,482,511,0,0
17.044,4,1,1,1,1,499,1,485,506,0,0
17.045,5,1,1,1,1,503,1,488,508,0,0
17.046,6,1,1,1,1,523,1,501,522,0,0
17.047,7,1,1,1,1,518,1,490,519,0,0
17.048,8,1,1,1,1,506,1,488,508,0,0
17.049,9,1,1,1,1,502,1,493,506,0,0
17.05,10,1,1,1,1,508,2,505,505,0,0
17.051,11,1,1,1,1,515,1,515,507,0,0
17.052,12,1,1,1,1,509,1,509,503,0,0
17.053,13,1,1,1,1,504,1,511,502,0,0
17.054,14,1,1,1,1,519,1,534,508,0,0
17.055,15,1,1,1,1,522,1,540,507,0,0
17.056,0,1,1,1,1,535,1,599,500,0,0
17.057,1,1,1,1,1,538,1,627,483,0,0
17.058,2,1,1,1,1,526,2,582,495,0,0
17.059,3,1,1,1,1,530,1,535,511,0,0
17.06,4,1,1,1,1,525,1,491,529,0,0
17.061,5,1,1,1,1,507,1,428,545,0,0
17.062,6,1,1,1,1,485,1,395,536,0,0
17.063,7,1,1,1,1,465,1,408,503,0,0
17.064,8,1,1,1,1,470,1,486,483,0,0
17.065,9,1,1,1,1,510,1,600,480,0,0
17.066,10,1,1,1,1,541,2,645,492,0,0
17.067,11,1,1,1,1,547,1,605,502,0,0
17.068,12,1,1,1,1,541,1,547,506,0,0
17.069,13,1,1,1,1,513,1,465,520,0,0
17.07,14,1,1,1,1,482,1,393,539,0,0
17.071,15,1,1,1,1,447,1,334,536,0,0
17.072,0,1,1,1,1,443,1,372,509,0,0
17.073,1,1,1,1,1,472,1,440,504,0,0
17.074,2,1,1,1,1,517,1,552,510,0,0
17.075,3,1,1,1,1,538,1,592,501,0,0
17.076,4,1,1,1,1,550,1,611,499,0,0
17.077,5,1,1,1,1,549,1,592,509,0,0
17.078,6,1,1,1,1,543,1,558,508,0,0
17.079,7,1,1,1,1,534,1,519,527,0,0
17.08,8,1,1,1,1,511,1,488,525,0,0
17.081,9,1,1,1,1,483,1,466,498,0,0
17.082,10,1,1,1,1,488,1,465,496,0,0
17.083,11,1,1,1,1,496,1,459,500,0,0
17.084,12,1,1,1,1,497,1,447,514,0,0
17.085,13,1,1,1,1,504,1,457,513,0,0
17.086,14,1,1,1,1,489,1,448,506,0,0
17.087,15,1,1,1,1,477,1,467,502,0,0
17.088,0,1,1,1,1,499,1,515,501,0,0
17.089,1,1,1,1,1,526,1,549,495,0,0
17.09,2,1,1,1,1,536,2,556,500,0,0
17.091,3,1,1,1,1,529,1,550,504,0,0
17.092,4,1,1,1,1,523,1,540,508,0,0
17.093,5,1,1,1,1,528,1,551,518,0,0
17.094,6,1,1,1,1,535,1,569,511,0,0
17.095,7,1,1,1,1,521,1,556,500,0,0
17.096,8,1,1,1,1,521,1,545,503,0,0
17.097,9,1,1,1,1,519,1,529,499,0,0
17.098,10,1,1,1,1,522,2,524,505,0,0
17.099,11,1,1,1,1,528,1,534,512,0,0
17.1,12,1,1,1,1,520,1,547,509,0,0
17.101,13,1,1,1,1,508,1,529,507,0,0
17.102,14,1,1,1,1,516,1,517,527,0,0
17.103,15,1,1,1,1,516,1,513,532,0,0
17.104,0,1,1,1,1,515,1,501,522,0,0
17.105,1,1,1,1,1,500,1,481,515,0,0
17.106,2,1,1,1,1,488,1,454,508,0,0
17.107,3,1,1,1,1,487,1,458,495,0,0
17.108,4,1,1,1,1,503,1,470,496,0,0
17.109,5,1,1,1,1,499,1,466,512,0,0
17.11,6,1,1,1,1,489,1,443,511,0,0
17.111,7,1,1,1,1,501,0,458,506,0,0
17.112,8,1,1,1,1,515,1,493,518,0,0
17.113,9,1,1,1,1,508,1,487,515,0,0
17.114,10,1,1,1,1,494,1,497,504,0,0
17.115,11,1,1,1,1,510,1,533,498,0,0
17.116,12,1,1,1,1,523,1,543,500,0,0
17.117,13,1,1,1,1,528,1,547,512,0,0
17.118,14,1,1,1,1,523,1,536,510,0,0
17.119,15,1,1,1,1,516,0,520,511,0,0
17.12,0,1,1,1,1,508,1,518,511,0,0
17.121,1,1,1,1,1,513,1,523,503,0,0
17.122,2,1,1,1,1,513,2,525,503,0,0
17.123,3,1,1,1,1,512,1,531,513,0,0
17.124,4,1,1,1,1,521,1,543,518,0,0
17.125,5,1,1,1,1,526,1,535,509,0,0
17.126,6,1,1,1,1,519,1,537,508,0,0
17.127,7,1,1,1,1,514,0,530,506,0,0
17.128,8,1,1,1,1,516,1,519,506,0,0
17.129,9,1,1,1,1,513,1,511,507,0,0
17.13,10,1,1,1,1,513,2,512,508,0,0
17.131,11,1,1,1,1,511,1,502,504,0,0
17.132,12,1,1,1,1,514,1,511,507,0,0
17.133,13,1,1,1,1,527,1,521,510,0,0
17.134,14,1,1,1,1,532,1,568,504,0,0
17.135,15,1,1,1,1,535,1,603,498,0,0
17.136,0,1,1,1,1,537,1,613,488,0,0
17.137,1,1,1,1,1,531,1,581,490,0,0
17.138,2,1,1,1,1,513,2,516,499,0,0
17.139,3,1,1,1,1,500,1,458,531,0,0
17.14,4,1,1,1,1,480,1,402,554,0,0
17.141,5,1,1,1,1,472,1,452,521,0,0
17.142,6,1,1,1,1,486,1,495,499,0,0
17.143,7,1,1,1,1,515,1,560,460,0,0
17.144,8,1,1,1,1,536,1,580,472,0,0
17.145,9,1,1,1,1,536,1,493,512,0,0
17.146,10,1,1,1,1,514,2,388,547,0,0
17.147,11,1,1,1,1,492,1,348,541,0,0
17.148,12,1,1,1,1,460,1,303,539,0,0
17.149,13,1,1,1,1,438,0,310,559,0,0
17.15,14,1,1,1,1,423,1,356,522,0,0
17.151,15,1,1,1,1,446,1,449,499,0,0
17.152,0,1,1,1,1,488,1,520,495,0,0
17.153,1,1,1,1,1,522,1,580,494,0,0
17.154,2,1,1,1,1,546,2,604,503,0,0
17.155,3,1,1,1,1,543,1,599,499,0,0
17.156,4,1,1,1,1,535,0,587,497,0,0
17.157,5,1,1,1,1,541,1,583,499,0,0
17.158,6,1,1,1,1,540,1,573,501,0,0
17.159,7,1,1,1,1,538,1,569,502,0,0
17.16,8,1,1,1,1,528,1,550,508,0,0
17.161,9,1,1,1,1,526,1,543,511,0,0
17.162,10,1,1,1,1,526,2,537,511,0,0
17.163,11,1,1,1,1,527,1,535,510,0,0
17.164,12,1,1,1,1,523,0,523,505,0,0
17.165,13,1,1,1,1,516,1,521,502,0,0
17.166,14,1,1,1,1,517,1,520,508,0,0
17.167,15,1,1,1,1,521,1,538,498,0,0
17.168,0,1,1,1,1,524,1,558,488,0,0
17.169,1,1,1,1,1,529,1,565,497,0,0
17.17,2,1,1,1,1,534,2,566,499,0,0
17.171,3,1,1,1,1,537,1,563,507,0,0
17.172,4,1,1,1,1,526,0,515,522,0,0
17.173,5,1,1,1,1,505,1,468,518,0,0
17.174,6,1,1,1,1,496,1,444,527,0,0
17.175,7,1,1,1,1,470,1,414,521,0,0
17.176,8,1,1,1,1,465,1,397,516,0,0
17.177,9,1,1,1,1,473,1,432,500,0,0
17.178,10,1,1,1,1,479,1,464,501,0,0
17.179,11,1,1,1,1,496,1,490,535,0,0
17.18,12,1,1,1,1,508,1,511,524,0,0
17.181,13,1,1,1,1,509,1,507,507,0,0
17.182,14,1,1,1,1,513,1,520,502,0,0
17.183,15,1,1,1,1,513,1,533,500,0,0
17.184,0,1,1,1,1,521,1,538,505,0,0
17.185,1,1,1,1,1,524,1,536,507,0,0
17.186,2,1,1,1,1,524,1,528,504,0,0
17.187,3,1,1,1,1,522,1,527,503,0,0
17.188,4,1,1,1,1,519,1,524,506,0,0
17.189,5,1,1,1,1,518,1,519,506,0,0
17.19,6,1,1,1,1,515,1,524,503,0,0
17.191,7,1,1,1,1,513,1,525,506,0,0
17.192,8,1,1,1,1,512,1,527,506,0,0
17.193,9,1,1,1,1,515,1,526,508,0,0
17.194,10,1,1,1,1,515,1,515,512,0,0
17.195,11,1,1,1,1,516,1,512,511,0,0
17.196,12,1,1,1,1,512,1,507,511,0,0
17.197,13,1,1,1,1,512,1,510,509,0,0
17.198,14,1,1,1,1,511,1,506,509,0,0
17.199,15,1,1,1,1,512,1,504,510,0,0
17.2,0,1,1,1,1,512,1,512,511,0,0
17.201,1,1,1,1,1,514,1,517,507,0,0
17.202,2,1,1,1,1,506,2,508,505,0,0
17.203,3,1,1,1,1,502,1,505,501,0,0
17.204,4,1,1,1,1,505,0,502,500,0,0
17.205,5,1,1,1,1,510,1,504,504,0,0
17.206,6,1,1,1,1,513,1,504,515,0,0
17.207,7,1,1,1,1,509,1,505,518,0,0
17.208,8,1,1,1,1,508,1,506,511,0,0
17.209,9,1,1,1,1,512,1,509,513,0,0
17.21,10,1,1,1,1,515,2,512,514,0,0
17.211,11,1,1,1,1,513,1,514,510,0,0
17.212,12,1,1,1,1,512,0,508,511,0,0
17.213,13,1,1,1,1,518,1,502,511,0,0
17.214,14,1,1,1,1,510,1,508,508,0,0
17.215,15,1,1,1,1,510,1,510,508,0,0
17.216,0,1,1,1,1,512,1,511,509,0,0
17.217,1,1,1,1,1,510,1,512,509,0,0
17.218,2,1,1,1,1,511,2,507,508,0,0
17.219,3,1,1,1,1,512,1,509,507,0,0
17.22,4,1,1,1,1,511,1,518,507,0,0
17.221,5,1,1,1,1,513,1,521,504,0,0
17.222,6,1,1,1,1,512,1,519,505,0,0
17.223,7,1,1,1,1,510,1,521,507,0,0
17.224,8,1,1,1,1,509,1,513,510,0,0
17.225,9,1,1,1,1,510,1,508,509,0,0
17.226,10,1,1,1,1,510,2,504,511,0,0
17.227,11,1,1,1,1,511,1,509,508,0,0
17.228,12,1,1,1,1,511,1,503,509,0,0
17.229,13,1,1,1,1,513,1,512,507,0,0
17.23,14,1,1,1,1,511,1,515,508,0,0
17.231,15,1,1,1,1,511,1,510,507,0,0
17.232,0,1,1,1,1,512,1,508,509,0,0
17.233,1,1,1,1,1,512,1,505,507,0,0
17.234,2,1,1,1,1,513,2,502,507,0,0
17.235,3,1,1,1,1,512,1,515,506,0,0
17.236,4,1,1,1,1,512,1,521,509,0,0
17.237,5,1,1,1,1,512,1,515,509,0,0
17.238,6,1,1,1,1,511,1,509,511,0,0
17.239,7,1,1,1,1,510,1,511,508,0,0
17.24,8,1,1,1,1,514,1,509,510,0,0
17.241,9,1,1,1,1,515,1,503,510,0,0
17.242,10,1,1,1,1,511,2,507,509,0,0
17.243,11,1,1,1,1,511,1,508,507,0,0
17.244,12,1,1,1,1,507,1,503,506,0,0
17.245,13,1,1,1,1,509,1,506,504,0,0
17.246,14,1,1,1,1,513,1,501,503,0,0
17.247,15,1,1,1,1,512,0,504,504,0,0
17.248,0,1,1,1,1,504,1,504,506,0,0
17.249,1,1,1,1,1,507,1,499,509,0,0
17.25,2,1,1,1,1,511,2,503,510,0,0
17.251,3,1,1,1,1,520,1,506,515,0,0
17.252,4,1,1,1,1,521,1,508,525,0,0
17.253,5,1,1,1,1,521,1,502,516,0,0
17.254,6,1,1,1,1,519,1,510,506,0,0
17.255,7,1,1,1,1,522,0,511,498,0,0
17.256,8,1,1,1,1,530,1,515,494,0,0
17.257,9,1,1,1,1,519,1,513,497,0,0
17.258,10,1,1,1,1,515,2,507,499,0,0
17.259,11,1,1,1,1,505,1,518,503,0,0
17.26,12,1,1,1,1,495,1,499,522,0,0
17.261,13,1,1,1,1,489,1,499,524,0,0
17.262,14,1,1,1,1,489,1,505,523,0,0
17.263,15,1,1,1,1,505,0,528,511,0,0
17.264,0,1,1,1,1,505,1,556,508,0,0
17.265,1,1,1,1,1,495,1,546,509,0,0
17.266,2,1,1,1,1,501,2,532,522,0,0
17.267,3,1,1,1,1,498,1,520,516,0,0
17.268,4,1,1,1,1,518,1,524,512,0,0
17.269,5,1,1,1,1,530,1,512,504,0,0
17.27,6,1,1,1,1,527,1,506,503,0,0
17.271,7,1,1,1,1,527,1,511,495,0,0
17.272,8,1,1,1,1,518,1,513,490,0,0
17.273,9,1,1,1,1,510,1,519,504,0,0
17.274,10,1,1,1,1,489,1,532,531,0,0
17.275,11,1,1,1,1,491,1,530,519,0,0
17.276,12,1,1,1,1,491,1,523,511,0,0
17.277,13,1,1,1,1,487,1,508,511,0,0
17.278,14,1,1,1,1,498,1,521,533,0,0
17.279,15,1,1,1,1,510,1,512,529,0,0
17.28,0,1,1,1,1,559,1,508,510,0,0
17.281,1,1,1,1,1,543,1,503,485,0,0
17.282,2,1,1,1,1,492,2,492,473,0,0
17.283,3,1,1,1,1,505,1,505,498,0,0
17.284,4,1,1,1,1,547,1,540,495,0,0
17.285,5,1,1,1,1,548,1,559,506,0,0
17.286,6,1,1,1,1,540,1,562,502,0,0
17.287,7,1,1,1,1,542,1,553,487,0,0
17.288,8,1,1,1,1,548,1,531,468,0,0
17.289,9,1,1,1,1,524,1,510,478,0,0
17.29,10,1,1,1,1,518,1,512,491,0,0
17.291,11,1,1,1,1,479,1,497,484,0,0
17.292,12,1,1,1,1,472,1,487,498,0,0
17.293,13,1,1,1,1,447,1,484,543,0,0
17.294,14,1,1,1,1,438,1,499,583,0,0
17.295,15,1,1,1,1,504,1,532,563,0,0
17.296,0,1,1,1,1,525,1,556,536,0,0
17.297,1,1,1,1,1,512,1,561,513,0,0
17.298,2,1,1,1,1,494,1,532,515,0,0
17.299,3,1,1,1,1,510,1,536,516,0,0
17.3,4,1,1,1,1,527,1,536,513,0,0
17.301,5,1,1,1,1,526,1,536,511,0,0
17.302,6,1,1,1,1,523,1,532,511,0,0
17.303,7,1,1,1,1,519,1,529,510,0,0
17.304,8,1,1,1,1,515,1,521,508,0,0
17.305,9,1,1,1,1,515,1,511,507,0,0
17.306,10,1,1,1,1,516,1,512,504,0,0
17.307,11,1,1,1,1,519,1,506,502,0,0
17.308,12,1,1,1,1,515,1,499,497,0,0
17.309,13,1,1,1,1,514,1,501,500,0,0
17.31,14,1,1,1,1,514,1,502,508,0,0
17.311,15,1,1,1,1,517,1,499,506,0,0
17.312,0,1,1,1,1,515,1,490,505,0,0
17.313,1,1,1,1,1,512,1,492,507,0,0
17.314,2,1,1,1,1,511,2,497,504,0,0
17.315,3,1,1,1,1,511,1,497,505,0,0
17.316,4,1,1,1,1,510,1,505,509,0,0
17.317,5,1,1,1,1,511,1,495,509,0,0
17.318,6,1,1,1,1,508,1,499,507,0,0
17.319,7,1,1,1,1,511,1,503,507,0,0
17.32,8,1,1,1,1,513,1,508,510,0,0
17.321,9,1,1,1,1,512,1,508,508,0,0
17.322,10,1,1,1,1,513,2,507,508,0,0
17.323,11,1,1,1,1,511,1,507,508,0,0
17.324,12,1,1,1,1,513,1,507,507,0,0
17.325,13,1,1,1,1,512,1,516,510,0,0
17.326,14,1,1,1,1,513,1,504,508,0,0
17.327,15,1,1,1,1,510,1,499,509,0,0
17.328,0,1,1,1,1,510,1,497,510,0,0
17.329,1,1,1,1,1,512,1,496,508,0,0
17.33,2,1,1,1,1,512,2,505,509,0,0
17.331,3,1,1,1,1,511,1,511,509,0,0
17.332,4,1,1,1,1,511,1,515,509,0,0
17.333,5,1,1,1,1,508,1,517,509,0,0
17.334,6,1,1,1,1,510,1,518,508,0,0
17.335,7,1,1,1,1,510,0,517,507,0,0
17.336,8,1,1,1,1,512,1,510,507,0,0
17.337,9,1,1,1,1,511,1,505,508,0,0
17.338,10,1,1,1,1,511,2,505,508,0,0
17.339,11,1,1,1,1,511,1,500,510,0,0
17.34,12,1,1,1,1,510,1,507,508,0,0
17.341,13,1,1,1,1,512,1,504,507,0,0
17.342,14,1,1,1,1,511,1,505,507,0,0
17.343,15,1,1,1,1,512,0,500,507,0,0
17.344,0,1,1,1,1,512,1,498,506,0,0
17.345,1,1,1,1,1,510,1,500,509,0,0
17.346,2,1,1,1,1,510,2,497,508,0,0
17.347,3,1,1,1,1,512,1,497,508,0,0
17.348,4,1,1,1,1,511,1,501,510,0,0
17.349,5,1,1,1,1,510,1,499,510,0,0
17.35,6,1,1,1,1,511,1,509,507,0,0
17.351,7,1,1,1,1,513,1,506,508,0,0
17.352,8,1,1,1,1,513,1,512,508,0,0
17.353,9,1,1,1,1,512,1,512,507,0,0
17.354,10,1,1,1,1,512,2,505,509,0,0
17.355,11,1,1,1,1,511,1,510,509,0,0
17.356,12,1,1,1,1,512,1,508,508,0,0
17.357,13,1,1,1,1,512,1,507,508,0,0
17.358,14,1,1,1,1,511,1,515,508,0,0
17.359,15,1,1,1,1,512,1,511,508,0,0
17.36,0,1,1,1,1,513,1,505,508,0,0
17.361,1,1,1,1,1,512,1,504,508,0,0
17.362,2,1,1,1,1,512,2,507,508,0,0
17.363,3,1,1,1,1,512,1,504,508,0,0
17.364,4,1,1,1,1,512,1,510,510,0,0
17.365,5,1,1,1,1,511,1,505,510,0,0
17.366,6,1,1,1,1,512,1,510,510,0,0
17.367,7,1,1,1,1,511,1,511,509,0,0
17.368,8,1,1,1,1,510,1,500,506,0,0
17.369,9,1,1,1,1,510,1,512,511,0,0
17.37,10,1,1,1,1,511,2,523,509,0,0
17.371,11,1,1,1,1,510,1,515,510,0,0
17.372,12,1,1,1,1,511,1,507,506,0,0
17.373,13,1,1,1,1,512,1,516,508,0,0
17.374,14,1,1,1,1,512,1,511,508,0,0
17.375,15,1,1,1,1,511,1,512,507,0,0
17.376,0,1,1,1,1,512,1,499,508,0,0
17.377,1,1,1,1,1,513,1,499,510,0,0
17.378,2,1,1,1,1,512,2,502,507,0,0
17.379,3,1,1,1,1,510,1,508,507,0,0
17.38,4,1,1,1,1,509,0,503,506,0,0
17.381,5,1,1,1,1,512,1,503,508,0,0
17.382,6,1,1,1,1,512,1,506,511,0,0
17.383,7,1,1,1,1,509,1,512,510,0,0
17.384,8,1,1,1,1,511,1,515,508,0,0
17.385,9,1,1,1,1,513,1,511,507,0,0
17.386,10,1,1,1,1,512,2,506,508,0,0
17.387,11,1,1,1,1,512,1,518,510,0,0
17.388,12,1,1,1,1,512,0,515,509,0,0
17.389,13,1,1,1,1,512,1,511,504,0,0
17.39,14,1,1,1,1,512,1,507,506,0,0
17.391,15,1,1,1,1,512,1,510,509,0,0
17.392,0,1,1,1,1,510,1,517,509,0,0
17.393,1,1,1,1,1,511,1,513,509,0,0
17.394,2,1,1,1,1,511,2,512,510,0,0
17.395,3,1,1,1,1,511,1,508,508,0,0
17.396,4,1,1,1,1,512,1,512,510,0,0
17.397,5,1,1,1,1,511,1,509,508,0,0
17.398,6,1,1,1,1,510,1,505,510,0,0
17.399,7,1,1,1,1,509,1,503,507,0,0
17.4,8,1,1,1,1,511,1,504,505,0,0
17.401,9,1,1,1,1,510,1,512,506,0,0
17.402,10,1,1,1,1,510,1,513,508,0,0
17.403,11,1,1,1,1,513,1,515,510,0,0
17.404,12,1,1,1,1,512,1,520,513,0,0
17.405,13,1,1,1,1,512,1,519,510,0,0
17.406,14,1,1,1,1,512,1,513,506,0,0
17.407,15,1,1,1,1,512,1,512,508,0,0
17.408,0,1,1,1,1,511,1,508,511,0,0
17.409,1,1,1,1,1,511,1,509,508,0,0
17.41,2,1,1,1,1,512,1,509,506,0,0
17.411,3,1,1,1,1,511,1,511,508,0,0
17.412,4,1,1,1,1,511,1,507,508,0,0
17.413,5,1,1,1,1,511,1,503,508,0,0
17.414,6,1,1,1,1,512,1,507,510,0,0
17.415,7,1,1,1,1,511,1,511,506,0,0
17.416,8,1,1,1,1,511,1,512,507,0,0
17.417,9,1,1,1,1,510,1,565,507,0,0
17.418,10,1,1,1,1,511,2,685,507,0,0
17.419,11,1,1,1,1,510,1,730,508,0,0
17.42,12,1,1,1,1,512,0,722,508,0,0
17.421,13,1,1,1,1,513,1,691,511,0,0
17.422,14,1,1,1,1,512,1,654,509,0,0
17.423,15,1,1,1,1,511,1,612,510,0,0
17.424,0,1,1,1,1,512,1,579,508,0,0
17.425,1,1,1,1,1,513,1,546,508,0,0
17.426,2,1,1,1,1,511,2,523,508,0,0
17.427,3,1,1,1,1,512,1,499,509,0,0
17.428,4,1,1,1,1,511,0,485,512,0,0
17.429,5,1,1,1,1,509,1,479,509,0,0
17.43,6,1,1,1,1,511,1,474,507,0,0
17.431,7,1,1,1,1,510,1,478,507,0,0
17.432,8,1,1,1,1,511,1,475,507,0,0
17.433,9,1,1,1,1,513,1,467,507,0,0
17.434,10,1,1,1,1,512,2,461,512,0,0
17.435,11,1,1,1,1,512,1,460,510,0,0
17.436,12,1,1,1,1,512,0,464,511,0,0
17.437,13,1,1,1,1,510,1,465,508,0,0
17.438,14,1,1,1,1,510,1,460,509,0,0
17.439,15,1,1,1,1,512,1,467,506,0,0
17.44,0,1,1,1,1,511,1,473,507,0,0
17.441,1,1,1,1,1,510,1,479,507,0,0
17.442,2,1,1,1,1,513,2,478,507,0,0
17.443,3,1,1,1,1,513,1,476,510,0,0
17.444,4,1,1,1,1,515,1,475,508,0,0
17.445,5,1,1,1,1,513,1,479,510,0,0
17.446,6,1,1,1,1,512,1,470,508,0,0
17.447,7,1,1,1,1,508,1,469,507,0,0
17.448,8,1,1,1,1,508,1,472,505,0,0
17.449,9,1,1,1,1,510,1,477,508,0,0
17.45,10,1,1,1,1,512,2,487,509,0,0
17.451,11,1,1,1,1,513,1,496,508,0,0
17.452,12,1,1,1,1,513,1,491,510,0,0
17.453,13,1,1,1,1,515,1,497,509,0,0
17.454,14,1,1,1,1,515,1,492,510,0,0
17.455,15,1,1,1,1,514,1,487,510,0,0
17.456,0,1,1,1,1,510,1,480,508,0,0
17.457,1,1,1,1,1,505,1,487,506,0,0
17.458,2,1,1,1,1,511,2,491,507,0,0
17.459,3,1,1,1,1,510,1,497,510,0,0
17.46,4,1,1,1,1,510,1,496,512,0,0
17.461,5,1,1,1,1,508,1,488,509,0,0
17.462,6,1,1,1,1,507,1,489,508,0,0
17.463,7,1,1,1,1,508,0,497,510,0,0
17.464,8,1,1,1,1,512,1,504,508,0,0
17.465,9,1,1,1,1,513,1,502,507,0,0
17.466,10,1,1,1,1,512,2,508,508,0,0
17.467,11,1,1,1,1,513,1,499,510,0,0
17.468,12,1,1,1,1,512,1,507,508,0,0
17.469,13,1,1,1,1,512,1,507,508,0,0
17.47,14,1,1,1,1,513,1,501,507,0,0
17.471,15,1,1,1,1,514,0,500,510,0,0
17.472,0,1,1,1,1,513,1,505,504,0,0
17.473,1,1,1,1,1,511,1,501,503,0,0
17.474,2,1,1,1,1,512,2,505,507,0,0
17.475,3,1,1,1,1,515,1,498,508,0,0
17.476,4,1,1,1,1,512,1,504,507,0,0
17.477,5,1,1,1,1,513,1,508,509,0,0
17.478,6,1,1,1,1,511,1,511,518,0,0
17.479,7,1,1,1,1,508,0,501,518,0,0
17.48,8,1,1,1,1,506,1,498,514,0,0
17.481,9,1,1,1,1,509,1,501,515,0,0
17.482,10,1,1,1,1,507,2,508,512,0,0
17.483,11,1,1,1,1,508,1,502,508,0,0
17.484,12,1,1,1,1,509,1,510,508,0,0
17.485,13,1,1,1,1,513,1,515,505,0,0
17.486,14,1,1,1,1,520,1,511,506,0,0
17.487,15,1,1,1,1,515,1,518,505,0,0
17.488,0,1,1,1,1,514,1,511,505,0,0
17.489,1,1,1,1,1,512,1,509,505,0,0
17.49,2,1,1,1,1,512,2,502,506,0,0
17.491,3,1,1,1,1,512,1,496,508,0,0
17.492,4,1,1,1,1,510,1,499,508,0,0
17.493,5,1,1,1,1,512,1,499,510,0,0
17.494,6,1,1,1,1,512,1,509,511,0,0
17.495,7,1,1,1,1,511,1,515,511,0,0
17.496,8,1,1,1,1,511,1,519,509,0,0
17.497,9,1,1,1,1,513,1,511,508,0,0
17.498,10,1,1,1,1,510,2,508,507,0,0
17.499,11,1,1,1,1,511,1,513,506,0,0
17.5,12,1,1,1,1,510,1,505,505,0,0
17.501,13,1,1,1,1,511,1,507,506,0,0
17.502,14,1,1,1,1,509,1,505,507,0,0
17.503,15,1,1,1,1,512,1,518,508,0,0
17.504,0,1,1,1,1,511,1,508,508,0,0
17.505,1,1,1,1,1,512,1,509,510,0,0
17.506,2,1,1,1,1,512,1,512,510,0,0
17.507,3,1,1,1,1,512,1,504,507,0,0
17.508,4,1,1,1,1,512,1,510,511,0,0
17.509,5,1,1,1,1,512,1,511,509,0,0
17.51,6,1,1,1,1,509,1,518,510,0,0
17.511,7,1,1,1,1,514,1,521,508,0,0
17.512,8,1,1,1,1,515,1,523,510,0,0
17.513,9,1,1,1,1,511,1,516,510,0,0
17.514,10,1,1,1,1,510,1,519,508,0,0
17.515,11,1,1,1,1,512,1,507,508,0,0
17.516,12,1,1,1,1,513,1,511,508,0,0
17.517,13,1,1,1,1,511,1,516,506,0,0
17.518,14,1,1,1,1,511,1,506,507,0,0
17.519,15,1,1,1,1,509,1,499,505,0,0
17.52,0,1,1,1,1,511,1,504,507,0,0
17.521,1,1,1,1,1,511,1,510,510,0,0
17.522,2,1,1,1,1,512,1,512,508,0,0
17.523,3,1,1,1,1,509,1,508,507,0,0
17.524,4,1,1,1,1,512,1,509,508,0,0
17.525,5,1,1,1,1,511,1,502,507,0,0
17.526,6,1,1,1,1,512,1,501,510,0,0
17.527,7,1,1,1,1,509,1,510,510,0,0
17.528,8,1,1,1,1,512,1,505,510,0,0
17.529,9,1,1,1,1,512,1,505,509,0,0
17.53,10,1,1,1,1,512,2,502,505,0,0
17.531,11,1,1,1,1,512,1,504,509,0,0
17.532,12,1,1,1,1,511,1,509,509,0,0
17.533,13,1,1,1,1,511,1,510,509,0,0
17.534,14,1,1,1,1,512,1,510,505,0,0
17.535,15,1,1,1,1,512,1,511,510,0,0
17.536,0,1,1,1,1,511,1,517,509,0,0
17.537,1,1,1,1,1,511,1,519,510,0,0
17.538,2,1,1,1,1,509,2,510,507,0,0
17.539,3,1,1,1,1,510,1,513,508,0,0
17.54,4,1,1,1,1,512,1,515,507,0,0
17.541,5,1,1,1,1,512,1,515,510,0,0
17.542,6,1,1,1,1,510,1,514,510,0,0
17.543,7,1,1,1,1,510,1,511,510,0,0
17.544,8,1,1,1,1,512,1,507,507,0,0
17.545,9,1,1,1,1,513,1,509,507,0,0
17.546,10,1,1,1,1,511,2,515,507,0,0
17.547,11,1,1,1,1,512,1,508,507,0,0
17.548,12,1,1,1,1,510,1,507,508,0,0
17.549,13,1,1,1,1,509,1,519,508,0,0
17.55,14,1,1,1,1,513,1,524,509,0,0
17.551,15,1,1,1,1,511,0,521,508,0,0
17.552,0,1,1,1,1,511,1,515,508,0,0
17.553,1,1,1,1,1,513,1,520,511,0,0
17.554,2,1,1,1,1,512,2,517,509,0,0
17.555,3,1,1,1,1,513,1,507,507,0,0
17.556,4,1,1,1,1,512,1,510,510,0,0
17.557,5,1,1,1,1,510,1,512,510,0,0
17.558,6,1,1,1,1,511,1,505,509,0,0
17.559,7,1,1,1,1,512,0,508,508,0,0
17.56,8,1,1,1,1,510,1,509,508,0,0
17.561,9,1,1,1,1,511,1,508,512,0,0
17.562,10,1,1,1,1,513,2,512,508,0,0
17.563,11,1,1,1,1,511,1,509,509,0,0
17.564,12,1,1,1,1,511,1,505,509,0,0
17.565,13,1,1,1,1,510,1,502,507,0,0
17.566,14,1,1,1,1,511,1,495,509,0,0
17.567,15,1,1,1,1,512,0,492,510,0,0
17.568,0,1,1,1,1,512,1,499,506,0,0
17.569,1,1,1,1,1,512,1,500,507,0,0
17.57,2,1,1,1,1,514,2,504,510,0,0
17.571,3,1,1,1,1,511,1,510,509,0,0
17.572,4,1,1,1,1,511,1,513,507,0,0
17.573,5,1,1,1,1,510,1,511,506,0,0
17.574,6,1,1,1,1,512,1,506,507,0,0
17.575,7,1,1,1,1,512,1,502,508,0,0
17.576,8,1,1,1,1,512,1,504,508,0,0
17.577,9,1,1,1,1,512,1,519,507,0,0
17.578,10,1,1,1,1,510,2,520,508,0,0
17.579,11,1,1,1,1,510,1,518,508,0,0
17.58,12,1,1,1,1,512,1,529,510,0,0
17.581,13,1,1,1,1,511,1,514,508,0,0
17.582,14,1,1,1,1,511,1,512,508,0,0
17.583,15,1,1,1,1,511,1,516,507,0,0
17.584,0,1,1,1,1,512,1,513,509,0,0
17.585,1,1,1,1,1,512,1,512,507,0,0
17.586,2,1,1,1,1,511,2,509,509,0,0
17.587,3,1,1,1,1,512,1,509,509,0,0
17.588,4,1,1,1,1,512,1,507,510,0,0
17.589,5,1,1,1,1,511,1,508,509,0,0
17.59,6,1,1,1,1,511,1,502,507,0,0
17.591,7,1,1,1,1,510,1,515,508,0,0
17.592,8,1,1,1,1,512,1,521,508,0,0
17.593,9,1,1,1,1,512,1,523,509,0,0
17.594,10,1,1,1,1,512,2,521,509,0,0
17.595,11,1,1,1,1,512,1,518,511,0,0
17.596,12,1,1,1,1,513,0,514,512,0,0
17.597,13,1,1,1,1,509,1,507,509,0,0
17.598,14,1,1,1,1,511,1,513,508,0,0
17.599,15,1,1,1,1,512,1,519,508,0,0
17.6,0,1,1,1,1,511,1,526,508,0,0
17.601,1,1,1,1,1,511,1,526,506,0,0
17.602,2,1,1,1,1,513,2,516,506,0,0
17.603,3,1,1,1,1,513,1,514,508,0,0
17.604,4,1,1,1,1,511,0,509,509,0,0
17.605,5,1,1,1,1,511,1,508,509,0,0
17.606,6,1,1,1,1,510,1,506,508,0,0
17.607,7,1,1,1,1,511,1,511,509,0,0
17.608,8,1,1,1,1,510,1,511,507,0,0
17.609,9,1,1,1,1,511,1,511,509,0,0
17.61,10,1,1,1,1,511,2,514,509,0,0
17.611,11,1,1,1,1,511,1,514,510,0,0
17.612,12,1,1,1,1,512,0,511,509,0,0
17.613,13,1,1,1,1,513,1,508,507,0,0
17.614,14,1,1,1,1,511,1,505,508,0,0
17.615,15,1,1,1,1,510,1,504,509,0,0
17.616,0,1,1,1,1,511,1,505,506,0,0
17.617,1,1,1,1,1,511,1,504,506,0,0
17.618,2,1,1,1,1,512,1,502,507,0,0
17.619,3,1,1,1,1,511,1,508,508,0,0
17.62,4,1,1,1,1,512,1,501,507,0,0
17.621,5,1,1,1,1,509,1,502,509,0,0
17.622,6,1,1,1,1,510,1,500,509,0,0
17.623,7,1,1,1,1,511,1,510,507,0,0
17.624,8,1,1,1,1,512,1,505,508,0,0
17.625,9,1,1,1,1,512,1,505,508,0,0
17.626,10,1,1,1,1,515,1,511,510,0,0
17.627,11,1,1,1,1,512,1,507,508,0,0
17.628,12,1,1,1,1,513,1,502,507,0,0
17.629,13,1,1,1,1,512,1,505,510,0,0
17.63,14,1,1,1,1,511,1,504,510,0,0
17.631,15,1,1,1,1,512,1,499,510,0,0
17.632,0,1,1,1,1,512,1,502,510,0,0
17.633,1,1,1,1,1,511,1,508,508,0,0
17.634,2,1,1,1,1,511,1,512,510,0,0
17.635,3,1,1,1,1,512,1,515,510,0,0
17.636,4,1,1,1,1,512,0,507,508,0,0
17.637,5,1,1,1,1,512,1,510,508,0,0
17.638,6,1,1,1,1,511,1,506,507,0,0
17.639,7,1,1,1,1,511,1,503,504,0,0
17.64,8,1,1,1,1,510,1,507,510,0,0
17.641,9,1,1,1,1,513,1,515,511,0,0
17.642,10,1,1,1,1,511,2,512,508,0,0
17.643,11,1,1,1,1,509,1,507,506,0,0
17.644,12,1,1,1,1,512,0,505,508,0,0
17.645,13,1,1,1,1,512,1,510,512,0,0
17.646,14,1,1,1,1,513,1,511,510,0,0
17.647,15,1,1,1,1,511,1,515,511,0,0
17.648,0,1,1,1,1,512,1,512,509,0,0
17.649,1,1,1,1,1,510,1,507,508,0,0
17.65,2,1,1,1,1,510,2,516,509,0,0
17.651,3,1,1,1,1,512,1,517,507,0,0
17.652,4,1,1,1,1,514,0,516,506,0,0
17.653,5,1,1,1,1,512,1,511,508,0,0
17.654,6,1,1,1,1,511,1,504,506,0,0
17.655,7,1,1,1,1,509,1,507,508,0,0
17.656,8,1,1,1,1,512,1,508,507,0,0
17.657,9,1,1,1,1,512,1,506,509,0,0
17.658,10,1,1,1,1,512,2,517,509,0,0
17.659,11,1,1,1,1,511,1,506,508,0,0
17.66,12,1,1,1,1,512,1,505,508,0,0
17.661,13,1,1,1,1,512,1,508,509,0,0
17.662,14,1,1,1,1,511,1,509,509,0,0
17.663,15,1,1,1,1,512,1,507,508,0,0
17.664,0,1,1,1,1,511,1,512,508,0,0
17.665,1,1,1,1,1,510,1,511,507,0,0
17.666,2,1,1,1,1,511,2,506,508,0,0
17.667,3,1,1,1,1,511,1,511,510,0,0
17.668,4,1,1,1,1,512,1,513,508,0,0
17.669,5,1,1,1,1,512,1,512,507,0,0
17.67,6,1,1,1,1,511,1,513,508,0,0
17.671,7,1,1,1,1,511,1,511,511,0,0
17.672,8,1,1,1,1,512,1,518,508,0,0
17.673,9,1,1,1,1,512,1,520,508,0,0
17.674,10,1,1,1,1,511,2,516,509,0,0
17.675,11,1,1,1,1,512,1,513,509,0,0
17.676,12,1,1,1,1,513,1,508,507,0,0
17.677,13,1,1,1,1,511,1,511,508,0,0
17.678,14,1,1,1,1,511,1,507,508,0,0
17.679,15,1,1,1,1,511,0,505,510,0,0
17.68,0,1,1,1,1,513,1,508,509,0,0
17.681,1,1,1,1,1,511,1,513,509,0,0
17.682,2,1,1,1,1,512,2,519,507,0,0
17.683,3,1,1,1,1,511,1,519,509,0,0
17.684,4,1,1,1,1,512,1,515,508,0,0
17.685,5,1,1,1,1,511,1,513,505,0,0
17.686,6,1,1,1,1,509,1,499,506,0,0
17.687,7,1,1,1,1,511,0,499,507,0,0
17.688,8,1,1,1,1,511,1,504,509,0,0
17.689,9,1,1,1,1,513,1,514,507,0,0
17.69,10,1,1,1,1,511,2,512,509,0,0
17.691,11,1,1,1,1,513,1,509,512,0,0
17.692,12,1,1,1,1,512,1,512,511,0,0
17.693,13,1,1,1,1,510,1,519,507,0,0
17.694,14,1,1,1,1,510,1,521,508,0,0
17.695,15,1,1,1,1,511,0,513,511,0,0
17.696,0,1,1,1,1,511,1,506,510,0,0
17.697,1,1,1,1,1,512,1,508,510,0,0
17.698,2,1,1,1,1,510,2,507,505,0,0
17.699,3,1,1,1,1,512,1,505,508,0,0
17.7,4,1,1,1,1,510,1,506,507,0,0
17.701,5,1,1,1,1,512,1,510,510,0,0
17.702,6,1,1,1,1,513,1,511,509,0,0
17.703,7,1,1,1,1,512,1,512,509,0,0
17.704,8,1,1,1,1,512,1,513,509,0,0
17.705,9,1,1,1,1,512,1,518,507,0,0
17.706,10,1,1,1,1,509,2,515,508,0,0
17.707,11,1,1,1,1,514,1,514,507,0,0
17.708,12,1,1,1,1,510,1,508,508,0,0
17.709,13,1,1,1,1,511,1,510,510,0,0
17.71,14,1,1,1,1,511,1,508,508,0,0
17.711,15,1,1,1,1,512,1,514,509,0,0
17.712,0,1,1,1,1,512,1,518,510,0,0
17.713,1,1,1,1,1,511,1,515,510,0,0
17.714,2,1,1,1,1,512,2,510,508,0,0
17.715,3,1,1,1,1,511,1,515,505,0,0
17.716,4,1,1,1,1,509,1,514,505,0,0
17.717,5,1,1,1,1,511,1,516,509,0,0
17.718,6,1,1,1,1,512,1,517,509,0,0
17.719,7,1,1,1,1,512,1,518,511,0,0
17.72,8,1,1,1,1,512,1,510,510,0,0
17.721,9,1,1,1,1,512,1,499,510,0,0
17.722,10,1,1,1,1,509,2,496,508,0,0
17.723,11,1,1,1,1,511,1,502,509,0,0
17.724,12,1,1,1,1,511,1,500,508,0,0
17.725,13,1,1,1,1,511,1,500,507,0,0
17.726,14,1,1,1,1,512,1,496,509,0,0
17.727,15,1,1,1,1,512,1,497,508,0,0
17.728,0,1,1,1,1,512,1,499,510,0,0
17.729,1,1,1,1,1,511,1,498,509,0,0
17.73,2,1,1,1,1,510,1,504,507,0,0
17.731,3,1,1,1,1,511,1,504,507,0,0
17.732,4,1,1,1,1,511,1,514,506,0,0
17.733,5,1,1,1,1,510,1,515,508,0,0
17.734,6,1,1,1,1,512,1,512,507,0,0
17.735,7,1,1,1,1,514,1,507,508,0,0
17.736,8,1,1,1,1,513,1,510,509,0,0
17.737,9,1,1,1,1,512,1,506,509,0,0
17.738,10,1,1,1,1,512,1,515,507,0,0
17.739,11,1,1,1,1,511,1,515,508,0,0
17.74,12,1,1,1,1,511,1,517,511,0,0
17.741,13,1,1,1,1,511,1,517,508,0,0
17.742,14,1,1,1,1,512,1,519,512,0,0
17.743,15,1,1,1,1,513,1,511,512,0,0
17.744,0,1,1,1,1,511,1,509,508,0,0
17.745,1,1,1,1,1,513,1,508,508,0,0
17.746,2,1,1,1,1,511,2,510,509,0,0
17.747,3,1,1,1,1,509,1,510,509,0,0
17.748,4,1,1,1,1,511,1,516,508,0,0
17.749,5,1,1,1,1,510,1,516,504,0,0
17.75,6,1,1,1,1,512,1,509,508,0,0
17.751,7,1,1,1,1,512,1,512,508,0,0
17.752,8,1,1,1,1,513,1,515,510,0,0
17.753,9,1,1,1,1,511,1,513,510,0,0
17.754,10,1,1,1,1,510,2,510,509,0,0
17.755,11,1,1,1,1,511,1,519,508,0,0
17.756,12,1,1,1,1,510,1,514,510,0,0
17.757,13,1,1,1,1,514,1,507,508,0,0
17.758,14,1,1,1,1,511,1,507,508,0,0
17.759,15,1,1,1,1,511,1,510,506,0,0
17.76,0,1,1,1,1,512,1,522,509,0,0
17.761,1,1,1,1,1,511,1,523,509,0,0
17.762,2,1,1,1,1,513,2,518,508,0,0
17.763,3,1,1,1,1,512,1,512,508,0,0
17.764,4,1,1,1,1,511,1,510,507,0,0
17.765,5,1,1,1,1,509,1,506,508,0,0
17.766,6,1,1,1,1,512,1,508,506,0,0
17.767,7,1,1,1,1,511,0,506,507,0,0
17.768,8,1,1,1,1,510,1,503,508,0,0
17.769,9,1,1,1,1,512,1,514,508,0,0
17.77,10,1,1,1,1,511,2,506,509,0,0
17.771,11,1,1,1,1,510,1,509,509,0,0
17.772,12,1,1,1,1,511,1,508,509,0,0
17.773,13,1,1,1,1,511,1,515,507,0,0
17.774,14,1,1,1,1,511,1,512,509,0,0
17.775,15,1,1,1,1,511,0,511,509,0,0
17.776,0,1,1,1,1,511,1,501,509,0,0
17.777,1,1,1,1,1,511,1,505,509,0,0
17.778,2,1,1,1,1,512,2,504,509,0,0
17.779,3,1,1,1,1,514,1,503,510,0,0
17.78,4,1,1,1,1,513,1,509,508,0,0
17.781,5,1,1,1,1,511,1,519,510,0,0
17.782,6,1,1,1,1,512,1,520,507,0,0
17.783,7,1,1,1,1,512,0,513,511,0,0
17.784,8,1,1,1,1,512,1,515,513,0,0
17.785,9,1,1,1,1,510,1,514,510,0,0
17.786,10,1,1,1,1,511,2,509,510,0,0
17.787,11,1,1,1,1,512,1,512,507,0,0
17.788,12,1,1,1,1,510,1,511,507,0,0
17.789,13,1,1,1,1,512,1,508,507,0,0
17.79,14,1,1,1,1,510,1,506,508,0,0
17.791,15,1,1,1,1,512,1,512,506,0,0
17.792,0,1,1,1,1,510,1,520,508,0,0
17.793,1,1,1,1,1,511,1,517,507,0,0
17.794,2,1,1,1,1,512,2,508,508,0,0
17.795,3,1,1,1,1,510,1,509,508,0,0
17.796,4,1,1,1,1,512,1,518,510,0,0
17.797,5,1,1,1,1,513,1,510,512,0,0
17.798,6,1,1,1,1,511,1,508,509,0,0
17.799,7,1,1,1,1,511,1,518,508,0,0
17.8,8,1,1,1,1,511,1,522,508,0,0
17.801,9,1,1,1,1,510,1,516,508,0,0
17.802,10,1,1,1,1,512,2,512,509,0,0
17.803,11,1,1,1,1,511,1,514,507,0,0
17.804,12,1,1,1,1,511,1,507,506,0,0
17.805,13,1,1,1,1,511,1,510,509,0,0
17.806,14,1,1,1,1,512,1,508,507,0,0
17.807,15,1,1,1,1,511,1,515,508,0,0
17.808,0,1,1,1,1,511,1,510,507,0,0
17.809,1,1,1,1,1,511,1,505,509,0,0
17.81,2,1,1,1,1,513,2,515,509,0,0
17.811,3,1,1,1,1,511,1,511,510,0,0
17.812,4,1,1,1,1,513,0,513,510,0,0
17.813,5,1,1,1,1,511,1,512,508,0,0
17.814,6,1,1,1,1,514,1,510,509,0,0
17.815,7,1,1,1,1,510,1,512,509,0,0
17.816,8,1,1,1,1,510,1,511,509,0,0
17.817,9,1,1,1,1,512,1,518,507,0,0
17.818,10,1,1,1,1,512,2,519,505,0,0
17.819,11,1,1,1,1,512,1,509,506,0,0
17.82,12,1,1,1,1,509,0,512,508,0,0
17.821,13,1,1,1,1,511,1,514,510,0,0
17.822,14,1,1,1,1,511,1,513,510,0,0
17.823,15,1,1,1,1,510,1,507,510,0,0
17.824,0,1,1,1,1,512,1,504,509,0,0
17.825,1,1,1,1,1,512,1,507,508,0,0
17.826,2,1,1,1,1,512,2,510,511,0,0
17.827,3,1,1,1,1,512,1,511,508,0,0
17.828,4,1,1,1,1,511,0,516,507,0,0
17.829,5,1,1,1,1,512,1,517,509,0,0
17.83,6,1,1,1,1,511,1,519,506,0,0
17.831,7,1,1,1,1,511,1,518,508,0,0
17.832,8,1,1,1,1,511,1,513,508,0,0
17.833,9,1,1,1,1,511,1,514,510,0,0
17.834,10,1,1,1,1,513,1,509,509,0,0
17.835,11,1,1,1,1,513,1,513,509,0,0
17.836,12,1,1,1,1,511,1,523,509,0,0
17.837,13,1,1,1,1,510,1,519,509,0,0
17.838,14,1,1,1,1,511,1,523,510,0,0
17.839,15,1,1,1,1,512,1,526,508,0,0
17.84,0,1,1,1,1,512,1,524,508,0,0
17.841,1,1,1,1,1,512,1,529,509,0,0
17.842,2,1,1,1,1,513,1,530,511,0,0
17.843,3,1,1,1,1,509,1,534,509,0,0
17.844,4,1,1,1,1,510,1,536,508,0,0
17.845,5,1,1,1,1,510,1,553,506,0,0
17.846,6,1,1,1,1,511,1,576,507,0,0
17.847,7,1,1,1,1,512,1,600,505,0,0
17.848,8,1,1,1,1,510,1,617,505,0,0
17.849,9,1,1,1,1,511,1,620,508,0,0
17.85,10,1,1,1,1,511,1,625,508,0,0
17.851,11,1,1,1,1,512,1,628,510,0,0
17.852,12,1,1,1,1,511,1,626,508,0,0
17.853,13,1,1,1,1,509,1,611,509,0,0
17.854,14,1,1,1,1,511,1,604,510,0,0
17.855,15,1,1,1,1,511,1,578,508,0,0
17.856,0,1,1,1,1,513,1,572,511,0,0
17.857,1,1,1,1,1,512,1,554,510,0,0
17.858,2,1,1,1,1,512,2,535,508,0,0
17.859,3,1,1,1,1,511,1,521,510,0,0
17.86,4,1,1,1,1,512,0,505,510,0,0
17.861,5,1,1,1,1,512,1,508,508,0,0
17.862,6,1,1,1,1,512,1,496,508,0,0
17.863,7,1,1,1,1,510,1,481,508,0,0
17.864,8,1,1,1,1,511,1,475,508,0,0
17.865,9,1,1,1,1,511,1,475,507,0,0
17.866,10,1,1,1,1,512,2,475,508,0,0
17.867,11,1,1,1,1,512,1,478,508,0,0
17.868,12,1,1,1,1,513,0,479,508,0,0
17.869,13,1,1,1,1,513,1,487,509,0,0
17.87,14,1,1,1,1,508,1,491,507,0,0
17.871,15,1,1,1,1,509,1,489,510,0,0
17.872,0,1,1,1,1,511,1,485,510,0,0
17.873,1,1,1,1,1,511,1,488,510,0,0
17.874,2,1,1,1,1,513,2,499,508,0,0
17.875,3,1,1,1,1,512,1,495,507,0,0
17.876,4,1,1,1,1,512,1,488,507,0,0
17.877,5,1,1,1,1,511,1,488,508,0,0
17.878,6,1,1,1,1,512,1,487,508,0,0
17.879,7,1,1,1,1,511,1,482,510,0,0
17.88,8,1,1,1,1,510,1,481,508,0,0
17.881,9,1,1,1,1,511,1,478,508,0,0
17.882,10,1,1,1,1,513,2,481,507,0,0
17.883,11,1,1,1,1,511,1,479,508,0,0
17.884,12,1,1,1,1,513,1,499,511,0,0
17.885,13,1,1,1,1,512,1,496,509,0,0
17.886,14,1,1,1,1,511,1,491,510,0,0
17.887,15,1,1,1,1,510,1,485,508,0,0
17.888,0,1,1,1,1,512,1,494,506,0,0
17.889,1,1,1,1,1,510,1,494,508,0,0
17.89,2,1,1,1,1,511,2,487,508,0,0
17.891,3,1,1,1,1,511,1,488,509,0,0
17.892,4,1,1,1,1,512,1,490,507,0,0
17.893,5,1,1,1,1,510,1,490,508,0,0
17.894,6,1,1,1,1,512,1,496,507,0,0
17.895,7,1,1,1,1,510,1,494,507,0,0
17.896,8,1,1,1,1,510,1,495,509,0,0
17.897,9,1,1,1,1,511,1,501,508,0,0
17.898,10,1,1,1,1,512,2,495,508,0,0
17.899,11,1,1,1,1,513,1,496,507,0,0
17.9,12,1,1,1,1,513,1,497,509,0,0
17.901,13,1,1,1,1,512,1,497,507,0,0
17.902,14,1,1,1,1,513,1,488,508,0,0
17.903,15,1,1,1,1,511,0,489,510,0,0
17.904,0,1,1,1,1,512,1,497,509,0,0
17.905,1,1,1,1,1,511,1,488,508,0,0
17.906,2,1,1,1,1,510,2,490,507,0,0
17.907,3,1,1,1,1,512,1,493,507,0,0
17.908,4,1,1,1,1,511,1,497,508,0,0
17.909,5,1,1,1,1,510,1,511,511,0,0
17.91,6,1,1,1,1,511,1,497,511,0,0
17.911,7,1,1,1,1,512,0,502,509,0,0
17.912,8,1,1,1,1,510,1,504,509,0,0
17.913,9,1,1,1,1,511,1,500,508,0,0
17.914,10,1,1,1,1,511,2,505,508,0,0
17.915,11,1,1,1,1,511,1,506,508,0,0
17.916,12,1,1,1,1,510,1,509,508,0,0
17.917,13,1,1,1,1,513,1,510,509,0,0
17.918,14,1,1,1,1,511,1,504,510,0,0
17.919,15,1,1,1,1,511,1,507,510,0,0
17.92,0,1,1,1,1,513,1,513,510,0,0
17.921,1,1,1,1,1,512,1,516,508,0,0
17.922,2,1,1,1,1,511,2,515,508,0,0
17.923,3,1,1,1,1,511,1,512,508,0,0
17.924,4,1,1,1,1,511,1,509,508,0,0
17.925,5,1,1,1,1,512,1,509,508,0,0
17.926,6,1,1,1,1,515,1,508,504,0,0
17.927,7,1,1,1,1,514,1,507,505,0,0
17.928,8,1,1,1,1,512,1,502,505,0,0
17.929,9,1,1,1,1,511,1,504,507,0,0
17.93,10,1,1,1,1,513,2,504,507,0,0
17.931,11,1,1,1,1,516,1,510,512,0,0
17.932,12,1,1,1,1,515,1,515,520,0,0
17.933,13,1,1,1,1,513,1,501,515,0,0
17.934,14,1,1,1,1,511,1,507,510,0,0
17.935,15,1,1,1,1,510,1,512,504,0,0
17.936,0,1,1,1,1,508,1,509,504,0,0
17.937,1,1,1,1,1,496,1,507,505,0,0
17.938,2,1,1,1,1,499,2,502,509,0,0
17.939,3,1,1,1,1,504,1,503,516,0,0
17.94,4,1,1,1,1,507,1,505,511,0,0
17.941,5,1,1,1,1,512,1,513,503,0,0
17.942,6,1,1,1,1,518,1,513,505,0,0
17.943,7,1,1,1,1,519,1,507,508,0,0
17.944,8,1,1,1,1,519,1,504,504,0,0
17.945,9,1,1,1,1,511,1,495,502,0,0
17.946,10,1,1,1,1,510,1,496,505,0,0
17.947,11,1,1,1,1,517,1,502,512,0,0
17.948,12,1,1,1,1,520,1,506,508,0,0
17.949,13,1,1,1,1,529,1,508,501,0,0
17.95,14,1,1,1,1,523,1,506,504,0,0
17.951,15,1,1,1,1,511,1,501,511,0,0
17.952,0,1,1,1,1,506,1,499,520,0,0
17.953,1,1,1,1,1,502,1,496,521,0,0
17.954,2,1,1,1,1,499,1,506,522,0,0
17.955,3,1,1,1,1,502,1,523,506,0,0
17.956,4,1,1,1,1,512,1,524,500,0,0
17.957,5,1,1,1,1,511,1,519,506,0,0
17.958,6,1,1,1,1,506,1,512,507,0,0
17.959,7,1,1,1,1,508,1,508,509,0,0
17.96,8,1,1,1,1,512,1,510,508,0,0
17.961,9,1,1,1,1,513,1,509,508,0,0
17.962,10,1,1,1,1,513,1,505,507,0,0
17.963,11,1,1,1,1,514,1,515,508,0,0
17.964,12,1,1,1,1,511,1,511,508,0,0
17.965,13,1,1,1,1,511,1,498,508,0,0
17.966,14,1,1,1,1,513,1,501,508,0,0
17.967,15,1,1,1,1,514,1,505,508,0,0
17.968,0,1,1,1,1,513,1,508,509,0,0
17.969,1,1,1,1,1,512,1,511,509,0,0
17.97,2,1,1,1,1,510,2,515,508,0,0
17.971,3,1,1,1,1,512,1,511,507,0,0
17.972,4,1,1,1,1,511,1,516,506,0,0
17.973,5,1,1,1,1,512,1,513,508,0,0
17.974,6,1,1,1,1,513,1,514,508,0,0
17.975,7,1,1,1,1,510,1,508,509,0,0
17.976,8,1,1,1,1,513,1,511,510,0,0
17.977,9,1,1,1,1,513,1,514,507,0,0
17.978,10,1,1,1,1,512,2,510,507,0,0
17.979,11,1,1,1,1,512,1,506,510,0,0
17.98,12,1,1,1,1,512,1,508,509,0,0
17.981,13,1,1,1,1,509,1,504,508,0,0
17.982,14,1,1,1,1,511,1,512,507,0,0
17.983,15,1,1,1,1,510,1,512,508,0,0
17.984,0,1,1,1,1,511,1,503,508,0,0
17.985,1,1,1,1,1,511,1,509,508,0,0
17.986,2,1,1,1,1,512,2,511,509,0,0
17.987,3,1,1,1,1,512,1,511,507,0,0
17.988,4,1,1,1,1,512,1,510,510,0,0
17.989,5,1,1,1,1,511,1,507,508,0,0
17.99,6,1,1,1,1,511,1,508,506,0,0
17.991,7,1,1,1,1,511,0,506,508,0,0
17.992,8,1,1,1,1,509,1,505,509,0,0
17.993,9,1,1,1,1,510,1,505,507,0,0
17.994,10,1,1,1,1,514,2,511,509,0,0
17.995,11,1,1,1,1,513,1,508,507,0,0
17.996,12,1,1,1,1,513,1,521,505,0,0
17.997,13,1,1,1,1,512,1,519,504,0,0
17.998,14,1,1,1,1,510,1,508,505,0,0
17.999,15,1,1,1,1,513,0,508,504,0,0
18.0,0,1,1,1,1,511,1,514,510,0,0
18.001,1,1,1,1,1,511,1,519,517,0,0
18.002,2,1,1,1,1,511,2,517,511,0,0
18.003,3,1,1,1,1,510,1,508,505,0,0
18.004,4,1,1,1,1,511,1,513,508,0,0
18.005,5,1,1,1,1,510,1,509,519,0,0
18.006,6,1,1,1,1,511,1,511,516,0,0
18.007,7,1,1,1,1,512,1,509,513,0,0
18.008,8,1,1,1,1,511,1,505,504,0,0
18.009,9,1,1,1,1,510,1,507,508,0,0
18.01,10,1,1,1,1,512,2,507,509,0,0
18.011,11,1,1,1,1,512,1,506,508,0,0
18.012,12,1,1,1,1,512,1,515,509,0,0
18.013,13,1,1,1,1,512,1,510,510,0,0
18.014,14,1,1,1,1,512,1,510,506,0,0
18.015,15,1,1,1,1,511,1,511,507,0,0
18.016,0,1,1,1,1,513,1,507,507,0,0
18.017,1,1,1,1,1,511,1,513,505,0,0
18.018,2,1,1,1,1,511,2,514,508,0,0
18.019,3,1,1,1,1,512,1,514,508,0,0
18.02,4,1,1,1,1,511,1,515,508,0,0
18.021,5,1,1,1,1,510,1,516,507,0,0
18.022,6,1,1,1,1,512,1,512,508,0,0
18.023,7,1,1,1,1,513,1,516,509,0,0
18.024,8,1,1,1,1,512,1,514,508,0,0
18.025,9,1,1,1,1,511,1,511,508,0,0
18.026,10,1,1,1,1,510,2,514,507,0,0
18.027,11,1,1,1,1,511,1,514,511,0,0
18.028,12,1,1,1,1,512,1,513,508,0,0
18.029,13,1,1,1,1,511,1,508,509,0,0
18.03,14,1,1,1,1,512,1,510,508,0,0
18.031,15,1,1,1,1,510,1,515,507,0,0
18.032,0,1,1,1,1,511,1,507,508,0,0
18.033,1,1,1,1,1,510,1,513,509,0,0
18.034,2,1,1,1,1,513,2,508,508,0,0
18.035,3,1,1,1,1,511,1,507,510,0,0
18.036,4,1,1,1,1,511,0,510,507,0,0
18.037,5,1,1,1,1,510,1,513,508,0,0
18.038,6,1,1,1,1,512,1,518,507,0,0
18.039,7,1,1,1,1,512,1,513,509,0,0
18.04,8,1,1,1,1,512,1,503,507,0,0
18.041,9,1,1,1,1,513,1,504,508,0,0
18.042,10,1,1,1,1,511,2,500,510,0,0
18.043,11,1,1,1,1,512,1,513,510,0,0
18.044,12,1,1,1,1,512,0,505,508,0,0
18.045,13,1,1,1,1,511,1,502,508,0,0
18.046,14,1,1,1,1,512,1,504,509,0,0
18.047,15,1,1,1,1,509,1,508,505,0,0
18.048,0,1,1,1,1,509,1,511,508,0,0
18.049,1,1,1,1,1,512,1,515,512,0,0
18.05,2,1,1,1,1,512,1,520,508,0,0
18.051,3,1,1,1,1,512,1,521,508,0,0
18.052,4,1,1,1,1,511,1,511,508,0,0
18.053,5,1,1,1,1,509,1,510,507,0,0
18.054,6,1,1,1,1,512,1,504,510,0,0
18.055,7,1,1,1,1,511,1,512,508,0,0
18.056,8,1,1,1,1,511,1,513,508,0,0
18.057,9,1,1,1,1,514,1,518,508,0,0
18.058,10,1,1,1,1,512,1,514,508,0,0
18.059,11,1,1,1,1,513,1,515,510,0,0
18.06,12,1,1,1,1,512,1,512,509,0,0
18.061,13,1,1,1,1,510,1,505,508,0,0
18.062,14,1,1,1,1,511,1,507,507,0,0
18.063,15,1,1,1,1,512,1,514,512,0,0
18.064,0,1,1,1,1,513,1,504,511,0,0
18.065,1,1,1,1,1,512,1,505,510,0,0
18.066,2,1,1,1,1,512,1,515,506,0,0
18.067,3,1,1,1,1,511,1,526,506,0,0
18.068,4,1,1,1,1,513,1,534,505,0,0
18.069,5,1,1,1,1,513,1,542,506,0,0
18.07,6,1,1,1,1,514,1,545,507,0,0
18.071,7,1,1,1,1,512,1,550,507,0,0
18.072,8,1,1,1,1,510,1,552,508,0,0
18.073,9,1,1,1,1,512,1,557,511,0,0
18.074,10,1,1,1,1,511,2,550,511,0,0
18.075,11,1,1,1,1,510,1,555,512,0,0
18.076,12,1,1,1,1,510,0,558,508,0,0
18.077,13,1,1,1,1,506,1,547,507,0,0
18.078,14,1,1,1,1,507,1,531,508,0,0
18.079,15,1,1,1,1,503,1,527,509,0,0
18.08,0,1,1,1,1,507,1,523,511,0,0
18.081,1,1,1,1,1,513,1,524,499,0,0
18.082,2,1,1,1,1,517,2,517,495,0,0
18.083,3,1,1,1,1,522,1,508,503,0,0
18.084,4,1,1,1,1,518,0,504,510,0,0
18.085,5,1,1,1,1,512,1,494,505,0,0
18.086,6,1,1,1,1,506,1,486,506,0,0
18.087,7,1,1,1,1,514,1,489,515,0,0
18.088,8,1,1,1,1,511,1,487,529,0,0
18.089,9,1,1,1,1,509,1,486,525,0,0
18.09,10,1,1,1,1,510,2,485,508,0,0
18.091,11,1,1,1,1,503,1,486,502,0,0
18.092,12,1,1,1,1,508,0,498,505,0,0
18.093,13,1,1,1,1,514,1,498,508,0,0
18.094,14,1,1,1,1,512,1,497,506,0,0
18.095,15,1,1,1,1,513,1,495,507,0,0
18.096,0,1,1,1,1,513,1,496,508,0,0
18.097,1,1,1,1,1,511,1,502,508,0,0
18.098,2,1,1,1,1,513,2,506,505,0,0
18.099,3,1,1,1,1,511,1,502,505,0,0
18.1,4,1,1,1,1,512,1,509,507,0,0
18.101,5,1,1,1,1,513,1,518,507,0,0
18.102,6,1,1,1,1,513,1,515,509,0,0
18.103,7,1,1,1,1,511,1,516,509,0,0
18.104,8,1,1,1,1,512,1,513,511,0,0
18.105,9,1,1,1,1,515,1,511,510,0,0
18.106,10,1,1,1,1,513,2,505,508,0,0
18.107,11,1,1,1,1,509,1,502,506,0,0
18.108,12,1,1,1,1,511,1,500,507,0,0
18.109,13,1,1,1,1,512,1,489,507,0,0
18.11,14,1,1,1,1,511,1,497,508,0,0
18.111,15,1,1,1,1,511,1,489,509,0,0
18.112,0,1,1,1,1,511,1,497,511,0,0
18.113,1,1,1,1,1,511,1,496,510,0,0
18.114,2,1,1,1,1,511,2,494,510,0,0
18.115,3,1,1,1,1,512,1,503,511,0,0
18.116,4,1,1,1,1,511,1,504,508,0,0
18.117,5,1,1,1,1,511,1,497,507,0,0
18.118,6,1,1,1,1,512,1,490,507,0,0
18.119,7,1,1,1,1,512,0,495,507,0,0
18.12,8,1,1,1,1,512,1,500,511,0,0
18.121,9,1,1,1,1,510,1,499,506,0,0
18.122,10,1,1,1,1,511,2,489,508,0,0
18.123,11,1,1,1,1,510,1,491,508,0,0
18.124,12,1,1,1,1,510,1,497,508,0,0
18.125,13,1,1,1,1,511,1,502,510,0,0
18.126,14,1,1,1,1,510,1,510,509,0,0
18.127,15,1,1,1,1,513,0,504,509,0,0
18.128,0,1,1,1,1,512,1,503,510,0,0
18.129,1,1,1,1,1,513,1,502,508,0,0
18.13,2,1,1,1,1,511,2,507,510,0,0
18.131,3,1,1,1,1,512,1,507,508,0,0
18.132,4,1,1,1,1,512,1,499,508,0,0
18.133,5,1,1,1,1,511,1,502,507,0,0
18.134,6,1,1,1,1,512,1,509,508,0,0
18.135,7,1,1,1,1,512,0,512,508,0,0
18.136,8,1,1,1,1,512,1,508,508,0,0
18.137,9,1,1,1,1,514,1,503,509,0,0
18.138,10,1,1,1,1,511,2,499,506,0,0
18.139,11,1,1,1,1,512,1,505,508,0,0
18.14,12,1,1,1,1,511,1,504,508,0,0
18.141,13,1,1,1,1,512,1,497,509,0,0
18.142,14,1,1,1,1,511,1,502,510,0,0
18.143,15,1,1,1,1,512,1,509,509,0,0
18.144,0,1,1,1,1,510,1,505,510,0,0
18.145,1,1,1,1,1,512,1,512,509,0,0
18.146,2,1,1,1,1,512,2,517,509,0,0
18.147,3,1,1,1,1,511,1,510,509,0,0
18.148,4,1,1,1,1,511,1,506,507,0,0
18.149,5,1,1,1,1,510,1,508,509,0,0
18.15,6,1,1,1,1,512,1,502,509,0,0
18.151,7,1,1,1,1,514,1,501,509,0,0
18.152,8,1,1,1,1,512,1,503,507,0,0
18.153,9,1,1,1,1,512,1,507,505,0,0
18.154,10,1,1,1,1,511,2,507,508,0,0
18.155,11,1,1,1,1,511,1,511,509,0,0
18.156,12,1,1,1,1,512,1,506,510,0,0
18.157,13,1,1,1,1,511,1,507,510,0,0
18.158,14,1,1,1,1,511,1,505,511,0,0
18.159,15,1,1,1,1,511,1,503,509,0,0
18.16,0,1,1,1,1,511,1,502,507,0,0
18.161,1,1,1,1,1,512,1,505,509,0,0
18.162,2,1,1,1,1,511,1,508,507,0,0
18.163,3,1,1,1,1,510,1,509,506,0,0
18.164,4,1,1,1,1,512,1,510,508,0,0
18.165,5,1,1,1,1,512,1,512,508,0,0
18.166,6,1,1,1,1,511,1,508,506,0,0
18.167,7,1,1,1,1,512,1,507,509,0,0
18.168,8,1,1,1,1,511,1,512,507,0,0
18.169,9,1,1,1,1,512,1,515,505,0,0
18.17,10,1,1,1,1,512,1,504,508,0,0
18.171,11,1,1,1,1,509,1,501,509,0,0
18.172,12,1,1,1,1,512,1,494,510,0,0
18.173,13,1,1,1,1,511,1,499,511,0,0
18.174,14,1,1,1,1,512,1,498,511,0,0
18.175,15,1,1,1,1,511,1,495,509,0,0
18.176,0,1,1,1,1,511,1,496,508,0,0
18.177,1,1,1,1,1,512,1,500,509,0,0
18.178,2,1,1,1,1,511,1,499,508,0,0
18.179,3,1,1,1,1,511,1,500,508,0,0
18.18,4,1,1,1,1,512,1,502,508,0,0
18.181,5,1,1,1,1,511,1,513,509,0,0
18.182,6,1,1,1,1,512,1,512,508,0,0
18.183,7,1,1,1,1,511,1,516,510,0,0
18.184,8,1,1,1,1,511,1,514,507,0,0
18.185,9,1,1,1,1,510,1,512,509,0,0
18.186,10,1,1,1,1,511,2,515,509,0,0
18.187,11,1,1,1,1,512,1,516,505,0,0
18.188,12,1,1,1,1,510,1,515,509,0,0
18.189,13,1,1,1,1,510,1,513,508,0,0
18.19,14,1,1,1,1,512,1,519,509,0,0
18.191,15,1,1,1,1,512,1,513,508,0,0
18.192,0,1,1,1,1,512,1,515,509,0,0
18.193,1,1,1,1,1,511,1,519,511,0,0
18.194,2,1,1,1,1,513,2,518,510,0,0
18.195,3,1,1,1,1,513,1,512,509,0,0
18.196,4,1,1,1,1,511,1,516,508,0,0
18.197,5,1,1,1,1,513,1,512,507,0,0
18.198,6,1,1,1,1,512,1,504,506,0,0
18.199,7,1,1,1,1,514,1,506,508,0,0
18.2,8,1,1,1,1,513,1,506,509,0,0
18.201,9,1,1,1,1,510,1,506,507,0,0
18.202,10,1,1,1,1,510,2,507,509,0,0
18.203,11,1,1,1,1,511,1,512,506,0,0
18.204,12,1,1,1,1,510,1,511,505,0,0
18.205,13,1,1,1,1,513,1,514,506,0,0
18.206,14,1,1,1,1,512,1,512,507,0,0
18.207,15,1,1,1,1,512,0,514,511,0,0
18.208,0,1,1,1,1,510,1,510,512,0,0
18.209,1,1,1,1,1,513,1,505,507,0,0
18.21,2,1,1,1,1,514,2,511,505,0,0
18.211,3,1,1,1,1,517,1,512,499,0,0
18.212,4,1,1,1,1,515,1,512,501,0,0
18.213,5,1,1,1,1,512,1,510,507,0,0
18.214,6,1,1,1,1,513,1,504,508,0,0
18.215,7,1,1,1,1,509,0,505,511,0,0
18.216,8,1,1,1,1,509,1,505,518,0,0
18.217,9,1,1,1,1,508,1,506,519,0,0
18.218,10,1,1,1,1,506,2,502,515,0,0
18.219,11,1,1,1,1,501,1,508,515,0,0
18.22,12,1,1,1,1,502,1,514,504,0,0
18.221,13,1,1,1,1,510,1,515,504,0,0
18.222,14,1,1,1,1,514,1,514,504,0,0
18.223,15,1,1,1,1,512,0,503,506,0,0
18.224,0,1,1,1,1,513,1,504,509,0,0
18.225,1,1,1,1,1,515,1,499,512,0,0
18.226,2,1,1,1,1,512,2,507,511,0,0
18.227,3,1,1,1,1,515,1,516,508,0,0
18.228,4,1,1,1,1,512,1,506,509,0,0
18.229,5,1,1,1,1,512,1,512,509,0,0
18.23,6,1,1,1,1,511,1,506,510,0,0
18.231,7,1,1,1,1,512,1,500,506,0,0
18.232,8,1,1,1,1,511,1,505,507,0,0
18.233,9,1,1,1,1,512,1,510,508,0,0
18.234,10,1,1,1,1,512,2,514,508,0,0
18.235,11,1,1,1,1,511,1,510,507,0,0
18.236,12,1,1,1,1,512,1,518,507,0,0
18.237,13,1,1,1,1,511,1,508,510,0,0
18.238,14,1,1,1,1,512,1,506,509,0,0
18.239,15,1,1,1,1,511,1,506,508,0,0
18.24,0,1,1,1,1,512,1,505,509,0,0
18.241,1,1,1,1,1,512,1,501,508,0,0
18.242,2,1,1,1,1,513,2,503,506,0,0
18.243,3,1,1,1,1,512,1,506,508,0,0
18.244,4,1,1,1,1,509,1,508,507,0,0
18.245,5,1,1,1,1,512,1,504,507,0,0
18.246,6,1,1,1,1,512,1,508,508,0,0
18.247,7,1,1,1,1,511,1,510,507,0,0
18.248,8,1,1,1,1,512,1,513,508,0,0
18.249,9,1,1,1,1,511,1,516,507,0,0
18.25,10,1,1,1,1,511,2,513,508,0,0
18.251,11,1,1,1,1,512,1,511,508,0,0
18.252,12,1,1,1,1,511,0,514,508,0,0
18.253,13,1,1,1,1,511,1,517,510,0,0
18.254,14,1,1,1,1,511,1,523,508,0,0
18.255,15,1,1,1,1,508,1,525,509,0,0
18.256,0,1,1,1,1,512,1,516,509,0,0
18.257,1,1,1,1,1,512,1,514,508,0,0
18.258,2,1,1,1,1,514,2,516,509,0,0
18.259,3,1,1,1,1,512,1,513,508,0,0
18.26,4,1,1,1,1,510,0,512,508,0,0
18.261,5,1,1,1,1,509,1,509,508,0,0
18.262,6,1,1,1,1,511,1,508,509,0,0
18.263,7,1,1,1,1,512,1,503,509,0,0
18.264,8,1,1,1,1,512,1,499,510,0,0
18.265,9,1,1,1,1,512,1,506,511,0,0
18.266,10,1,1,1,1,512,2,510,508,0,0
18.267,11,1,1,1,1,510,1,504,508,0,0
18.268,12,1,1,1,1,511,0,510,510,0,0
18.269,13,1,1,1,1,511,1,509,509,0,0
18.27,14,1,1,1,1,512,1,516,509,0,0
18.271,15,1,1,1,1,512,1,511,508,0,0
18.272,0,1,1,1,1,511,1,509,507,0,0
18.273,1,1,1,1,1,512,1,501,506,0,0
18.274,2,1,1,1,1,509,1,507,507,0,0
18.275,3,1,1,1,1,510,1,505,509,0,0
18.276,4,1,1,1,1,512,1,511,507,0,0
18.277,5,1,1,1,1,512,1,514,510,0,0
18.278,6,1,1,1,1,513,1,498,508,0,0
18.279,7,1,1,1,1,512,1,505,509,0,0
18.28,8,1,1,1,1,512,1,507,509,0,0
18.281,9,1,1,1,1,509,1,518,509,0,0
18.282,10,1,1,1,1,511,1,516,508,0,0
18.283,11,1,1,1,1,510,1,514,508,0,0
18.284,12,1,1,1,1,512,1,512,510,0,0
18.285,13,1,1,1,1,512,1,508,511,0,0
18.286,14,1,1,1,1,510,1,510,508,0,0
18.287,15,1,1,1,1,512,1,503,507,0,0
18.288,0,1,1,1,1,512,1,509,506,0,0
18.289,1,1,1,1,1,513,1,502,507,0,0
18.29,2,1,1,1,1,509,1,513,508,0,0
18.291,3,1,1,1,1,508,1,507,505,0,0
18.292,4,1,1,1,1,505,0,510,503,0,0
18.293,5,1,1,1,1,507,1,517,505,0,0
18.294,6,1,1,1,1,512,1,520,501,0,0
18.295,7,1,1,1,1,518,1,520,502,0,0
18.296,8,1,1,1,1,520,1,518,508,0,0
18.297,9,1,1,1,1,518,1,506,517,0,0
18.298,10,1,1,1,1,524,2,507,516,0,0
18.299,11,1,1,1,1,521,1,505,516,0,0
18.3,12,1,1,1,1,510,0,504,514,0,0
18.301,13,1,1,1,1,509,1,502,512,0,0
18.302,14,1,1,1,1,512,1,504,519,0,0
18.303,15,1,1,1,1,511,1,503,512,0,0
18.304,0,1,1,1,1,497,1,511,508,0,0
18.305,1,1,1,1,1,499,1,504,508,0,0
18.306,2,1,1,1,1,509,2,506,505,0,0
18.307,3,1,1,1,1,511,1,510,508,0,0
18.308,4,1,1,1,1,506,0,511,511,0,0
18.309,5,1,1,1,1,514,1,523,514,0,0
18.31,6,1,1,1,1,516,1,533,504,0,0
18.311,7,1,1,1,1,502,1,517,499,0,0
18.312,8,1,1,1,1,507,1,514,499,0,0
18.313,9,1,1,1,1,513,1,509,504,0,0
18.314,10,1,1,1,1,513,2,507,508,0,0
18.315,11,1,1,1,1,511,1,504,509,0,0
18.316,12,1,1,1,1,512,1,508,510,0,0
18.317,13,1,1,1,1,511,1,509,516,0,0
18.318,14,1,1,1,1,512,1,505,508,0,0
18.319,15,1,1,1,1,511,1,503,504,0,0
18.32,0,1,1,1,1,508,1,505,502,0,0
18.321,1,1,1,1,1,511,1,519,504,0,0
18.322,2,1,1,1,1,517,2,524,513,0,0
18.323,3,1,1,1,1,523,1,519,515,0,0
18.324,4,1,1,1,1,517,1,511,508,0,0
18.325,5,1,1,1,1,510,1,496,504,0,0
18.326,6,1,1,1,1,507,1,500,505,0,0
18.327,7,1,1,1,1,507,1,508,510,0,0
18.328,8,1,1,1,1,511,1,503,510,0,0
18.329,9,1,1,1,1,513,1,508,508,0,0
18.33,10,1,1,1,1,514,2,519,509,0,0
18.331,11,1,1,1,1,515,1,520,510,0,0
18.332,12,1,1,1,1,514,1,519,511,0,0
18.333,13,1,1,1,1,511,1,517,510,0,0
18.334,14,1,1,1,1,512,1,519,508,0,0
18.335,15,1,1,1,1,512,0,515,508,0,0
18.336,0,1,1,1,1,507,1,514,510,0,0
18.337,1,1,1,1,1,508,1,510,509,0,0
18.338,2,1,1,1,1,510,2,513,506,0,0
18.339,3,1,1,1,1,512,1,504,506,0,0
18.34,4,1,1,1,1,512,1,511,509,0,0
18.341,5,1,1,1,1,512,1,516,507,0,0
18.342,6,1,1,1,1,511,1,515,507,0,0
18.343,7,1,1,1,1,514,0,516,508,0,0
18.344,8,1,1,1,1,513,1,510,510,0,0
18.345,9,1,1,1,1,510,1,504,509,0,0
18.346,10,1,1,1,1,512,2,507,510,0,0
18.347,11,1,1,1,1,511,1,510,509,0,0
18.348,12,1,1,1,1,512,1,511,510,0,0
18.349,13,1,1,1,1,513,1,512,509,0,0
18.35,14,1,1,1,1,511,1,513,507,0,0
18.351,15,1,1,1,1,512,0,514,509,0,0
18.352,0,1,1,1,1,512,1,515,507,0,0
18.353,1,1,1,1,1,511,1,512,508,0,0
18.354,2,1,1,1,1,512,2,512,506,0,0
18.355,3,1,1,1,1,511,1,504,510,0,0
18.356,4,1,1,1,1,511,1,497,508,0,0
18.357,5,1,1,1,1,511,1,498,508,0,0
18.358,6,1,1,1,1,511,1,500,510,0,0
18.359,7,1,1,1,1,512,1,506,510,0,0
18.36,8,1,1,1,1,511,1,508,509,0,0
18.361,9,1,1,1,1,512,1,512,510,0,0
18.362,10,1,1,1,1,511,2,509,508,0,0
18.363,11,1,1,1,1,512,1,507,508,0,0
18.364,12,1,1,1,1,511,1,510,511,0,0
18.365,13,1,1,1,1,512,1,512,508,0,0
18.366,14,1,1,1,1,512,1,510,510,0,0
18.367,15,1,1,1,1,514,1,511,508,0,0
18.368,0,1,1,1,1,511,1,513,508,0,0
18.369,1,1,1,1,1,513,1,509,506,0,0
18.37,2,1,1,1,1,511,2,507,507,0,0
18.371,3,1,1,1,1,513,1,515,507,0,0
18.372,4,1,1,1,1,511,1,506,508,0,0
18.373,5,1,1,1,1,511,1,509,508,0,0
18.374,6,1,1,1,1,510,1,508,509,0,0
18.375,7,1,1,1,1,509,1,517,510,0,0
18.376,8,1,1,1,1,511,1,509,510,0,0
18.377,9,1,1,1,1,511,1,510,505,0,0
18.378,10,1,1,1,1,512,1,509,501,0,0
18.379,11,1,1,1,1,510,1,511,499,0,0
18.38,12,1,1,1,1,514,1,508,501,0,0
18.381,13,1,1,1,1,512,1,512,506,0,0
18.382,14,1,1,1,1,510,1,514,506,0,0
18.383,15,1,1,1,1,510,1,505,513,0,0
18.384,0,1,1,1,1,511,1,507,530,0,0
18.385,1,1,1,1,1,510,1,506,522,0,0
18.386,2,1,1,1,1,509,1,511,514,0,0
18.387,3,1,1,1,1,512,1,504,507,0,0
18.388,4,1,1,1,1,510,1,506,505,0,0
18.389,5,1,1,1,1,512,1,506,507,0,0
18.39,6,1,1,1,1,513,1,508,509,0,0
18.391,7,1,1,1,1,514,1,516,508,0,0
18.392,8,1,1,1,1,512,1,509,505,0,0
18.393,9,1,1,1,1,513,1,511,508,0,0
18.394,10,1,1,1,1,512,1,512,505,0,0
18.395,11,1,1,1,1,516,1,512,505,0,0
18.396,12,1,1,1,1,515,1,511,507,0,0
18.397,13,1,1,1,1,514,1,510,504,0,0
18.398,14,1,1,1,1,512,1,501,504,0,0
18.399,15,1,1,1,1,510,1,507,507,0,0
18.4,0,1,1,1,1,508,1,510,513,0,0
18.401,1,1,1,1,1,507,1,509,514,0,0
18.402,2,1,1,1,1,508,2,505,513,0,0
18.403,3,1,1,1,1,505,1,508,512,0,0
18.404,4,1,1,1,1,507,1,506,513,0,0
18.405,5,1,1,1,1,511,1,512,513,0,0
18.406,6,1,1,1,1,515,1,508,511,0,0
18.407,7,1,1,1,1,518,1,507,506,0,0
18.408,8,1,1,1,1,520,1,508,503,0,0
18.409,9,1,1,1,1,513,1,513,500,0,0
18.41,10,1,1,1,1,502,2,509,500,0,0
18.411,11,1,1,1,1,502,1,510,501,0,0
18.412,12,1,1,1,1,514,1,506,503,0,0
18.413,13,1,1,1,1,515,1,510,508,0,0
18.414,14,1,1,1,1,512,1,502,511,0,0
18.415,15,1,1,1,1,513,1,502,512,0,0
18.416,0,1,1,1,1,509,1,505,508,0,0
18.417,1,1,1,1,1,510,1,504,507,0,0
18.418,2,1,1,1,1,511,2,505,509,0,0
18.419,3,1,1,1,1,512,1,515,510,0,0
18.42,4,1,1,1,1,512,1,519,510,0,0
18.421,5,1,1,1,1,511,1,519,507,0,0
18.422,6,1,1,1,1,512,1,512,510,0,0
18.423,7,1,1,1,1,512,0,515,509,0,0
18.424,8,1,1,1,1,510,1,513,508,0,0
18.425,9,1,1,1,1,507,1,508,512,0,0
18.426,10,1,1,1,1,507,2,519,510,0,0
18.427,11,1,1,1,1,508,1,513,510,0,0
18.428,12,1,1,1,1,511,1,512,508,0,0
18.429,13,1,1,1,1,513,1,518,507,0,0
18.43,14,1,1,1,1,518,1,524,508,0,0
18.431,15,1,1,1,1,527,0,525,504,0,0
18.432,0,1,1,1,1,520,1,527,508,0,0
18.433,1,1,1,1,1,512,1,526,509,0,0
18.434,2,1,1,1,1,513,2,524,511,0,0
18.435,3,1,1,1,1,512,1,520,510,0,0
18.436,4,1,1,1,1,512,1,507,507,0,0
18.437,5,1,1,1,1,510,1,514,507,0,0
18.438,6,1,1,1,1,510,1,512,507,0,0
18.439,7,1,1,1,1,511,0,509,507,0,0
18.44,8,1,1,1,1,511,1,508,508,0,0
18.441,9,1,1,1,1,512,1,506,507,0,0
18.442,10,1,1,1,1,512,2,503,510,0,0
18.443,11,1,1,1,1,508,1,503,510,0,0
18.444,12,1,1,1,1,508,1,505,512,0,0
18.445,13,1,1,1,1,507,1,511,512,0,0
18.446,14,1,1,1,1,510,1,508,510,0,0
18.447,15,1,1,1,1,512,1,502,507,0,0
18.448,0,1,1,1,1,510,1,505,510,0,0
18.449,1,1,1,1,1,511,1,497,508,0,0
18.45,2,1,1,1,1,511,2,507,509,0,0
18.451,3,1,1,1,1,513,1,516,508,0,0
18.452,4,1,1,1,1,512,1,514,506,0,0
18.453,5,1,1,1,1,513,1,512,505,0,0
18.454,6,1,1,1,1,510,1,516,504,0,0
18.455,7,1,1,1,1,513,1,512,506,0,0
18.456,8,1,1,1,1,514,1,512,508,0,0
18.457,9,1,1,1,1,512,1,504,507,0,0
18.458,10,1,1,1,1,512,2,498,510,0,0
18.459,11,1,1,1,1,510,1,497,513,0,0
18.46,12,1,1,1,1,507,1,500,519,0,0
18.461,13,1,1,1,1,507,1,510,506,0,0
18.462,14,1,1,1,1,506,1,505,510,0,0
18.463,15,1,1,1,1,513,1,502,515,0,0
18.464,0,1,1,1,1,519,1,507,510,0,0
18.465,1,1,1,1,1,514,1,513,506,0,0
18.466,2,1,1,1,1,512,2,509,508,0,0
18.467,3,1,1,1,1,513,1,511,506,0,0
18.468,4,1,1,1,1,512,0,511,507,0,0
18.469,5,1,1,1,1,509,1,514,507,0,0
18.47,6,1,1,1,1,512,1,512,505,0,0
18.471,7,1,1,1,1,511,1,510,507,0,0
18.472,8,1,1,1,1,512,1,510,507,0,0
18.473,9,1,1,1,1,509,1,511,508,0,0
18.474,10,1,1,1,1,511,2,505,507,0,0
18.475,11,1,1,1,1,509,1,500,509,0,0
18.476,12,1,1,1,1,512,0,502,511,0,0
18.477,13,1,1,1,1,511,1,505,508,0,0
18.478,14,1,1,1,1,510,1,511,509,0,0
18.479,15,1,1,1,1,513,1,509,513,0,0
18.48,0,1,1,1,1,512,1,511,511,0,0
18.481,1,1,1,1,1,512,1,510,507,0,0
18.482,2,1,1,1,1,509,2,505,508,0,0
18.483,3,1,1,1,1,513,1,507,507,0,0
18.484,4,1,1,1,1,510,0,511,508,0,0
18.485,5,1,1,1,1,510,1,511,507,0,0
18.486,6,1,1,1,1,511,1,499,508,0,0
18.487,7,1,1,1,1,513,1,503,508,0,0
18.488,8,1,1,1,1,512,1,506,509,0,0
18.489,9,1,1,1,1,511,1,507,509,0,0
18.49,10,1,1,1,1,510,1,509,508,0,0
18.491,11,1,1,1,1,512,1,503,508,0,0
18.492,12,1,1,1,1,512,1,511,508,0,0
18.493,13,1,1,1,1,511,1,507,507,0,0
18.494,14,1,1,1,1,511,1,508,507,0,0
18.495,15,1,1,1,1,512,1,509,504,0,0
18.496,0,1,1,1,1,509,1,515,503,0,0
18.497,1,1,1,1,1,511,1,513,504,0,0
18.498,2,1,1,1,1,511,1,518,509,0,0
18.499,3,1,1,1,1,512,1,516,509,0,0
18.5,4,1,1,1,1,510,1,524,519,0,0
18.501,5,1,1,1,1,513,1,521,521,0,0
18.502,6,1,1,1,1,511,1,516,514,0,0
18.503,7,1,1,1,1,511,1,513,508,0,0
18.504,8,1,1,1,1,511,1,506,508,0,0
18.505,9,1,1,1,1,510,1,514,508,0,0
18.506,10,1,1,1,1,511,1,523,509,0,0
18.507,11,1,1,1,1,513,1,521,507,0,0
18.508,12,1,1,1,1,510,1,511,508,0,0
18.509,13,1,1,1,1,512,1,502,508,0,0
18.51,14,1,1,1,1,513,1,496,507,0,0
18.511,15,1,1,1,1,512,1,506,509,0,0
18.512,0,1,1,1,1,513,1,501,508,0,0
18.513,1,1,1,1,1,511,1,505,508,0,0
18.514,2,1,1,1,1,511,2,507,508,0,0
18.515,3,1,1,1,1,510,1,511,508,0,0
18.516,4,1,1,1,1,512,0,512,506,0,0
18.517,5,1,1,1,1,512,1,518,508,0,0
18.518,6,1,1,1,1,513,1,525,505,0,0
18.519,7,1,1,1,1,515,1,519,505,0,0
18.52,8,1,1,1,1,516,1,517,506,0,0
18.521,9,1,1,1,1,515,1,512,506,0,0
18.522,10,1,1,1,1,508,2,505,505,0,0
18.523,11,1,1,1,1,503,1,508,506,0,0
18.524,12,1,1,1,1,506,0,511,516,0,0
18.525,13,1,1,1,1,508,1,511,512,0,0
18.526,14,1,1,1,1,509,1,515,513,0,0
18.527,15,1,1,1,1,511,1,518,513,0,0
18.528,0,1,1,1,1,509,1,512,511,0,0
18.529,1,1,1,1,1,509,1,507,510,0,0
18.53,2,1,1,1,1,511,2,517,508,0,0
18.531,3,1,1,1,1,513,1,518,508,0,0
18.532,4,1,1,1,1,513,1,513,510,0,0
18.533,5,1,1,1,1,512,1,505,508,0,0
18.534,6,1,1,1,1,513,1,504,507,0,0
18.535,7,1,1,1,1,511,1,510,506,0,0
18.536,8,1,1,1,1,512,1,504,506,0,0
18.537,9,1,1,1,1,512,1,507,509,0,0
18.538,10,1,1,1,1,511,2,508,508,0,0
18.539,11,1,1,1,1,513,1,508,507,0,0
18.54,12,1,1,1,1,513,1,512,508,0,0
18.541,13,1,1,1,1,513,1,509,510,0,0
18.542,14,1,1,1,1,512,1,509,508,0,0
18.543,15,1,1,1,1,510,1,516,508,0,0
18.544,0,1,1,1,1,512,1,510,508,0,0
18.545,1,1,1,1,1,511,1,508,510,0,0
18.546,2,1,1,1,1,511,2,507,510,0,0
18.547,3,1,1,1,1,512,1,513,510,0,0
18.548,4,1,1,1,1,513,1,513,510,0,0
18.549,5,1,1,1,1,513,1,512,509,0,0
18.55,6,1,1,1,1,512,1,507,506,0,0
18.551,7,1,1,1,1,511,1,510,505,0,0
18.552,8,1,1,1,1,511,1,510,505,0,0
18.553,9,1,1,1,1,511,1,510,505,0,0
18.554,10,1,1,1,1,511,2,508,505,0,0
18.555,11,1,1,1,1,507,1,516,506,0,0
18.556,12,1,1,1,1,509,1,509,510,0,0
18.557,13,1,1,1,1,511,1,511,509,0,0
18.558,14,1,1,1,1,512,1,514,508,0,0
18.559,15,1,1,1,1,513,0,510,506,0,0
18.56,0,1,1,1,1,518,1,509,510,0,0
18.561,1,1,1,1,1,518,1,513,520,0,0
18.562,2,1,1,1,1,512,2,515,513,0,0
18.563,3,1,1,1,1,504,1,510,506,0,0
18.564,4,1,1,1,1,511,1,511,508,0,0
18.565,5,1,1,1,1,514,1,511,508,0,0
18.566,6,1,1,1,1,511,1,504,511,0,0
18.567,7,1,1,1,1,508,0,503,509,0,0
18.568,8,1,1,1,1,510,1,508,510,0,0
18.569,9,1,1,1,1,509,1,516,507,0,0
18.57,10,1,1,1,1,505,2,511,507,0,0
18.571,11,1,1,1,1,506,1,513,506,0,0
18.572,12,1,1,1,1,511,1,512,506,0,0
18.573,13,1,1,1,1,517,1,511,506,0,0
18.574,14,1,1,1,1,515,1,513,505,0,0
18.575,15,1,1,1,1,513,1,508,506,0,0
18.576,0,1,1,1,1,512,1,508,509,0,0
18.577,1,1,1,1,1,511,1,508,508,0,0
18.578,2,1,1,1,1,510,2,514,507,0,0
18.579,3,1,1,1,1,511,1,504,506,0,0
18.58,4,1,1,1,1,512,1,498,510,0,0
18.581,5,1,1,1,1,512,1,501,511,0,0
18.582,6,1,1,1,1,510,1,513,510,0,0
18.583,7,1,1,1,1,512,1,518,508,0,0
18.584,8,1,1,1,1,510,1,520,510,0,0
18.585,9,1,1,1,1,511,1,520,504,0,0
18.586,10,1,1,1,1,507,2,512,505,0,0
18.587,11,1,1,1,1,506,1,511,505,0,0
18.588,12,1,1,1,1,510,1,512,505,0,0
18.589,13,1,1,1,1,510,1,512,509,0,0
18.59,14,1,1,1,1,511,1,504,510,0,0
18.591,15,1,1,1,1,513,1,507,520,0,0
18.592,0,1,1,1,1,527,1,513,513,0,0
18.593,1,1,1,1,1,520,1,514,512,0,0
18.594,2,1,1,1,1,512,2,511,508,0,0
18.595,3,1,1,1,1,512,1,508,508,0,0
18.596,4,1,1,1,1,511,1,510,509,0,0
18.597,5,1,1,1,1,511,1,507,508,0,0
18.598,6,1,1,1,1,511,1,503,508,0,0
18.599,7,1,1,1,1,507,1,503,506,0,0
18.6,8,1,1,1,1,509,1,503,509,0,0
18.601,9,1,1,1,1,513,1,510,509,0,0
18.602,10,1,1,1,1,510,1,512,507,0,0
18.603,11,1,1,1,1,509,1,511,508,0,0
18.604,12,1,1,1,1,509,1,509,506,0,0
18.605,13,1,1,1,1,512,1,513,507,0,0
18.606,14,1,1,1,1,511,1,516,506,0,0
18.607,15,1,1,1,1,512,1,524,508,0,0
18.608,0,1,1,1,1,513,1,520,510,0,0
18.609,1,1,1,1,1,510,1,520,508,0,0
18.61,2,1,1,1,1,511,1,525,509,0,0
18.611,3,1,1,1,1,510,1,515,508,0,0
18.612,4,1,1,1,1,510,1,506,508,0,0
18.613,5,1,1,1,1,511,1,500,509,0,0
18.614,6,1,1,1,1,512,1,502,510,0,0
18.615,7,1,1,1,1,511,1,505,508,0,0
18.616,8,1,1,1,1,511,1,508,508,0,0
18.617,9,1,1,1,1,513,1,506,507,0,0
18.618,10,1,1,1,1,513,2,507,508,0,0
18.619,11,1,1,1,1,510,1,505,508,0,0
18.62,12,1,1,1,1,511,1,502,511,0,0
18.621,13,1,1,1,1,510,1,505,509,0,0
18.622,14,1,1,1,1,511,1,509,508,0,0
18.623,15,1,1,1,1,511,1,512,510,0,0
18.624,0,1,1,1,1,511,1,509,508,0,0
18.625,1,1,1,1,1,510,1,515,508,0,0
18.626,2,1,1,1,1,511,2,516,508,0,0
18.627,3,1,1,1,1,511,1,513,508,0,0
18.628,4,1,1,1,1,513,1,515,509,0,0
18.629,5,1,1,1,1,512,1,519,511,0,0
18.63,6,1,1,1,1,510,1,518,509,0,0
18.631,7,1,1,1,1,513,1,510,508,0,0
18.632,8,1,1,1,1,512,1,504,506,0,0
18.633,9,1,1,1,1,510,1,503,508,0,0
18.634,10,1,1,1,1,511,2,505,507,0,0
18.635,11,1,1,1,1,513,1,504,505,0,0
18.636,12,1,1,1,1,510,1,507,505,0,0
18.637,13,1,1,1,1,505,1,512,506,0,0
18.638,14,1,1,1,1,511,1,508,507,0,0
18.639,15,1,1,1,1,515,1,520,508,0,0
18.64,0,1,1,1,1,515,1,515,510,0,0
18.641,1,1,1,1,1,513,1,509,511,0,0
18.642,2,1,1,1,1,512,2,507,510,0,0
18.643,3,1,1,1,1,510,1,508,511,0,0
18.644,4,1,1,1,1,509,1,507,508,0,0
18.645,5,1,1,1,1,508,1,506,509,0,0
18.646,6,1,1,1,1,512,1,507,507,0,0
18.647,7,1,1,1,1,512,0,512,507,0,0
18.648,8,1,1,1,1,513,1,512,512,0,0
18.649,9,1,1,1,1,513,1,503,508,0,0
18.65,10,1,1,1,1,514,2,496,507,0,0
18.651,11,1,1,1,1,515,1,504,507,0,0
18.652,12,1,1,1,1,511,1,512,510,0,0
18.653,13,1,1,1,1,511,1,514,517,0,0
18.654,14,1,1,1,1,511,1,515,508,0,0
18.655,15,1,1,1,1,510,0,511,511,0,0
18.656,0,1,1,1,1,509,1,503,510,0,0
18.657,1,1,1,1,1,510,1,513,508,0,0
18.658,2,1,1,1,1,509,2,517,506,0,0
18.659,3,1,1,1,1,508,1,513,507,0,0
18.66,4,1,1,1,1,508,1,508,511,0,0
18.661,5,1,1,1,1,512,1,512,508,0,0
18.662,6,1,1,1,1,510,1,506,505,0,0
18.663,7,1,1,1,1,510,1,511,505,0,0
18.664,8,1,1,1,1,512,1,511,507,0,0
18.665,9,1,1,1,1,514,1,510,508,0,0
18.666,10,1,1,1,1,513,2,511,507,0,0
18.667,11,1,1,1,1,512,1,510,508,0,0
18.668,12,1,1,1,1,512,1,511,508,0,0
18.669,13,1,1,1,1,512,1,508,508,0,0
18.67,14,1,1,1,1,509,1,506,510,0,0
18.671,15,1,1,1,1,508,1,507,510,0,0
18.672,0,1,1,1,1,510,1,506,508,0,0
18.673,1,1,1,1,1,510,1,504,508,0,0
18.674,2,1,1,1,1,511,2,508,507,0,0
18.675,3,1,1,1,1,512,1,508,503,0,0
18.676,4,1,1,1,1,514,1,512,504,0,0
18.677,5,1,1,1,1,514,1,520,505,0,0
18.678,6,1,1,1,1,512,1,520,510,0,0
18.679,7,1,1,1,1,512,1,512,512,0,0
18.68,8,1,1,1,1,515,1,502,511,0,0
18.681,9,1,1,1,1,512,1,505,520,0,0
18.682,10,1,1,1,1,509,2,499,515,0,0
18.683,11,1,1,1,1,510,1,500,509,0,0
18.684,12,1,1,1,1,509,0,501,502,0,0
18.685,13,1,1,1,1,514,1,503,501,0,0
18.686,14,1,1,1,1,512,1,498,506,0,0
18.687,15,1,1,1,1,508,1,497,511,0,0
18.688,0,1,1,1,1,514,1,504,513,0,0
18.689,1,1,1,1,1,507,1,513,503,0,0
18.69,2,1,1,1,1,505,2,506,507,0,0
18.691,3,1,1,1,1,514,1,509,510,0,0
18.692,4,1,1,1,1,515,0,509,512,0,0
18.693,5,1,1,1,1,515,1,510,509,0,0
18.694,6,1,1,1,1,513,1,514,508,0,0
18.695,7,1,1,1,1,511,1,518,509,0,0
18.696,8,1,1,1,1,512,1,520,510,0,0
18.697,9,1,1,1,1,512,1,520,510,0,0
18.698,10,1,1,1,1,509,2,518,509,0,0
18.699,11,1,1,1,1,505,1,516,508,0,0
18.7,12,1,1,1,1,505,0,518,508,0,0
18.701,13,1,1,1,1,510,1,522,505,0,0
18.702,14,1,1,1,1,513,1,520,507,0,0
18.703,15,1,1,1,1,514,1,515,508,0,0
18.704,0,1,1,1,1,519,1,519,505,0,0
18.705,1,1,1,1,1,527,1,514,505,0,0
18.706,2,1,1,1,1,516,1,508,509,0,0
18.707,3,1,1,1,1,508,1,505,513,0,0
18.708,4,1,1,1,1,506,1,502,513,0,0
18.709,5,1,1,1,1,508,1,503,511,0,0
18.71,6,1,1,1,1,510,1,511,508,0,0
18.711,7,1,1,1,1,510,1,513,507,0,0
18.712,8,1,1,1,1,510,1,518,508,0,0
18.713,9,1,1,1,1,511,1,519,508,0,0
18.714,10,1,1,1,1,511,1,512,508,0,0
18.715,11,1,1,1,1,511,1,512,509,0,0
18.716,12,1,1,1,1,511,1,511,509,0,0
18.717,13,1,1,1,1,511,1,512,510,0,0
18.718,14,1,1,1,1,511,1,509,508,0,0
18.719,15,1,1,1,1,509,1,514,508,0,0
18.72,0,1,1,1,1,511,1,517,509,0,0
18.721,1,1,1,1,1,512,1,518,507,0,0
18.722,2,1,1,1,1,511,1,516,507,0,0
18.723,3,1,1,1,1,511,1,516,510,0,0
18.724,4,1,1,1,1,512,1,509,510,0,0
18.725,5,1,1,1,1,512,1,516,509,0,0
18.726,6,1,1,1,1,512,1,515,509,0,0
18.727,7,1,1,1,1,511,1,515,508,0,0
18.728,8,1,1,1,1,512,1,510,507,0,0
18.729,9,1,1,1,1,512,1,513,506,0,0
18.73,10,1,1,1,1,512,2,511,508,0,0
18.731,11,1,1,1,1,515,1,505,510,0,0
18.732,12,1,1,1,1,512,0,503,507,0,0
18.733,13,1,1,1,1,511,1,492,508,0,0
18.734,14,1,1,1,1,510,1,495,509,0,0
18.735,15,1,1,1,1,510,1,502,510,0,0
18.736,0,1,1,1,1,513,1,507,509,0,0
18.737,1,1,1,1,1,512,1,510,511,0,0
18.738,2,1,1,1,1,512,2,515,511,0,0
18.739,3,1,1,1,1,512,1,512,511,0,0
18.74,4,1,1,1,1,510,0,506,508,0,0
18.741,5,1,1,1,1,513,1,510,505,0,0
18.742,6,1,1,1,1,512,1,516,505,0,0
18.743,7,1,1,1,1,510,1,510,507,0,0
18.744,8,1,1,1,1,513,1,502,507,0,0
18.745,9,1,1,1,1,515,1,508,506,0,0
18.746,10,1,1,1,1,513,2,504,507,0,0
18.747,11,1,1,1,1,511,1,505,511,0,0
18.748,12,1,1,1,1,509,0,503,519,0,0
18.749,13,1,1,1,1,510,1,511,511,0,0
18.75,14,1,1,1,1,511,1,510,508,0,0
18.751,15,1,1,1,1,510,1,511,506,0,0
18.752,0,1,1,1,1,510,1,515,507,0,0
18.753,1,1,1,1,1,513,1,512,508,0,0
18.754,2,1,1,1,1,511,2,517,509,0,0
18.755,3,1,1,1,1,511,1,515,510,0,0
18.756,4,1,1,1,1,511,1,513,508,0,0
18.757,5,1,1,1,1,508,1,508,508,0,0
18.758,6,1,1,1,1,510,1,508,508,0,0
18.759,7,1,1,1,1,511,1,509,509,0,0
18.76,8,1,1,1,1,511,1,510,509,0,0
18.761,9,1,1,1,1,511,1,516,506,0,0
18.762,10,1,1,1,1,511,2,516,506,0,0
18.763,11,1,1,1,1,511,1,517,504,0,0
18.764,12,1,1,1,1,511,1,512,506,0,0
18.765,13,1,1,1,1,510,1,515,508,0,0
18.766,14,1,1,1,1,512,1,521,503,0,0
18.767,15,1,1,1,1,513,1,516,503,0,0
18.768,0,1,1,1,1,511,1,507,506,0,0
18.769,1,1,1,1,1,512,1,507,507,0,0
18.77,2,1,1,1,1,512,2,505,508,0,0
18.771,3,1,1,1,1,512,1,499,519,0,0
18.772,4,1,1,1,1,512,1,503,523,0,0
18.773,5,1,1,1,1,512,1,505,518,0,0
18.774,6,1,1,1,1,511,1,505,509,0,0
18.775,7,1,1,1,1,516,0,501,504,0,0
18.776,8,1,1,1,1,516,1,511,504,0,0
18.777,9,1,1,1,1,519,1,509,504,0,0
18.778,10,1,1,1,1,518,2,508,504,0,0
18.779,11,1,1,1,1,513,1,507,504,0,0
18.78,12,1,1,1,1,510,1,508,516,0,0
18.781,13,1,1,1,1,507,1,510,514,0,0
18.782,14,1,1,1,1,506,1,509,510,0,0
18.783,15,1,1,1,1,501,0,505,508,0,0
18.784,0,1,1,1,1,494,1,504,508,0,0
18.785,1,1,1,1,1,497,1,505,504,0,0
18.786,2,1,1,1,1,511,2,506,509,0,0
18.787,3,1,1,1,1,515,1,512,509,0,0
18.788,4,1,1,1,1,509,1,513,510,0,0
18.789,5,1,1,1,1,507,1,510,511,0,0
18.79,6,1,1,1,1,511,1,516,519,0,0
18.791,7,1,1,1,1,512,0,512,513,0,0
18.792,8,1,1,1,1,514,1,513,510,0,0
18.793,9,1,1,1,1,521,1,515,503,0,0
18.794,10,1,1,1,1,531,2,515,500,0,0
18.795,11,1,1,1,1,528,1,514,498,0,0
18.796,12,1,1,1,1,513,1,513,492,0,0
18.797,13,1,1,1,1,508,1,505,499,0,0
18.798,14,1,1,1,1,516,1,513,505,0,0
18.799,15,1,1,1,1,515,1,514,509,0,0
18.8,0,1,1,1,1,510,1,518,508,0,0
18.801,1,1,1,1,1,509,1,512,515,0,0
18.802,2,1,1,1,1,511,2,512,525,0,0
18.803,3,1,1,1,1,511,1,508,527,0,0
18.804,4,1,1,1,1,513,1,503,507,0,0
18.805,5,1,1,1,1,513,1,494,506,0,0
18.806,6,1,1,1,1,505,1,496,504,0,0
18.807,7,1,1,1,1,504,1,498,505,0,0
18.808,8,1,1,1,1,505,1,500,510,0,0
18.809,9,1,1,1,1,503,1,500,519,0,0
18.81,10,1,1,1,1,513,2,509,519,0,0
18.811,11,1,1,1,1,516,1,529,507,0,0
18.812,12,1,1,1,1,517,1,524,507,0,0
18.813,13,1,1,1,1,510,1,519,507,0,0
18.814,14,1,1,1,1,503,1,512,505,0,0
18.815,15,1,1,1,1,510,1,512,505,0,0
18.816,0,1,1,1,1,511,1,511,505,0,0
18.817,1,1,1,1,1,512,1,512,505,0,0
18.818,2,1,1,1,1,513,1,513,506,0,0
18.819,3,1,1,1,1,512,1,515,509,0,0
18.82,4,1,1,1,1,513,1,521,509,0,0
18.821,5,1,1,1,1,512,1,517,509,0,0
18.822,6,1,1,1,1,513,1,523,508,0,0
18.823,7,1,1,1,1,515,1,509,506,0,0
18.824,8,1,1,1,1,519,1,514,506,0,0
18.825,9,1,1,1,1,514,1,513,506,0,0
18.826,10,1,1,1,1,515,1,508,506,0,0
18.827,11,1,1,1,1,512,1,504,507,0,0
18.828,12,1,1,1,1,510,1,509,516,0,0
18.829,13,1,1,1,1,499,1,511,515,0,0
18.83,14,1,1,1,1,503,1,514,511,0,0
18.831,15,1,1,1,1,509,1,510,509,0,0
18.832,0,1,1,1,1,511,1,511,508,0,0
18.833,1,1,1,1,1,509,1,517,508,0,0
18.834,2,1,1,1,1,515,1,518,507,0,0
18.835,3,1,1,1,1,513,1,519,508,0,0
18.836,4,1,1,1,1,513,1,514,505,0,0
18.837,5,1,1,1,1,512,1,508,507,0,0
18.838,6,1,1,1,1,514,1,507,509,0,0
18.839,7,1,1,1,1,514,1,505,511,0,0
18.84,8,1,1,1,1,514,1,510,510,0,0
18.841,9,1,1,1,1,512,1,504,506,0,0
18.842,10,1,1,1,1,511,2,501,508,0,0
18.843,11,1,1,1,1,512,1,499,510,0,0
18.844,12,1,1,1,1,509,1,509,508,0,0
18.845,13,1,1,1,1,507,1,519,508,0,0
18.846,14,1,1,1,1,513,1,519,506,0,0
18.847,15,1,1,1,1,513,1,524,507,0,0
18.848,0,1,1,1,1,512,1,517,509,0,0
18.849,1,1,1,1,1,512,1,509,507,0,0
18.85,2,1,1,1,1,513,2,511,509,0,0
18.851,3,1,1,1,1,517,1,511,513,0,0
18.852,4,1,1,1,1,519,1,512,507,0,0
18.853,5,1,1,1,1,513,1,513,507,0,0
18.854,6,1,1,1,1,510,1,515,503,0,0
18.855,7,1,1,1,1,509,1,512,506,0,0
18.856,8,1,1,1,1,508,1,510,507,0,0
18.857,9,1,1,1,1,511,1,499,507,0,0
18.858,10,1,1,1,1,505,2,495,507,0,0
18.859,11,1,1,1,1,504,1,497,516,0,0
18.86,12,1,1,1,1,503,1,497,518,0,0
18.861,13,1,1,1,1,510,1,503,520,0,0
18.862,14,1,1,1,1,520,1,505,521,0,0
18.863,15,1,1,1,1,514,0,503,517,0,0
18.864,0,1,1,1,1,504,1,504,511,0,0
18.865,1,1,1,1,1,508,1,509,508,0,0
18.866,2,1,1,1,1,512,2,521,504,0,0
18.867,3,1,1,1,1,509,1,514,497,0,0
18.868,4,1,1,1,1,504,1,507,489,0,0
18.869,5,1,1,1,1,525,1,512,495,0,0
18.87,6,1,1,1,1,530,1,510,492,0,0
18.871,7,1,1,1,1,529,1,512,486,0,0
18.872,8,1,1,1,1,520,1,513,497,0,0
18.873,9,1,1,1,1,515,1,508,515,0,0
18.874,10,1,1,1,1,519,2,510,508,0,0
18.875,11,1,1,1,1,523,1,511,500,0,0
18.876,12,1,1,1,1,521,1,512,499,0,0
18.877,13,1,1,1,1,512,1,500,504,0,0
18.878,14,1,1,1,1,487,1,492,530,0,0
18.879,15,1,1,1,1,493,0,502,524,0,0
18.88,0,1,1,1,1,502,1,503,533,0,0
18.881,1,1,1,1,1,513,1,500,516,0,0
18.882,2,1,1,1,1,491,1,493,519,0,0
18.883,3,1,1,1,1,492,1,514,511,0,0
18.884,4,1,1,1,1,509,1,537,510,0,0
18.885,5,1,1,1,1,498,1,539,517,0,0
18.886,6,1,1,1,1,507,1,531,512,0,0
18.887,7,1,1,1,1,515,1,516,509,0,0
18.888,8,1,1,1,1,507,1,506,511,0,0
18.889,9,1,1,1,1,508,1,505,509,0,0
18.89,10,1,1,1,1,511,2,507,507,0,0
18.891,11,1,1,1,1,510,1,509,515,0,0
18.892,12,1,1,1,1,513,1,500,514,0,0
18.893,13,1,1,1,1,522,1,501,511,0,0
18.894,14,1,1,1,1,525,1,505,511,0,0
18.895,15,1,1,1,1,528,1,503,501,0,0
18.896,0,1,1,1,1,522,1,504,499,0,0
18.897,1,1,1,1,1,516,1,506,503,0,0
18.898,2,1,1,1,1,511,2,505,504,0,0
18.899,3,1,1,1,1,503,1,518,505,0,0
18.9,4,1,1,1,1,495,1,521,503,0,0
18.901,5,1,1,1,1,503,1,517,509,0,0
18.902,6,1,1,1,1,512,1,516,502,0,0
18.903,7,1,1,1,1,515,1,513,500,0,0
18.904,8,1,1,1,1,511,1,517,509,0,0
18.905,9,1,1,1,1,510,1,514,510,0,0
18.906,10,1,1,1,1,509,2,516,512,0,0
18.907,11,1,1,1,1,519,1,531,513,0,0
18.908,12,1,1,1,1,531,0,533,504,0,0
18.909,13,1,1,1,1,525,1,519,505,0,0
18.91,14,1,1,1,1,520,1,511,511,0,0
18.911,15,1,1,1,1,516,1,509,505,0,0
18.912,0,1,1,1,1,513,1,502,504,0,0
18.913,1,1,1,1,1,510,1,501,505,0,0
18.914,2,1,1,1,1,503,2,497,513,0,0
18.915,3,1,1,1,1,496,1,497,519,0,0
18.916,4,1,1,1,1,510,0,499,511,0,0
18.917,5,1,1,1,1,519,1,508,502,0,0
18.918,6,1,1,1,1,524,1,519,502,0,0
18.919,7,1,1,1,1,519,1,526,506,0,0
18.92,8,1,1,1,1,507,1,520,512,0,0
18.921,9,1,1,1,1,505,1,503,525,0,0
18.922,10,1,1,1,1,503,2,496,537,0,0
18.923,11,1,1,1,1,496,1,496,527,0,0
18.924,12,1,1,1,1,483,1,512,506,0,0
18.925,13,1,1,1,1,495,1,506,488,0,0
18.926,14,1,1,1,1,521,1,504,479,0,0
18.927,15,1,1,1,1,526,1,504,476,0,0
18.928,0,1,1,1,1,525,1,505,492,0,0
18.929,1,1,1,1,1,521,1,509,512,0,0
18.93,2,1,1,1,1,514,1,519,515,0,0
18.931,3,1,1,1,1,511,1,517,514,0,0
18.932,4,1,1,1,1,508,1,512,515,0,0
18.933,5,1,1,1,1,512,1,524,508,0,0
18.934,6,1,1,1,1,506,1,517,507,0,0
18.935,7,1,1,1,1,509,1,506,519,0,0
18.936,8,1,1,1,1,514,1,511,512,0,0
18.937,9,1,1,1,1,511,1,505,502,0,0
18.938,10,1,1,1,1,506,1,504,499,0,0
18.939,11,1,1,1,1,508,1,504,508,0,0
18.94,12,1,1,1,1,508,1,512,510,0,0
18.941,13,1,1,1,1,511,1,518,513,0,0
18.942,14,1,1,1,1,512,1,504,519,0,0
18.943,15,1,1,1,1,512,1,506,515,0,0
18.944,0,1,1,1,1,524,1,510,514,0,0
18.945,1,1,1,1,1,520,1,505,508,0,0
18.946,2,1,1,1,1,519,2,506,506,0,0
18.947,3,1,1,1,1,521,1,508,503,0,0
18.948,4,1,1,1,1,521,0,511,500,0,0
18.949,5,1,1,1,1,504,1,517,526,0,0
18.95,6,1,1,1,1,509,1,534,514,0,0
18.951,7,1,1,1,1,511,1,529,504,0,0
18.952,8,1,1,1,1,500,1,509,510,0,0
18.953,9,1,1,1,1,504,1,504,506,0,0
18.954,10,1,1,1,1,517,2,516,505,0,0
18.955,11,1,1,1,1,514,1,507,507,0,0
18.956,12,1,1,1,1,512,0,502,515,0,0
18.957,13,1,1,1,1,508,1,507,519,0,0
18.958,14,1,1,1,1,499,1,518,513,0,0
18.959,15,1,1,1,1,502,1,531,517,0,0
18.96,0,1,1,1,1,511,1,519,518,0,0
18.961,1,1,1,1,1,511,1,518,500,0,0
18.962,2,1,1,1,1,514,2,526,483,0,0
18.963,3,1,1,1,1,509,1,511,492,0,0
18.964,4,1,1,1,1,524,0,511,504,0,0
18.965,5,1,1,1,1,523,1,513,506,0,0
18.966,6,1,1,1,1,519,1,506,509,0,0
18.967,7,1,1,1,1,513,1,497,510,0,0
18.968,8,1,1,1,1,509,1,507,517,0,0
18.969,9,1,1,1,1,511,1,510,508,0,0
18.97,10,1,1,1,1,509,2,510,511,0,0
18.971,11,1,1,1,1,507,1,502,506,0,0
18.972,12,1,1,1,1,509,1,499,502,0,0
18.973,13,1,1,1,1,503,1,499,505,0,0
18.974,14,1,1,1,1,506,1,499,522,0,0
18.975,15,1,1,1,1,512,1,499,528,0,0
18.976,0,1,1,1,1,513,1,502,526,0,0
18.977,1,1,1,1,1,510,1,504,516,0,0
18.978,2,1,1,1,1,498,2,499,508,0,0
18.979,3,1,1,1,1,507,1,509,505,0,0
18.98,4,1,1,1,1,509,1,513,495,0,0
18.981,5,1,1,1,1,512,1,523,492,0,0
18.982,6,1,1,1,1,513,1,522,493,0,0
18.983,7,1,1,1,1,515,1,519,503,0,0
18.984,8,1,1,1,1,519,1,512,499,0,0
18.985,9,1,1,1,1,526,1,514,513,0,0
18.986,10,1,1,1,1,526,2,526,524,0,0
18.987,11,1,1,1,1,503,1,531,508,0,0
18.988,12,1,1,1,1,496,1,517,506,0,0
18.989,13,1,1,1,1,495,1,512,509,0,0
18.99,14,1,1,1,1,507,1,510,510,0,0
18.991,15,1,1,1,1,514,0,513,507,0,0
18.992,0,1,1,1,1,521,1,506,510,0,0
18.993,1,1,1,1,1,518,1,508,513,0,0
18.994,2,1,1,1,1,524,2,499,508,0,0
18.995,3,1,1,1,1,525,1,500,504,0,0
18.996,4,1,1,1,1,512,1,499,506,0,0
18.997,5,1,1,1,1,512,1,496,507,0,0
18.998,6,1,1,1,1,511,1,509,508,0,0
18.999,7,1,1,1,1,509,0,510,506,0,0
19.0,8,1,1,1,1,509,1,508,509,0,0
19.001,9,1,1,1,1,509,1,510,510,0,0
19.002,10,1,1,1,1,511,2,508,511,0,0
19.003,11,1,1,1,1,509,1,499,509,0,0
19.004,12,1,1,1,1,511,1,507,512,0,0
19.005,13,1,1,1,1,511,1,512,512,0,0
19.006,14,1,1,1,1,511,1,508,510,0,0
19.007,15,1,1,1,1,511,0,507,508,0,0
19.008,0,1,1,1,1,511,1,510,510,0,0
19.009,1,1,1,1,1,511,1,515,507,0,0
19.01,2,1,1,1,1,510,2,510,508,0,0
19.011,3,1,1,1,1,510,1,504,509,0,0
19.012,4,1,1,1,1,510,1,506,508,0,0
19.013,5,1,1,1,1,512,1,507,508,0,0
19.014,6,1,1,1,1,516,1,506,508,0,0
19.015,7,1,1,1,1,516,1,508,507,0,0
19.016,8,1,1,1,1,517,1,509,508,0,0
19.017,9,1,1,1,1,519,1,511,510,0,0
19.018,10,1,1,1,1,517,2,501,510,0,0
19.019,11,1,1,1,1,508,1,495,511,0,0
19.02,12,1,1,1,1,501,1,496,505,0,0
19.021,13,1,1,1,1,494,1,504,501,0,0
19.022,14,1,1,1,1,502,1,513,503,0,0
19.023,15,1,1,1,1,497,1,507,502,0,0
19.024,0,1,1,1,1,513,1,505,506,0,0
19.025,1,1,1,1,1,517,1,507,508,0,0
19.026,2,1,1,1,1,514,2,504,511,0,0
19.027,3,1,1,1,1,512,1,498,507,0,0
19.028,4,1,1,1,1,513,1,502,510,0,0
19.029,5,1,1,1,1,512,1,501,519,0,0
19.03,6,1,1,1,1,513,1,511,521,0,0
19.031,7,1,1,1,1,511,1,508,502,0,0
19.032,8,1,1,1,1,508,1,513,503,0,0
19.033,9,1,1,1,1,519,1,511,507,0,0
19.034,10,1,1,1,1,508,1,511,510,0,0
19.035,11,1,1,1,1,508,1,514,511,0,0
19.036,12,1,1,1,1,519,1,530,509,0,0
19.037,13,1,1,1,1,517,1,537,508,0,0
19.038,14,1,1,1,1,513,1,531,508,0,0
19.039,15,1,1,1,1,510,1,517,508,0,0
19.04,0,1,1,1,1,511,1,510,507,0,0
19.041,1,1,1,1,1,516,1,512,505,0,0
19.042,2,1,1,1,1,518,1,507,508,0,0
19.043,3,1,1,1,1,515,1,504,507,0,0
19.044,4,1,1,1,1,511,1,502,511,0,0
19.045,5,1,1,1,1,507,1,507,513,0,0
19.046,6,1,1,1,1,508,1,515,507,0,0
19.047,7,1,1,1,1,510,1,519,500,0,0
19.048,8,1,1,1,1,513,1,516,500,0,0
19.049,9,1,1,1,1,508,1,515,505,0,0
19.05,10,1,1,1,1,507,1,520,507,0,0
19.051,11,1,1,1,1,507,1,521,512,0,0
19.052,12,1,1,1,1,509,1,519,507,0,0
19.053,13,1,1,1,1,513,1,514,508,0,0
19.054,14,1,1,1,1,516,1,508,511,0,0
19.055,15,1,1,1,1,522,1,510,508,0,0
19.056,0,1,1,1,1,517,1,510,517,0,0
19.057,1,1,1,1,1,511,1,513,523,0,0
19.058,2,1,1,1,1,499,2,465,523,0,0
19.059,3,1,1,1,1,507,1,432,510,0,0
19.06,4,1,1,1,1,485,1,419,496,0,0
19.061,5,1,1,1,1,504,1,436,507,0,0
19.062,6,1,1,1,1,516,1,441,507,0,0
19.063,7,1,1,1,1,516,1,445,506,0,0
19.064,8,1,1,1,1,515,1,444,504,0,0
19.065,9,1,1,1,1,515,1,465,506,0,0
19.066,10,1,1,1,1,515,2,475,507,0,0
19.067,11,1,1,1,1,513,1,482,508,0,0
19.068,12,1,1,1,1,513,1,495,507,0,0
19.069,13,1,1,1,1,512,1,502,507,0,0
19.07,14,1,1,1,1,513,1,511,510,0,0
19.071,15,1,1,1,1,514,1,522,508,0,0
19.072,0,1,1,1,1,515,1,532,512,0,0
19.073,1,1,1,1,1,510,1,538,511,0,0
19.074,2,1,1,1,1,514,2,532,502,0,0
19.075,3,1,1,1,1,511,1,535,506,0,0
19.076,4,1,1,1,1,508,1,531,510,0,0
19.077,5,1,1,1,1,510,1,530,513,0,0
19.078,6,1,1,1,1,520,1,533,514,0,0
19.079,7,1,1,1,1,515,0,514,510,0,0
19.08,8,1,1,1,1,515,1,517,509,0,0
19.081,9,1,1,1,1,511,1,520,510,0,0
19.082,10,1,1,1,1,501,2,497,507,0,0
19.083,11,1,1,1,1,499,1,489,507,0,0
19.084,12,1,1,1,1,515,1,500,503,0,0
19.085,13,1,1,1,1,511,1,517,502,0,0
19.086,14,1,1,1,1,527,1,518,498,0,0
19.087,15,1,1,1,1,516,0,503,505,0,0
19.088,0,1,1,1,1,510,1,497,510,0,0
19.089,1,1,1,1,1,510,1,497,513,0,0
19.09,2,1,1,1,1,502,2,503,511,0,0
19.091,3,1,1,1,1,502,1,509,510,0,0
19.092,4,1,1,1,1,507,1,514,509,0,0
19.093,5,1,1,1,1,511,1,512,511,0,0
19.094,6,1,1,1,1,511,1,516,506,0,0
19.095,7,1,1,1,1,524,1,522,508,0,0
19.096,8,1,1,1,1,518,1,525,513,0,0
19.097,9,1,1,1,1,517,1,527,515,0,0
19.098,10,1,1,1,1,514,2,525,513,0,0
19.099,11,1,1,1,1,511,1,526,508,0,0
19.1,12,1,1,1,1,511,1,524,500,0,0
19.101,13,1,1,1,1,512,1,531,501,0,0
19.102,14,1,1,1,1,514,1,529,504,0,0
19.103,15,1,1,1,1,513,1,535,503,0,0
19.104,0,1,1,1,1,503,1,529,511,0,0
19.105,1,1,1,1,1,502,1,532,511,0,0
19.106,2,1,1,1,1,510,2,529,511,0,0
19.107,3,1,1,1,1,513,1,535,506,0,0
19.108,4,1,1,1,1,515,1,531,507,0,0
19.109,5,1,1,1,1,514,1,524,506,0,0
19.11,6,1,1,1,1,513,1,520,510,0,0
19.111,7,1,1,1,1,513,1,521,512,0,0
19.112,8,1,1,1,1,508,1,515,521,0,0
19.113,9,1,1,1,1,501,1,515,515,0,0
19.114,10,1,1,1,1,512,2,522,508,0,0
19.115,11,1,1,1,1,511,1,515,505,0,0
19.116,12,1,1,1,1,511,1,511,505,0,0
19.117,13,1,1,1,1,511,1,516,504,0,0
19.118,14,1,1,1,1,513,1,515,504,0,0
19.119,15,1,1,1,1,513,1,510,507,0,0
19.12,0,1,1,1,1,511,1,508,510,0,0
19.121,1,1,1,1,1,511,1,502,514,0,0
19.122,2,1,1,1,1,510,2,509,513,0,0
19.123,3,1,1,1,1,512,1,511,508,0,0
19.124,4,1,1,1,1,518,0,517,504,0,0
19.125,5,1,1,1,1,515,1,510,507,0,0
19.126,6,1,1,1,1,517,1,506,503,0,0
19.127,7,1,1,1,1,498,1,502,503,0,0
19.128,8,1,1,1,1,508,1,506,505,0,0
19.129,9,1,1,1,1,518,1,502,502,0,0
19.13,10,1,1,1,1,513,2,502,500,0,0
19.131,11,1,1,1,1,504,1,499,508,0,0
19.132,12,1,1,1,1,511,0,492,513,0,0
19.133,13,1,1,1,1,519,1,491,522,0,0
19.134,14,1,1,1,1,519,1,484,519,0,0
19.135,15,1,1,1,1,525,1,473,534,0,0
19.136,0,1,1,1,1,530,1,484,536,0,0
19.137,1,1,1,1,1,518,1,480,513,0,0
19.138,2,1,1,1,1,489,1,480,499,0,0
19.139,3,1,1,1,1,488,1,486,503,0,0
19.14,4,1,1,1,1,487,0,487,492,0,0
19.141,5,1,1,1,1,497,1,488,487,0,0
19.142,6,1,1,1,1,507,1,492,498,0,0
19.143,7,1,1,1,1,502,1,499,509,0,0
19.144,8,1,1,1,1,510,1,512,507,0,0
19.145,9,1,1,1,1,516,1,516,508,0,0
19.146,10,1,1,1,1,518,1,517,511,0,0
19.147,11,1,1,1,1,522,1,510,515,0,0
19.148,12,1,1,1,1,514,1,510,514,0,0
19.149,13,1,1,1,1,518,1,511,510,0,0
19.15,14,1,1,1,1,518,1,511,508,0,0
19.151,15,1,1,1,1,494,1,507,508,0,0
19.152,0,1,1,1,1,513,1,511,505,0,0
19.153,1,1,1,1,1,525,1,521,509,0,0
19.154,2,1,1,1,1,514,1,515,506,0,0
19.155,3,1,1,1,1,521,1,534,506,0,0
19.156,4,1,1,1,1,521,1,545,502,0,0
19.157,5,1,1,1,1,511,1,542,497,0,0
19.158,6,1,1,1,1,513,1,540,502,0,0
19.159,7,1,1,1,1,511,1,528,505,0,0
19.16,8,1,1,1,1,520,1,525,511,0,0
19.161,9,1,1,1,1,507,1,525,512,0,0
19.162,10,1,1,1,1,504,1,524,511,0,0
19.163,11,1,1,1,1,508,1,524,510,0,0
19.164,12,1,1,1,1,512,0,521,509,0,0
19.165,13,1,1,1,1,512,1,529,512,0,0
19.166,14,1,1,1,1,511,1,532,511,0,0
19.167,15,1,1,1,1,511,1,536,511,0,0
19.168,0,1,1,1,1,511,1,524,508,0,0
19.169,1,1,1,1,1,515,1,523,508,0,0
19.17,2,1,1,1,1,512,2,522,510,0,0
19.171,3,1,1,1,1,507,1,523,509,0,0
19.172,4,1,1,1,1,509,0,529,510,0,0
19.173,5,1,1,1,1,503,1,523,511,0,0
19.174,6,1,1,1,1,494,1,522,509,0,0
19.175,7,1,1,1,1,528,1,530,510,0,0
19.176,8,1,1,1,1,519,1,517,512,0,0
19.177,9,1,1,1,1,512,1,502,510,0,0
19.178,10,1,1,1,1,511,2,502,510,0,0
19.179,11,1,1,1,1,505,1,502,509,0,0
19.18,12,1,1,1,1,502,0,498,508,0,0
19.181,13,1,1,1,1,512,1,503,502,0,0
19.182,14,1,1,1,1,519,1,499,513,0,0
19.183,15,1,1,1,1,530,1,505,505,0,0
19.184,0,1,1,1,1,542,1,523,493,0,0
19.185,1,1,1,1,1,502,1,502,508,0,0
19.186,2,1,1,1,1,506,2,495,506,0,0
19.187,3,1,1,1,1,504,1,499,508,0,0
19.188,4,1,1,1,1,500,1,505,512,0,0
19.189,5,1,1,1,1,501,1,498,516,0,0
19.19,6,1,1,1,1,511,1,499,533,0,0
19.191,7,1,1,1,1,511,1,499,520,0,0
19.192,8,1,1,1,1,512,1,502,503,0,0
19.193,9,1,1,1,1,523,1,505,494,0,0
19.194,10,1,1,1,1,526,2,507,494,0,0
19.195,11,1,1,1,1,525,1,514,498,0,0
19.196,12,1,1,1,1,514,1,496,499,0,0
19.197,13,1,1,1,1,486,1,487,517,0,0
19.198,14,1,1,1,1,495,1,490,513,0,0
19.199,15,1,1,1,1,509,1,486,520,0,0
19.2,0,1,1,1,1,499,1,492,519,0,0
19.201,1,1,1,1,1,504,1,500,513,0,0
19.202,2,1,1,1,1,508,2,496,507,0,0
19.203,3,1,1,1,1,513,1,490,504,0,0
19.204,4,1,1,1,1,514,1,485,506,0,0
19.205,5,1,1,1,1,526,1,502,503,0,0
19.206,6,1,1,1,1,514,1,509,507,0,0
19.207,7,1,1,1,1,516,1,508,511,0,0
19.208,8,1,1,1,1,517,1,505,507,0,0
19.209,9,1,1,1,1,511,1,487,509,0,0
19.21,10,1,1,1,1,515,2,465,508,0,0
19.211,11,1,1,1,1,511,1,454,511,0,0
19.212,12,1,1,1,1,505,1,447,506,0,0
19.213,13,1,1,1,1,513,1,454,505,0,0
19.214,14,1,1,1,1,510,1,460,505,0,0
19.215,15,1,1,1,1,513,0,461,505,0,0
19.216,0,1,1,1,1,517,1,466,507,0,0
19.217,1,1,1,1,1,511,1,461,506,0,0
19.218,2,1,1,1,1,512,2,461,506,0,0
19.219,3,1,1,1,1,504,1,465,506,0,0
19.22,4,1,1,1,1,510,1,476,508,0,0
19.221,5,1,1,1,1,513,1,484,512,0,0
19.222,6,1,1,1,1,513,1,490,513,0,0
19.223,7,1,1,1,1,511,0,505,511,0,0
19.224,8,1,1,1,1,511,1,519,510,0,0
19.225,9,1,1,1,1,511,1,533,505,0,0
19.226,10,1,1,1,1,510,2,542,509,0,0
19.227,11,1,1,1,1,510,1,548,509,0,0
19.228,12,1,1,1,1,512,1,546,511,0,0
19.229,13,1,1,1,1,511,1,537,507,0,0
19.23,14,1,1,1,1,513,1,532,509,0,0
19.231,15,1,1,1,1,511,1,521,505,0,0
19.232,0,1,1,1,1,510,1,511,504,0,0
19.233,1,1,1,1,1,511,1,519,511,0,0
19.234,2,1,1,1,1,511,2,520,511,0,0
19.235,3,1,1,1,1,510,1,528,504,0,0
19.236,4,1,1,1,1,512,1,526,504,0,0
19.237,5,1,1,1,1,515,1,533,508,0,0
19.238,6,1,1,1,1,517,1,538,513,0,0
19.239,7,1,1,1,1,513,1,531,510,0,0
19.24,8,1,1,1,1,512,1,525,508,0,0
19.241,9,1,1,1,1,513,1,526,506,0,0
19.242,10,1,1,1,1,511,2,542,504,0,0
19.243,11,1,1,1,1,511,1,534,509,0,0
19.244,12,1,1,1,1,514,1,543,514,0,0
19.245,13,1,1,1,1,511,1,542,511,0,0
19.246,14,1,1,1,1,511,1,543,509,0,0
19.247,15,1,1,1,1,508,1,549,506,0,0
19.248,0,1,1,1,1,511,1,550,507,0,0
19.249,1,1,1,1,1,510,1,532,508,0,0
19.25,2,1,1,1,1,512,2,532,506,0,0
19.251,3,1,1,1,1,514,1,527,503,0,0
19.252,4,1,1,1,1,513,1,526,501,0,0
19.253,5,1,1,1,1,498,1,536,501,0,0
19.254,6,1,1,1,1,505,1,529,507,0,0
19.255,7,1,1,1,1,503,1,525,518,0,0
19.256,8,1,1,1,1,505,1,513,536,0,0
19.257,9,1,1,1,1,512,1,508,514,0,0
19.258,10,1,1,1,1,527,1,529,510,0,0
19.259,11,1,1,1,1,526,1,512,503,0,0
19.26,12,1,1,1,1,514,1,498,501,0,0
19.261,13,1,1,1,1,511,1,497,506,0,0
19.262,14,1,1,1,1,511,1,505,505,0,0
19.263,15,1,1,1,1,511,1,512,508,0,0
19.264,0,1,1,1,1,512,1,519,505,0,0
19.265,1,1,1,1,1,513,1,516,507,0,0
19.266,2,1,1,1,1,514,1,517,511,0,0
19.267,3,1,1,1,1,511,1,524,509,0,0
19.268,4,1,1,1,1,513,1,517,508,0,0
19.269,5,1,1,1,1,512,1,502,504,0,0
19.27,6,1,1,1,1,513,1,493,501,0,0
19.271,7,1,1,1,1,511,1,494,504,0,0
19.272,8,1,1,1,1,516,1,496,504,0,0
19.273,9,1,1,1,1,515,1,495,504,0,0
19.274,10,1,1,1,1,511,2,482,500,0,0
19.275,11,1,1,1,1,504,1,477,504,0,0
19.276,12,1,1,1,1,508,1,486,510,0,0
19.277,13,1,1,1,1,510,1,495,510,0,0
19.278,14,1,1,1,1,504,1,504,522,0,0
19.279,15,1,1,1,1,504,1,511,533,0,0
19.28,0,1,1,1,1,507,1,515,527,0,0
19.281,1,1,1,1,1,513,1,511,512,0,0
19.282,2,1,1,1,1,516,2,506,512,0,0
19.283,3,1,1,1,1,516,1,508,512,0,0
19.284,4,1,1,1,1,513,1,507,501,0,0
19.285,5,1,1,1,1,507,1,505,502,0,0
19.286,6,1,1,1,1,508,1,509,491,0,0
19.287,7,1,1,1,1,511,1,513,493,0,0
19.288,8,1,1,1,1,500,1,529,513,0,0
19.289,9,1,1,1,1,518,1,542,511,0,0
19.29,10,1,1,1,1,529,2,544,509,0,0
19.291,11,1,1,1,1,510,1,525,523,0,0
19.292,12,1,1,1,1,502,1,513,515,0,0
19.293,13,1,1,1,1,505,1,515,502,0,0
19.294,14,1,1,1,1,509,1,521,499,0,0
19.295,15,1,1,1,1,512,1,521,499,0,0
19.296,0,1,1,1,1,517,1,520,500,0,0
19.297,1,1,1,1,1,519,1,519,504,0,0
19.298,2,1,1,1,1,515,2,510,508,0,0
19.299,3,1,1,1,1,512,1,511,508,0,0
19.3,4,1,1,1,1,513,1,511,518,0,0
19.301,5,1,1,1,1,510,1,509,531,0,0
19.302,6,1,1,1,1,509,1,500,524,0,0
19.303,7,1,1,1,1,509,0,509,510,0,0
19.304,8,1,1,1,1,511,1,527,502,0,0
19.305,9,1,1,1,1,513,1,527,503,0,0
19.306,10,1,1,1,1,511,2,523,505,0,0
19.307,11,1,1,1,1,511,1,523,510,0,0
19.308,12,1,1,1,1,509,1,535,507,0,0
19.309,13,1,1,1,1,510,1,538,508,0,0
19.31,14,1,1,1,1,512,1,580,508,0,0
19.311,15,1,1,1,1,511,0,574,509,0,0
19.312,0,1,1,1,1,512,1,553,509,0,0
19.313,1,1,1,1,1,516,1,535,510,0,0
19.314,2,1,1,1,1,516,2,530,510,0,0
19.315,3,1,1,1,1,509,1,519,507,0,0
19.316,4,1,1,1,1,500,1,516,503,0,0
19.317,5,1,1,1,1,498,1,524,504,0,0
19.318,6,1,1,1,1,500,1,527,497,0,0
19.319,7,1,1,1,1,510,1,521,499,0,0
19.32,8,1,1,1,1,531,1,528,502,0,0
19.321,9,1,1,1,1,516,1,526,503,0,0
19.322,10,1,1,1,1,522,2,547,509,0,0
19.323,11,1,1,1,1,523,1,518,512,0,0
19.324,12,1,1,1,1,513,1,510,510,0,0
19.325,13,1,1,1,1,510,1,499,510,0,0
19.326,14,1,1,1,1,510,1,495,514,0,0
19.327,15,1,1,1,1,512,1,492,510,0,0
19.328,0,1,1,1,1,509,1,502,510,0,0
19.329,1,1,1,1,1,511,1,508,509,0,0
19.33,2,1,1,1,1,511,2,501,509,0,0
19.331,3,1,1,1,1,510,1,509,508,0,0
19.332,4,1,1,1,1,511,1,510,512,0,0
19.333,5,1,1,1,1,515,1,517,512,0,0
19.334,6,1,1,1,1,518,1,517,508,0,0
19.335,7,1,1,1,1,515,1,505,508,0,0
19.336,8,1,1,1,1,507,1,512,515,0,0
19.337,9,1,1,1,1,503,1,504,511,0,0
19.338,10,1,1,1,1,498,2,508,510,0,0
19.339,11,1,1,1,1,495,1,522,506,0,0
19.34,12,1,1,1,1,533,0,514,511,0,0
19.341,13,1,1,1,1,516,1,496,513,0,0
19.342,14,1,1,1,1,498,1,484,510,0,0
19.343,15,1,1,1,1,514,1,495,511,0,0
19.344,0,1,1,1,1,519,1,509,503,0,0
19.345,1,1,1,1,1,494,1,502,495,0,0
19.346,2,1,1,1,1,496,1,493,497,0,0
19.347,3,1,1,1,1,516,1,484,502,0,0
19.348,4,1,1,1,1,513,0,480,504,0,0
19.349,5,1,1,1,1,516,1,477,504,0,0
19.35,6,1,1,1,1,507,1,484,523,0,0
19.351,7,1,1,1,1,514,1,484,519,0,0
19.352,8,1,1,1,1,523,1,494,514,0,0
19.353,9,1,1,1,1,518,1,496,510,0,0
19.354,10,1,1,1,1,510,2,499,502,0,0
19.355,11,1,1,1,1,511,1,503,504,0,0
19.356,12,1,1,1,1,513,0,489,508,0,0
19.357,13,1,1,1,1,514,1,449,505,0,0
19.358,14,1,1,1,1,517,1,451,509,0,0
19.359,15,1,1,1,1,515,1,443,510,0,0
19.36,0,1,1,1,1,513,1,438,506,0,0
19.361,1,1,1,1,1,506,1,457,509,0,0
19.362,2,1,1,1,1,507,1,467,494,0,0
19.363,3,1,1,1,1,511,1,464,499,0,0
19.364,4,1,1,1,1,504,1,455,508,0,0
19.365,5,1,1,1,1,508,1,465,512,0,0
19.366,6,1,1,1,1,510,1,481,515,0,0
19.367,7,1,1,1,1,512,1,500,518,0,0
19.368,8,1,1,1,1,523,1,528,517,0,0
19.369,9,1,1,1,1,520,1,542,528,0,0
19.37,10,1,1,1,1,511,1,539,532,0,0
19.371,11,1,1,1,1,510,1,545,514,0,0
19.372,12,1,1,1,1,508,1,542,507,0,0
19.373,13,1,1,1,1,510,1,543,504,0,0
19.374,14,1,1,1,1,512,1,542,500,0,0
19.375,15,1,1,1,1,512,1,547,500,0,0
19.376,0,1,1,1,1,511,1,546,503,0,0
19.377,1,1,1,1,1,511,1,560,507,0,0
19.378,2,1,1,1,1,512,1,539,501,0,0
19.379,3,1,1,1,1,512,1,519,505,0,0
19.38,4,1,1,1,1,513,1,510,505,0,0
19.381,5,1,1,1,1,512,1,507,506,0,0
19.382,6,1,1,1,1,509,1,506,504,0,0
19.383,7,1,1,1,1,507,1,506,507,0,0
19.384,8,1,1,1,1,508,1,512,508,0,0
19.385,9,1,1,1,1,513,1,520,510,0,0
19.386,10,1,1,1,1,516,2,515,505,0,0
19.387,11,1,1,1,1,515,1,536,499,0,0
19.388,12,1,1,1,1,512,0,528,498,0,0
19.389,13,1,1,1,1,497,1,487,504,0,0
19.39,14,1,1,1,1,508,1,497,505,0,0
19.391,15,1,1,1,1,515,1,510,511,0,0
19.392,0,1,1,1,1,517,1,524,509,0,0
19.393,1,1,1,1,1,520,1,515,514,0,0
19.394,2,1,1,1,1,517,2,513,518,0,0
19.395,3,1,1,1,1,513,1,518,519,0,0
19.396,4,1,1,1,1,512,0,515,515,0,0
19.397,5,1,1,1,1,511,1,504,513,0,0
19.398,6,1,1,1,1,507,1,491,508,0,0
19.399,7,1,1,1,1,505,1,454,508,0,0
19.4,8,1,1,1,1,507,1,453,512,0,0
19.401,9,1,1,1,1,507,1,469,522,0,0
19.402,10,1,1,1,1,508,2,462,513,0,0
19.403,11,1,1,1,1,512,1,458,506,0,0
19.404,12,1,1,1,1,520,0,492,506,0,0
19.405,13,1,1,1,1,517,1,460,510,0,0
19.406,14,1,1,1,1,515,1,448,504,0,0
19.407,15,1,1,1,1,510,1,456,503,0,0
19.408,0,1,1,1,1,509,1,483,508,0,0
19.409,1,1,1,1,1,511,1,508,505,0,0
19.41,2,1,1,1,1,508,2,518,503,0,0
19.411,3,1,1,1,1,507,1,530,505,0,0
19.412,4,1,1,1,1,509,1,533,506,0,0
19.413,5,1,1,1,1,507,1,542,507,0,0
19.414,6,1,1,1,1,510,1,538,508,0,0
19.415,7,1,1,1,1,513,1,530,512,0,0
19.416,8,1,1,1,1,515,1,529,511,0,0
19.417,9,1,1,1,1,512,1,531,507,0,0
19.418,10,1,1,1,1,512,2,527,508,0,0
19.419,11,1,1,1,1,511,1,527,504,0,0
19.42,12,1,1,1,1,513,1,520,503,0,0
19.421,13,1,1,1,1,510,1,518,505,0,0
19.422,14,1,1,1,1,511,1,519,510,0,0
19.423,15,1,1,1,1,514,1,533,512,0,0
19.424,0,1,1,1,1,512,1,531,510,0,0
19.425,1,1,1,1,1,511,1,519,512,0,0
19.426,2,1,1,1,1,512,2,519,513,0,0
19.427,3,1,1,1,1,511,1,526,510,0,0
19.428,4,1,1,1,1,511,1,523,508,0,0
19.429,5,1,1,1,1,511,1,530,509,0,0
19.43,6,1,1,1,1,511,1,526,504,0,0
19.431,7,1,1,1,1,512,0,515,501,0,0
19.432,8,1,1,1,1,511,1,519,501,0,0
19.433,9,1,1,1,1,508,1,517,506,0,0
19.434,10,1,1,1,1,505,2,417,516,0,0
19.435,11,1,1,1,1,507,1,408,515,0,0
19.436,12,1,1,1,1,507,1,426,512,0,0
19.437,13,1,1,1,1,513,1,461,509,0,0
19.438,14,1,1,1,1,539,1,479,504,0,0
19.439,15,1,1,1,1,495,0,472,513,0,0
19.44,0,1,1,1,1,508,1,488,511,0,0
19.441,1,1,1,1,1,533,1,522,511,0,0
19.442,2,1,1,1,1,521,2,514,493,0,0
19.443,3,1,1,1,1,527,1,508,492,0,0
19.444,4,1,1,1,1,515,1,509,503,0,0
19.445,5,1,1,1,1,503,1,524,515,0,0
19.446,6,1,1,1,1,496,1,531,513,0,0
19.447,7,1,1,1,1,509,0,528,524,0,0
19.448,8,1,1,1,1,511,1,525,514,0,0
19.449,9,1,1,1,1,496,1,517,503,0,0
19.45,10,1,1,1,1,512,2,520,513,0,0
19.451,11,1,1,1,1,511,1,524,508,0,0
19.452,12,1,1,1,1,512,1,526,505,0,0
19.453,13,1,1,1,1,512,1,531,506,0,0
19.454,14,1,1,1,1,510,1,536,507,0,0
19.455,15,1,1,1,1,508,1,529,508,0,0
19.456,0,1,1,1,1,511,1,518,514,0,0
19.457,1,1,1,1,1,516,1,514,503,0,0
19.458,2,1,1,1,1,511,2,517,499,0,0
19.459,3,1,1,1,1,507,1,508,506,0,0
19.46,4,1,1,1,1,516,1,511,514,0,0
19.461,5,1,1,1,1,516,1,512,516,0,0
19.462,6,1,1,1,1,521,1,519,539,0,0
19.463,7,1,1,1,1,516,1,529,524,0,0
19.464,8,1,1,1,1,514,1,548,504,0,0
19.465,9,1,1,1,1,515,1,539,489,0,0
19.466,10,1,1,1,1,505,2,532,494,0,0
19.467,11,1,1,1,1,508,1,527,521,0,0
19.468,12,1,1,1,1,507,1,529,515,0,0
19.469,13,1,1,1,1,498,1,536,495,0,0
19.47,14,1,1,1,1,511,1,527,496,0,0
19.471,15,1,1,1,1,510,1,529,506,0,0
19.472,0,1,1,1,1,511,1,536,499,0,0
19.473,1,1,1,1,1,507,1,524,503,0,0
19.474,2,1,1,1,1,507,1,527,503,0,0
19.475,3,1,1,1,1,506,1,511,502,0,0
19.476,4,1,1,1,1,504,1,505,504,0,0
19.477,5,1,1,1,1,513,1,507,510,0,0
19.478,6,1,1,1,1,517,1,473,512,0,0
19.479,7,1,1,1,1,518,1,465,515,0,0
19.48,8,1,1,1,1,516,1,468,522,0,0
19.481,9,1,1,1,1,513,1,479,519,0,0
19.482,10,1,1,1,1,511,1,483,519,0,0
19.483,11,1,1,1,1,508,1,498,519,0,0
19.484,12,1,1,1,1,511,1,508,515,0,0
19.485,13,1,1,1,1,513,1,499,509,0,0
19.486,14,1,1,1,1,513,1,483,505,0,0
19.487,15,1,1,1,1,513,1,478,504,0,0
19.488,0,1,1,1,1,514,1,478,506,0,0
19.489,1,1,1,1,1,512,1,471,502,0,0
19.49,2,1,1,1,1,512,1,465,504,0,0
19.491,3,1,1,1,1,512,1,484,506,0,0
19.492,4,1,1,1,1,507,1,485,508,0,0
19.493,5,1,1,1,1,510,1,498,510,0,0
19.494,6,1,1,1,1,507,1,505,511,0,0
19.495,7,1,1,1,1,510,1,504,511,0,0
19.496,8,1,1,1,1,513,1,499,504,0,0
19.497,9,1,1,1,1,518,1,493,503,0,0
19.498,10,1,1,1,1,518,2,504,505,0,0
19.499,11,1,1,1,1,512,1,516,506,0,0
19.5,12,1,1,1,1,512,1,531,504,0,0
19.501,13,1,1,1,1,514,1,533,505,0,0
19.502,14,1,1,1,1,515,1,534,507,0,0
19.503,15,1,1,1,1,505,1,532,509,0,0
19.504,0,1,1,1,1,515,1,523,507,0,0
19.505,1,1,1,1,1,519,1,537,506,0,0
19.506,2,1,1,1,1,504,2,535,504,0,0
19.507,3,1,1,1,1,516,1,536,508,0,0
19.508,4,1,1,1,1,511,1,543,512,0,0
19.509,5,1,1,1,1,509,1,549,507,0,0
19.51,6,1,1,1,1,508,1,556,517,0,0
19.511,7,1,1,1,1,502,1,546,513,0,0
19.512,8,1,1,1,1,499,1,538,515,0,0
19.513,9,1,1,1,1,516,1,536,512,0,0
19.514,10,1,1,1,1,518,2,531,511,0,0
19.515,11,1,1,1,1,514,1,531,507,0,0
19.516,12,1,1,1,1,512,1,518,507,0,0
19.517,13,1,1,1,1,514,1,506,504,0,0
19.518,14,1,1,1,1,511,1,495,503,0,0
19.519,15,1,1,1,1,509,0,492,504,0,0
19.52,0,1,1,1,1,509,1,489,511,0,0
19.521,1,1,1,1,1,516,1,487,511,0,0
19.522,2,1,1,1,1,512,2,479,508,0,0
19.523,3,1,1,1,1,511,1,474,510,0,0
19.524,4,1,1,1,1,513,1,394,511,0,0
19.525,5,1,1,1,1,513,1,0,516,0,0
19.526,6,1,1,1,1,510,1,0,514,0,0
19.527,7,1,1,1,1,512,0,0,510,0,0
19.528,8,1,1,1,1,515,1,0,504,0,0
19.529,9,1,1,1,1,516,1,0,504,0,0
19.53,10,1,1,1,1,512,2,0,501,0,0
19.531,11,1,1,1,1,507,1,34,502,0,0
19.532,12,1,1,1,1,504,1,159,501,0,0
19.533,13,1,1,1,1,511,1,272,512,0,0
19.534,14,1,1,1,1,515,1,379,526,0,0
19.535,15,1,1,1,1,510,0,447,518,0,0
19.536,0,1,1,1,1,511,1,497,505,0,0
19.537,1,1,1,1,1,512,1,546,502,0,0
19.538,2,1,1,1,1,512,2,586,502,0,0
19.539,3,1,1,1,1,512,1,623,502,0,0
19.54,4,1,1,1,1,510,1,643,505,0,0
19.541,5,1,1,1,1,513,1,674,508,0,0
19.542,6,1,1,1,1,514,1,691,509,0,0
19.543,7,1,1,1,1,512,1,698,506,0,0
19.544,8,1,1,1,1,506,1,692,513,0,0
19.545,9,1,1,1,1,498,1,705,510,0,0
19.546,10,1,1,1,1,512,2,711,508,0,0
19.547,11,1,1,1,1,521,1,705,505,0,0
19.548,12,1,1,1,1,527,1,706,511,0,0
19.549,13,1,1,1,1,543,1,703,503,0,0
19.55,14,1,1,1,1,502,1,685,502,0,0
19.551,15,1,1,1,1,479,1,675,524,0,0
19.552,0,1,1,1,1,509,1,672,532,0,0
19.553,1,1,1,1,1,515,1,664,508,0,0
19.554,2,1,1,1,1,512,2,659,492,0,0
19.555,3,1,1,1,1,509,1,667,502,0,0
19.556,4,1,1,1,1,513,1,666,508,0,0
19.557,5,1,1,1,1,516,1,651,508,0,0
19.558,6,1,1,1,1,512,1,643,508,0,0
19.559,7,1,1,1,1,510,1,633,503,0,0
19.56,8,1,1,1,1,510,1,623,504,0,0
19.561,9,1,1,1,1,512,1,619,505,0,0
19.562,10,1,1,1,1,511,2,607,505,0,0
19.563,11,1,1,1,1,515,1,602,505,0,0
19.564,12,1,1,1,1,513,0,601,502,0,0
19.565,13,1,1,1,1,510,1,602,506,0,0
19.566,14,1,1,1,1,510,1,596,510,0,0
19.567,15,1,1,1,1,509,1,589,519,0,0
19.568,0,1,1,1,1,503,1,576,529,0,0
19.569,1,1,1,1,1,507,1,573,522,0,0
19.57,2,1,1,1,1,511,2,568,515,0,0
19.571,3,1,1,1,1,513,1,567,511,0,0
19.572,4,1,1,1,1,514,0,562,506,0,0
19.573,5,1,1,1,1,511,1,561,505,0,0
19.574,6,1,1,1,1,512,1,557,507,0,0
19.575,7,1,1,1,1,513,1,559,504,0,0
19.576,8,1,1,1,1,513,1,556,507,0,0
19.577,9,1,1,1,1,514,1,562,507,0,0
19.578,10,1,1,1,1,512,2,560,508,0,0
19.579,11,1,1,1,1,512,1,601,507,0,0
19.58,12,1,1,1,1,513,1,590,508,0,0
19.581,13,1,1,1,1,511,1,573,509,0,0
19.582,14,1,1,1,1,511,1,564,507,0,0
19.583,15,1,1,1,1,510,1,563,506,0,0
19.584,0,1,1,1,1,511,1,548,506,0,0
19.585,1,1,1,1,1,513,1,539,506,0,0
19.586,2,1,1,1,1,513,1,529,506,0,0
19.587,3,1,1,1,1,513,1,529,506,0,0
19.588,4,1,1,1,1,513,1,517,507,0,0
19.589,5,1,1,1,1,512,1,520,508,0,0
19.59,6,1,1,1,1,512,1,518,507,0,0
19.591,7,1,1,1,1,511,1,516,508,0,0
19.592,8,1,1,1,1,512,1,519,510,0,0
19.593,9,1,1,1,1,512,1,524,509,0,0
19.594,10,1,1,1,1,508,1,513,508,0,0
19.595,11,1,1,1,1,512,1,515,507,0,0
19.596,12,1,1,1,1,511,1,523,508,0,0
19.597,13,1,1,1,1,513,1,528,511,0,0
19.598,14,1,1,1,1,513,1,519,511,0,0
19.599,15,1,1,1,1,510,1,518,507,0,0
19.6,0,1,1,1,1,508,1,526,507,0,0
19.601,1,1,1,1,1,525,1,536,509,0,0
19.602,2,1,1,1,1,514,2,538,508,0,0
19.603,3,1,1,1,1,509,1,529,508,0,0
19.604,4,1,1,1,1,511,0,514,513,0,0
19.605,5,1,1,1,1,508,1,514,514,0,0
19.606,6,1,1,1,1,507,1,517,506,0,0
19.607,7,1,1,1,1,505,1,519,509,0,0
19.608,8,1,1,1,1,500,1,521,509,0,0
19.609,9,1,1,1,1,511,1,527,506,0,0
19.61,10,1,1,1,1,513,2,528,507,0,0
19.611,11,1,1,1,1,512,1,527,508,0,0
19.612,12,1,1,1,1,513,0,528,508,0,0
19.613,13,1,1,1,1,511,1,526,506,0,0
19.614,14,1,1,1,1,514,1,524,509,0,0
19.615,15,1,1,1,1,512,1,523,508,0,0
19.616,0,1,1,1,1,512,1,536,505,0,0
19.617,1,1,1,1,1,513,1,527,499,0,0
19.618,2,1,1,1,1,512,2,526,498,0,0
19.619,3,1,1,1,1,513,1,517,493,0,0
19.62,4,1,1,1,1,524,0,507,498,0,0
19.621,5,1,1,1,1,521,1,500,527,0,0
19.622,6,1,1,1,1,519,1,509,534,0,0
19.623,7,1,1,1,1,492,1,513,535,0,0
19.624,8,1,1,1,1,488,1,529,515,0,0
19.625,9,1,1,1,1,492,1,512,492,0,0
19.626,10,1,1,1,1,527,2,531,508,0,0
19.627,11,1,1,1,1,521,1,531,509,0,0
19.628,12,1,1,1,1,516,1,508,505,0,0
19.629,13,1,1,1,1,512,1,504,505,0,0
19.63,14,1,1,1,1,511,1,508,502,0,0
19.631,15,1,1,1,1,511,1,508,505,0,0
19.632,0,1,1,1,1,510,1,507,507,0,0
19.633,1,1,1,1,1,511,1,509,508,0,0
19.634,2,1,1,1,1,512,2,518,508,0,0
19.635,3,1,1,1,1,511,1,521,508,0,0
19.636,4,1,1,1,1,514,1,524,510,0,0
19.637,5,1,1,1,1,512,1,525,513,0,0
19.638,6,1,1,1,1,511,1,524,513,0,0
19.639,7,1,1,1,1,503,1,516,518,0,0
19.64,8,1,1,1,1,505,1,517,513,0,0
19.641,9,1,1,1,1,508,1,512,507,0,0
19.642,10,1,1,1,1,521,2,514,507,0,0
19.643,11,1,1,1,1,539,1,521,505,0,0
19.644,12,1,1,1,1,510,1,520,505,0,0
19.645,13,1,1,1,1,510,1,521,512,0,0
19.646,14,1,1,1,1,513,1,519,516,0,0
19.647,15,1,1,1,1,510,0,522,504,0,0
19.648,0,1,1,1,1,510,1,532,503,0,0
19.649,1,1,1,1,1,503,1,524,504,0,0
19.65,2,1,1,1,1,508,2,516,507,0,0
19.651,3,1,1,1,1,510,1,495,508,0,0
19.652,4,1,1,1,1,507,1,484,508,0,0
19.653,5,1,1,1,1,518,1,502,511,0,0
19.654,6,1,1,1,1,519,1,508,505,0,0
19.655,7,1,1,1,1,515,0,514,509,0,0
19.656,8,1,1,1,1,508,1,507,508,0,0
19.657,9,1,1,1,1,491,1,508,504,0,0
19.658,10,1,1,1,1,510,2,506,510,0,0
19.659,11,1,1,1,1,519,1,502,513,0,0
19.66,12,1,1,1,1,513,1,500,508,0,0
19.661,13,1,1,1,1,512,1,498,507,0,0
19.662,14,1,1,1,1,513,1,512,508,0,0
19.663,15,1,1,1,1,511,0,511,506,0,0
19.664,0,1,1,1,1,506,1,517,506,0,0
19.665,1,1,1,1,1,505,1,512,508,0,0
19.666,2,1,1,1,1,510,2,488,510,0,0
19.667,3,1,1,1,1,511,1,451,511,0,0
19.668,4,1,1,1,1,524,1,450,503,0,0
19.669,5,1,1,1,1,523,1,466,502,0,0
19.67,6,1,1,1,1,519,1,471,508,0,0
19.671,7,1,1,1,1,507,1,477,514,0,0
19.672,8,1,1,1,1,506,1,486,509,0,0
19.673,9,1,1,1,1,513,1,493,510,0,0
19.674,10,1,1,1,1,508,2,507,513,0,0
19.675,11,1,1,1,1,505,1,510,513,0,0
19.676,12,1,1,1,1,511,1,516,511,0,0
19.677,13,1,1,1,1,512,1,520,510,0,0
19.678,14,1,1,1,1,511,1,523,504,0,0
19.679,15,1,1,1,1,510,1,519,503,0,0
19.68,0,1,1,1,1,512,1,525,506,0,0
19.681,1,1,1,1,1,511,1,533,506,0,0
19.682,2,1,1,1,1,512,2,535,505,0,0
19.683,3,1,1,1,1,509,1,551,505,0,0
19.684,4,1,1,1,1,513,1,546,507,0,0
19.685,5,1,1,1,1,512,1,538,508,0,0
19.686,6,1,1,1,1,512,1,537,506,0,0
19.687,7,1,1,1,1,510,1,527,506,0,0
19.688,8,1,1,1,1,511,1,522,507,0,0
19.689,9,1,1,1,1,511,1,516,509,0,0
19.69,10,1,1,1,1,516,1,519,511,0,0
19.691,11,1,1,1,1,516,1,515,504,0,0
19.692,12,1,1,1,1,525,1,507,503,0,0
19.693,13,1,1,1,1,526,1,508,506,0,0
19.694,14,1,1,1,1,516,1,499,506,0,0
19.695,15,1,1,1,1,504,1,496,519,0,0
19.696,0,1,1,1,1,501,1,504,545,0,0
19.697,1,1,1,1,1,486,1,528,500,0,0
19.698,2,1,1,1,1,501,1,542,496,0,0
19.699,3,1,1,1,1,519,1,549,508,0,0
19.7,4,1,1,1,1,511,1,541,508,0,0
19.701,5,1,1,1,1,507,1,539,531,0,0
19.702,6,1,1,1,1,508,1,530,513,0,0
19.703,7,1,1,1,1,511,1,529,506,0,0
19.704,8,1,1,1,1,514,1,531,505,0,0
19.705,9,1,1,1,1,513,1,514,505,0,0
19.706,10,1,1,1,1,513,1,507,505,0,0
19.707,11,1,1,1,1,515,1,513,504,0,0
19.708,12,1,1,1,1,513,1,508,503,0,0
19.709,13,1,1,1,1,511,1,516,503,0,0
19.71,14,1,1,1,1,515,1,516,507,0,0
19.711,15,1,1,1,1,513,1,520,505,0,0
19.712,0,1,1,1,1,511,1,534,508,0,0
19.713,1,1,1,1,1,512,1,519,508,0,0
19.714,2,1,1,1,1,509,2,514,509,0,0
19.715,3,1,1,1,1,510,1,510,510,0,0
19.716,4,1,1,1,1,508,1,520,505,0,0
19.717,5,1,1,1,1,510,1,534,508,0,0
19.718,6,1,1,1,1,517,1,528,508,0,0
19.719,7,1,1,1,1,518,1,511,513,0,0
19.72,8,1,1,1,1,514,1,504,512,0,0
19.721,9,1,1,1,1,519,1,505,521,0,0
19.722,10,1,1,1,1,519,2,512,516,0,0
19.723,11,1,1,1,1,503,1,503,509,0,0
19.724,12,1,1,1,1,501,1,512,500,0,0
19.725,13,1,1,1,1,521,1,530,486,0,0
19.726,14,1,1,1,1,500,1,509,495,0,0
19.727,15,1,1,1,1,508,1,491,522,0,0
19.728,0,1,1,1,1,509,1,495,519,0,0
19.729,1,1,1,1,1,510,1,504,512,0,0
19.73,2,1,1,1,1,512,2,508,508,0,0
19.731,3,1,1,1,1,513,1,497,508,0,0
19.732,4,1,1,1,1,514,1,498,507,0,0
19.733,5,1,1,1,1,512,1,498,506,0,0
19.734,6,1,1,1,1,512,1,512,506,0,0
19.735,7,1,1,1,1,512,0,510,505,0,0
19.736,8,1,1,1,1,513,1,508,503,0,0
19.737,9,1,1,1,1,510,1,513,508,0,0
19.738,10,1,1,1,1,509,2,519,507,0,0
19.739,11,1,1,1,1,512,1,527,506,0,0
19.74,12,1,1,1,1,512,1,525,501,0,0
19.741,13,1,1,1,1,512,1,522,511,0,0
19.742,14,1,1,1,1,511,1,522,514,0,0
19.743,15,1,1,1,1,512,0,523,521,0,0
19.744,0,1,1,1,1,511,1,528,515,0,0
19.745,1,1,1,1,1,510,1,528,512,0,0
19.746,2,1,1,1,1,513,2,536,508,0,0
19.747,3,1,1,1,1,512,1,539,507,0,0
19.748,4,1,1,1,1,517,1,539,507,0,0
19.749,5,1,1,1,1,521,1,534,509,0,0
19.75,6,1,1,1,1,518,1,525,506,0,0
19.751,7,1,1,1,1,510,0,525,512,0,0
19.752,8,1,1,1,1,506,1,523,506,0,0
19.753,9,1,1,1,1,493,1,523,512,0,0
19.754,10,1,1,1,1,503,2,525,514,0,0
19.755,11,1,1,1,1,509,1,526,509,0,0
19.756,12,1,1,1,1,514,1,524,507,0,0
19.757,13,1,1,1,1,512,1,512,508,0,0
19.758,14,1,1,1,1,510,1,513,500,0,0
19.759,15,1,1,1,1,512,1,520,508,0,0
19.76,0,1,1,1,1,510,1,519,512,0,0
19.761,1,1,1,1,1,512,1,510,512,0,0
19.762,2,1,1,1,1,510,2,505,508,0,0
19.763,3,1,1,1,1,509,1,522,504,0,0
19.764,4,1,1,1,1,517,1,542,501,0,0
19.765,5,1,1,1,1,518,1,531,496,0,0
19.766,6,1,1,1,1,517,1,524,502,0,0
19.767,7,1,1,1,1,512,1,509,509,0,0
19.768,8,1,1,1,1,513,1,504,508,0,0
19.769,9,1,1,1,1,510,1,498,508,0,0
19.77,10,1,1,1,1,511,2,507,507,0,0
19.771,11,1,1,1,1,512,1,516,508,0,0
19.772,12,1,1,1,1,512,1,516,511,0,0
19.773,13,1,1,1,1,516,1,509,510,0,0
19.774,14,1,1,1,1,516,1,502,510,0,0
19.775,15,1,1,1,1,512,1,500,503,0,0
19.776,0,1,1,1,1,511,1,490,500,0,0
19.777,1,1,1,1,1,512,1,492,502,0,0
19.778,2,1,1,1,1,513,2,492,515,0,0
19.779,3,1,1,1,1,507,1,500,535,0,0
19.78,4,1,1,1,1,506,0,515,531,0,0
19.781,5,1,1,1,1,505,1,525,513,0,0
19.782,6,1,1,1,1,506,1,534,504,0,0
19.783,7,1,1,1,1,507,1,521,504,0,0
19.784,8,1,1,1,1,519,1,511,504,0,0
19.785,9,1,1,1,1,525,1,508,503,0,0
19.786,10,1,1,1,1,511,2,517,514,0,0
19.787,11,1,1,1,1,512,1,516,505,0,0
19.788,12,1,1,1,1,517,0,518,497,0,0
19.789,13,1,1,1,1,498,1,506,497,0,0
19.79,14,1,1,1,1,514,1,502,501,0,0
19.791,15,1,1,1,1,513,1,493,510,0,0
19.792,0,1,1,1,1,511,1,504,527,0,0
19.793,1,1,1,1,1,511,1,503,514,0,0
19.794,2,1,1,1,1,502,2,503,505,0,0
19.795,3,1,1,1,1,511,1,506,511,0,0
19.796,4,1,1,1,1,518,0,511,512,0,0
19.797,5,1,1,1,1,512,1,511,508,0,0
19.798,6,1,1,1,1,512,1,516,508,0,0
19.799,7,1,1,1,1,511,1,519,506,0,0
19.8,8,1,1,1,1,511,1,508,507,0,0
19.801,9,1,1,1,1,510,1,496,508,0,0
19.802,10,1,1,1,1,505,1,487,509,0,0
19.803,11,1,1,1,1,513,1,495,514,0,0
19.804,12,1,1,1,1,519,1,497,510,0,0
19.805,13,1,1,1,1,517,1,506,512,0,0
19.806,14,1,1,1,1,526,1,515,502,0,0
19.807,15,1,1,1,1,512,1,534,499,0,0
19.808,0,1,1,1,1,516,1,529,502,0,0
19.809,1,1,1,1,1,508,1,496,514,0,0
19.81,2,1,1,1,1,492,1,486,515,0,0
19.811,3,1,1,1,1,509,1,504,510,0,0
19.812,4,1,1,1,1,518,1,519,520,0,0
19.813,5,1,1,1,1,522,1,514,512,0,0
19.814,6,1,1,1,1,516,1,508,508,0,0
19.815,7,1,1,1,1,507,1,511,504,0,0
19.816,8,1,1,1,1,493,1,508,504,0,0
19.817,9,1,1,1,1,513,1,509,505,0,0
19.818,10,1,1,1,1,522,1,519,504,0,0
19.819,11,1,1,1,1,511,1,515,502,0,0
19.82,12,1,1,1,1,490,0,497,503,0,0
19.821,13,1,1,1,1,486,1,507,503,0,0
19.822,14,1,1,1,1,504,1,507,506,0,0
19.823,15,1,1,1,1,520,1,500,510,0,0
19.824,0,1,1,1,1,518,1,511,509,0,0
19.825,1,1,1,1,1,514,1,508,511,0,0
19.826,2,1,1,1,1,517,2,505,510,0,0
19.827,3,1,1,1,1,515,1,505,508,0,0
19.828,4,1,1,1,1,516,0,511,507,0,0
19.829,5,1,1,1,1,516,1,515,508,0,0
19.83,6,1,1,1,1,515,1,513,508,0,0
19.831,7,1,1,1,1,514,1,514,509,0,0
19.832,8,1,1,1,1,512,1,522,510,0,0
19.833,9,1,1,1,1,511,1,529,508,0,0
19.834,10,1,1,1,1,512,2,535,509,0,0
19.835,11,1,1,1,1,512,1,525,511,0,0
19.836,12,1,1,1,1,511,0,525,512,0,0
19.837,13,1,1,1,1,509,1,518,512,0,0
19.838,14,1,1,1,1,508,1,515,509,0,0
19.839,15,1,1,1,1,508,1,504,509,0,0
19.84,0,1,1,1,1,511,1,510,507,0,0
19.841,1,1,1,1,1,508,1,566,506,0,0
19.842,2,1,1,1,1,511,2,559,509,0,0
19.843,3,1,1,1,1,515,1,540,527,0,0
19.844,4,1,1,1,1,512,1,521,517,0,0
19.845,5,1,1,1,1,513,1,516,517,0,0
19.846,6,1,1,1,1,516,1,516,516,0,0
19.847,7,1,1,1,1,514,1,525,506,0,0
19.848,8,1,1,1,1,511,1,534,499,0,0
19.849,9,1,1,1,1,512,1,522,498,0,0
19.85,10,1,1,1,1,510,2,519,497,0,0
19.851,11,1,1,1,1,511,1,523,512,0,0
19.852,12,1,1,1,1,511,1,520,533,0,0
19.853,13,1,1,1,1,509,1,507,513,0,0
19.854,14,1,1,1,1,509,1,503,505,0,0
19.855,15,1,1,1,1,517,1,508,502,0,0
19.856,0,1,1,1,1,513,1,500,499,0,0
19.857,1,1,1,1,1,514,1,496,504,0,0
19.858,2,1,1,1,1,513,2,493,506,0,0
19.859,3,1,1,1,1,516,1,514,507,0,0
19.86,4,1,1,1,1,512,1,504,504,0,0
19.861,5,1,1,1,1,511,1,491,507,0,0
19.862,6,1,1,1,1,511,1,493,505,0,0
19.863,7,1,1,1,1,510,1,497,506,0,0
19.864,8,1,1,1,1,509,1,498,507,0,0
19.865,9,1,1,1,1,510,1,502,506,0,0
19.866,10,1,1,1,1,511,2,502,511,0,0
19.867,11,1,1,1,1,510,1,496,512,0,0
19.868,12,1,1,1,1,514,1,495,510,0,0
19.869,13,1,1,1,1,510,1,490,504,0,0
19.87,14,1,1,1,1,507,1,501,503,0,0
19.871,15,1,1,1,1,498,0,499,495,0,0
19.872,0,1,1,1,1,492,1,505,504,0,0
19.873,1,1,1,1,1,540,1,507,531,0,0
19.874,2,1,1,1,1,531,2,499,508,0,0
19.875,3,1,1,1,1,516,1,503,505,0,0
19.876,4,1,1,1,1,510,1,505,505,0,0
19.877,5,1,1,1,1,511,1,515,512,0,0
19.878,6,1,1,1,1,511,1,524,522,0,0
19.879,7,1,1,1,1,511,0,519,521,0,0
19.88,8,1,1,1,1,505,1,526,506,0,0
19.881,9,1,1,1,1,507,1,521,497,0,0
19.882,10,1,1,1,1,506,2,518,501,0,0
19.883,11,1,1,1,1,507,1,522,503,0,0
19.884,12,1,1,1,1,510,1,521,506,0,0
19.885,13,1,1,1,1,510,1,522,507,0,0
19.886,14,1,1,1,1,511,1,528,512,0,0
19.887,15,1,1,1,1,516,1,542,504,0,0
19.888,0,1,1,1,1,511,1,547,511,0,0
19.889,1,1,1,1,1,509,1,535,509,0,0
19.89,2,1,1,1,1,517,2,521,511,0,0
19.891,3,1,1,1,1,523,1,522,512,0,0
19.892,4,1,1,1,1,518,1,516,512,0,0
19.893,5,1,1,1,1,507,1,513,512,0,0
19.894,6,1,1,1,1,501,1,517,508,0,0
19.895,7,1,1,1,1,510,1,525,504,0,0
19.896,8,1,1,1,1,508,1,516,510,0,0
19.897,9,1,1,1,1,502,1,512,510,0,0
19.898,10,1,1,1,1,503,2,515,510,0,0
19.899,11,1,1,1,1,509,1,517,513,0,0
19.9,12,1,1,1,1,513,1,511,515,0,0
19.901,13,1,1,1,1,512,1,519,512,0,0
19.902,14,1,1,1,1,531,1,515,498,0,0
19.903,15,1,1,1,1,519,1,515,488,0,0
19.904,0,1,1,1,1,503,1,488,490,0,0
19.905,1,1,1,1,1,531,1,482,499,0,0
19.906,2,1,1,1,1,518,2,462,513,0,0
19.907,3,1,1,1,1,504,1,457,519,0,0
19.908,4,1,1,1,1,490,1,459,516,0,0
19.909,5,1,1,1,1,487,1,483,515,0,0
19.91,6,1,1,1,1,498,1,504,514,0,0
19.911,7,1,1,1,1,506,1,487,510,0,0
19.912,8,1,1,1,1,520,1,492,516,0,0
19.913,9,1,1,1,1,539,1,495,521,0,0
19.914,10,1,1,1,1,511,1,486,492,0,0
19.915,11,1,1,1,1,530,1,497,489,0,0
19.916,12,1,1,1,1,521,1,502,507,0,0
19.917,13,1,1,1,1,517,1,519,510,0,0
19.918,14,1,1,1,1,524,1,513,511,0,0
19.919,15,1,1,1,1,521,1,504,510,0,0
19.92,0,1,1,1,1,516,1,504,510,0,0
19.921,1,1,1,1,1,508,1,505,519,0,0
19.922,2,1,1,1,1,498,1,502,512,0,0
19.923,3,1,1,1,1,505,1,504,500,0,0
19.924,4,1,1,1,1,496,1,513,500,0,0
19.925,5,1,1,1,1,496,1,520,504,0,0
19.926,6,1,1,1,1,506,1,524,507,0,0
19.927,7,1,1,1,1,509,1,521,512,0,0
19.928,8,1,1,1,1,521,1,526,509,0,0
19.929,9,1,1,1,1,508,1,535,514,0,0
19.93,10,1,1,1,1,516,2,547,523,0,0
19.931,11,1,1,1,1,523,1,539,511,0,0
19.932,12,1,1,1,1,507,1,519,504,0,0
19.933,13,1,1,1,1,509,1,519,510,0,0
19.934,14,1,1,1,1,512,1,522,508,0,0
19.935,15,1,1,1,1,510,1,526,502,0,0
19.936,0,1,1,1,1,507,1,536,502,0,0
19.937,1,1,1,1,1,507,1,537,505,0,0
19.938,2,1,1,1,1,512,2,531,506,0,0
19.939,3,1,1,1,1,509,1,525,502,0,0
19.94,4,1,1,1,1,511,1,528,504,0,0
19.941,5,1,1,1,1,511,1,534,509,0,0
19.942,6,1,1,1,1,515,1,561,521,0,0
19.943,7,1,1,1,1,521,1,565,520,0,0
19.944,8,1,1,1,1,513,1,544,513,0,0
19.945,9,1,1,1,1,512,1,531,511,0,0
19.946,10,1,1,1,1,511,2,516,513,0,0
19.947,11,1,1,1,1,511,1,507,509,0,0
19.948,12,1,1,1,1,510,1,509,507,0,0
19.949,13,1,1,1,1,512,1,519,505,0,0
19.95,14,1,1,1,1,511,1,528,506,0,0
19.951,15,1,1,1,1,510,0,533,507,0,0
19.952,0,1,1,1,1,510,1,520,505,0,0
19.953,1,1,1,1,1,510,1,513,507,0,0
19.954,2,1,1,1,1,511,2,511,508,0,0
19.955,3,1,1,1,1,512,1,511,509,0,0
19.956,4,1,1,1,1,511,1,514,508,0,0
19.957,5,1,1,1,1,511,1,506,509,0,0
19.958,6,1,1,1,1,513,1,508,507,0,0
19.959,7,1,1,1,1,513,0,510,508,0,0
19.96,8,1,1,1,1,510,1,508,506,0,0
19.961,9,1,1,1,1,510,1,512,504,0,0
19.962,10,1,1,1,1,511,2,515,505,0,0
19.963,11,1,1,1,1,511,1,516,506,0,0
19.964,12,1,1,1,1,513,1,513,508,0,0
19.965,13,1,1,1,1,511,1,504,504,0,0
19.966,14,1,1,1,1,511,1,504,504,0,0
19.967,15,1,1,1,1,512,0,499,511,0,0
19.968,0,1,1,1,1,512,1,490,511,0,0
19.969,1,1,1,1,1,511,1,494,509,0,0
19.97,2,1,1,1,1,512,2,497,508,0,0
19.971,3,1,1,1,1,511,1,504,510,0,0
19.972,4,1,1,1,1,512,1,510,511,0,0
19.973,5,1,1,1,1,512,1,504,512,0,0
19.974,6,1,1,1,1,513,1,511,508,0,0
19.975,7,1,1,1,1,514,1,512,509,0,0
19.976,8,1,1,1,1,511,1,521,508,0,0
19.977,9,1,1,1,1,508,1,515,506,0,0
19.978,10,1,1,1,1,510,2,520,508,0,0
19.979,11,1,1,1,1,517,1,525,513,0,0
19.98,12,1,1,1,1,514,1,517,512,0,0
19.981,13,1,1,1,1,509,1,510,509,0,0
19.982,14,1,1,1,1,510,1,503,508,0,0
19.983,15,1,1,1,1,511,1,506,508,0,0
19.984,0,1,1,1,1,512,1,509,507,0,0
19.985,1,1,1,1,1,513,1,503,506,0,0
19.986,2,1,1,1,1,508,2,502,506,0,0
19.987,3,1,1,1,1,510,1,498,505,0,0
19.988,4,1,1,1,1,507,1,489,501,0,0
19.989,5,1,1,1,1,509,1,499,503,0,0
19.99,6,1,1,1,1,512,1,505,505,0,0
19.991,7,1,1,1,1,511,1,512,508,0,0
19.992,8,1,1,1,1,510,1,511,506,0,0
19.993,9,1,1,1,1,512,1,516,512,0,0
19.994,10,1,1,1,1,517,2,515,522,0,0
19.995,11,1,1,1,1,520,1,519,519,0,0
19.996,12,1,1,1,1,514,0,524,513,0,0
19.997,13,1,1,1,1,512,1,526,512,0,0
19.998,14,1,1,1,1,513,1,516,510,0,0
19.999,15,1,1,1,1,511,1,526,507,0,0
20.0,0,1,1,1,1,509,1,549,507,0,0
20.001,1,1,1,1,1,509,1,567,508,0,0
20.002,2,1,1,1,1,512,2,589,511,0,0
20.003,3,1,1,1,1,513,1,590,509,0,0
20.004,4,1,1,1,1,510,0,583,506,0,0
20.005,5,1,1,1,1,511,1,579,507,0,0
20.006,6,1,1,1,1,512,1,568,506,0,0
20.007,7,1,1,1,1,513,1,564,508,0,0
20.008,8,1,1,1,1,510,1,543,508,0,0
20.009,9,1,1,1,1,508,1,529,506,0,0
20.01,10,1,1,1,1,511,2,512,506,0,0
20.011,11,1,1,1,1,511,1,502,506,0,0
20.012,12,1,1,1,1,511,0,491,505,0,0
20.013,13,1,1,1,1,510,1,484,507,0,0
20.014,14,1,1,1,1,513,1,477,510,0,0
20.015,15,1,1,1,1,513,1,475,507,0,0
20.016,0,1,1,1,1,511,1,471,512,0,0
20.017,1,1,1,1,1,511,1,478,511,0,0
20.018,2,1,1,1,1,508,1,475,510,0,0
20.019,3,1,1,1,1,509,1,482,510,0,0
20.02,4,1,1,1,1,510,1,487,510,0,0
20.021,5,1,1,1,1,511,1,489,508,0,0
20.022,6,1,1,1,1,510,1,491,509,0,0
20.023,7,1,1,1,1,512,1,492,507,0,0
20.024,8,1,1,1,1,513,1,494,507,0,0
20.025,9,1,1,1,1,514,1,506,509,0,0
20.026,10,1,1,1,1,510,1,519,508,0,0
20.027,11,1,1,1,1,512,1,513,510,0,0
20.028,12,1,1,1,1,511,1,505,508,0,0
20.029,13,1,1,1,1,512,1,504,505,0,0
20.03,14,1,1,1,1,511,1,504,508,0,0
20.031,15,1,1,1,1,512,1,500,508,0,0
20.032,0,1,1,1,1,510,1,496,510,0,0
20.033,1,1,1,1,1,511,1,499,508,0,0
20.034,2,1,1,1,1,512,1,504,507,0,0
20.035,3,1,1,1,1,510,1,504,508,0,0
20.036,4,1,1,1,1,510,1,498,505,0,0
20.037,5,1,1,1,1,512,1,499,505,0,0
20.038,6,1,1,1,1,515,1,494,507,0,0
20.039,7,1,1,1,1,511,1,490,510,0,0
20.04,8,1,1,1,1,513,1,495,510,0,0
20.041,9,1,1,1,1,515,1,501,512,0,0
20.042,10,1,1,1,1,512,2,499,509,0,0
20.043,11,1,1,1,1,511,1,490,510,0,0
20.044,12,1,1,1,1,512,0,494,511,0,0
20.045,13,1,1,1,1,512,1,500,510,0,0
20.046,14,1,1,1,1,510,1,506,509,0,0
20.047,15,1,1,1,1,510,1,506,508,0,0
20.048,0,1,1,1,1,510,1,502,507,0,0
20.049,1,1,1,1,1,508,1,497,506,0,0
20.05,2,1,1,1,1,511,2,504,506,0,0
20.051,3,1,1,1,1,508,1,508,509,0,0
20.052,4,1,1,1,1,511,0,508,509,0,0
20.053,5,1,1,1,1,511,1,508,508,0,0
20.054,6,1,1,1,1,513,1,507,509,0,0
20.055,7,1,1,1,1,512,1,499,508,0,0
20.056,8,1,1,1,1,510,1,499,505,0,0
20.057,9,1,1,1,1,511,1,495,506,0,0
20.058,10,1,1,1,1,512,2,496,509,0,0
20.059,11,1,1,1,1,512,1,501,510,0,0
20.06,12,1,1,1,1,513,1,499,506,0,0
20.061,13,1,1,1,1,512,1,508,508,0,0
20.062,14,1,1,1,1,512,1,509,508,0,0
20.063,15,1,1,1,1,512,1,509,511,0,0
20.064,0,1,1,1,1,511,1,508,507,0,0
20.065,1,1,1,1,1,512,1,506,508,0,0
20.066,2,1,1,1,1,510,2,518,508,0,0
20.067,3,1,1,1,1,510,1,534,510,0,0
20.068,4,1,1,1,1,512,1,530,508,0,0
20.069,5,1,1,1,1,510,1,521,509,0,0
20.07,6,1,1,1,1,512,1,514,508,0,0
20.071,7,1,1,1,1,511,1,512,509,0,0
20.072,8,1,1,1,1,511,1,517,509,0,0
20.073,9,1,1,1,1,512,1,509,507,0,0
20.074,10,1,1,1,1,512,2,508,507,0,0
20.075,11,1,1,1,1,513,1,513,506,0,0
20.076,12,1,1,1,1,512,1,516,511,0,0
20.077,13,1,1,1,1,512,1,519,509,0,0
20.078,14,1,1,1,1,511,1,519,510,0,0
20.079,15,1,1,1,1,511,1,513,511,0,0
20.08,0,1,1,1,1,513,1,509,507,0,0
20.081,1,1,1,1,1,511,1,508,509,0,0
20.082,2,1,1,1,1,512,2,503,508,0,0
20.083,3,1,1,1,1,512,1,512,508,0,0
20.084,4,1,1,1,1,511,1,511,509,0,0
20.085,5,1,1,1,1,510,1,508,508,0,0
20.086,6,1,1,1,1,510,1,505,509,0,0
20.087,7,1,1,1,1,512,0,504,509,0,0
20.088,8,1,1,1,1,512,1,504,508,0,0
20.089,9,1,1,1,1,512,1,515,509,0,0
20.09,10,1,1,1,1,511,2,519,508,0,0
20.091,11,1,1,1,1,512,1,517,508,0,0
20.092,12,1,1,1,1,512,1,514,509,0,0
20.093,13,1,1,1,1,511,1,507,509,0,0
20.094,14,1,1,1,1,512,1,504,508,0,0
20.095,15,1,1,1,1,513,0,507,510,0,0
20.096,0,1,1,1,1,510,1,505,507,0,0
20.097,1,1,1,1,1,508,1,492,508,0,0
20.098,2,1,1,1,1,511,2,492,506,0,0
20.099,3,1,1,1,1,511,1,494,510,0,0
20.1,4,1,1,1,1,512,1,488,508,0,0
20.101,5,1,1,1,1,513,1,487,508,0,0
20.102,6,1,1,1,1,512,1,487,505,0,0
20.103,7,1,1,1,1,511,0,484,508,0,0
20.104,8,1,1,1,1,511,1,479,509,0,0
20.105,9,1,1,1,1,511,1,483,508,0,0
20.106,10,1,1,1,1,510,2,487,506,0,0
20.107,11,1,1,1,1,511,1,492,507,0,0
20.108,12,1,1,1,1,511,1,503,509,0,0
20.109,13,1,1,1,1,512,1,504,513,0,0
20.11,14,1,1,1,1,512,1,493,511,0,0
20.111,15,1,1,1,1,510,1,491,509,0,0
20.112,0,1,1,1,1,511,1,500,507,0,0
20.113,1,1,1,1,1,510,1,497,504,0,0
20.114,2,1,1,1,1,510,2,505,503,0,0
20.115,3,1,1,1,1,509,1,505,503,0,0
20.116,4,1,1,1,1,510,1,504,505,0,0
20.117,5,1,1,1,1,512,1,507,510,0,0
20.118,6,1,1,1,1,510,1,510,511,0,0
20.119,7,1,1,1,1,514,1,520,515,0,0
20.12,8,1,1,1,1,517,1,515,518,0,0
20.121,9,1,1,1,1,516,1,511,519,0,0
20.122,10,1,1,1,1,519,2,513,516,0,0
20.123,11,1,1,1,1,517,1,511,512,0,0
20.124,12,1,1,1,1,511,1,506,505,0,0
20.125,13,1,1,1,1,508,1,509,505,0,0
20.126,14,1,1,1,1,506,1,507,506,0,0
20.127,15,1,1,1,1,507,1,518,503,0,0
20.128,0,1,1,1,1,509,1,519,503,0,0
20.129,1,1,1,1,1,511,1,518,503,0,0
20.13,2,1,1,1,1,510,1,517,506,0,0
20.131,3,1,1,1,1,510,1,513,512,0,0
20.132,4,1,1,1,1,512,1,515,513,0,0
20.133,5,1,1,1,1,512,1,511,506,0,0
20.134,6,1,1,1,1,504,1,510,497,0,0
20.135,7,1,1,1,1,507,1,518,498,0,0
20.136,8,1,1,1,1,509,1,521,504,0,0
20.137,9,1,1,1,1,511,1,516,506,0,0
20.138,10,1,1,1,1,513,1,513,510,0,0
20.139,11,1,1,1,1,521,1,514,523,0,0
20.14,12,1,1,1,1,526,1,513,527,0,0
20.141,13,1,1,1,1,519,1,506,517,0,0
20.142,14,1,1,1,1,512,1,505,515,0,0
20.143,15,1,1,1,1,512,1,503,513,0,0
20.144,0,1,1,1,1,511,1,500,511,0,0
20.145,1,1,1,1,1,508,1,497,505,0,0
20.146,2,1,1,1,1,509,1,504,501,0,0
20.147,3,1,1,1,1,509,1,510,503,0,0
20.148,4,1,1,1,1,509,1,514,502,0,0
20.149,5,1,1,1,1,506,1,512,496,0,0
20.15,6,1,1,1,1,504,1,512,495,0,0
20.151,7,1,1,1,1,504,1,508,504,0,0
20.152,8,1,1,1,1,510,1,516,516,0,0
20.153,9,1,1,1,1,516,1,511,510,0,0
20.154,10,1,1,1,1,513,2,506,507,0,0
20.155,11,1,1,1,1,516,1,515,512,0,0
20.156,12,1,1,1,1,520,1,515,521,0,0
20.157,13,1,1,1,1,519,1,509,523,0,0
20.158,14,1,1,1,1,515,1,513,515,0,0
20.159,15,1,1,1,1,514,1,514,513,0,0
20.16,0,1,1,1,1,514,1,509,512,0,0
20.161,1,1,1,1,1,511,1,504,508,0,0
20.162,2,1,1,1,1,509,2,502,506,0,0
20.163,3,1,1,1,1,507,1,499,504,0,0
20.164,4,1,1,1,1,508,1,506,505,0,0
20.165,5,1,1,1,1,510,1,516,504,0,0
20.166,6,1,1,1,1,511,1,516,506,0,0
20.167,7,1,1,1,1,509,1,518,508,0,0
20.168,8,1,1,1,1,508,1,519,501,0,0
20.169,9,1,1,1,1,508,1,521,495,0,0
20.17,10,1,1,1,1,511,2,519,499,0,0
20.171,11,1,1,1,1,507,1,512,505,0,0
20.172,12,1,1,1,1,507,1,510,511,0,0
20.173,13,1,1,1,1,519,1,512,515,0,0
20.174,14,1,1,1,1,520,1,509,504,0,0
20.175,15,1,1,1,1,510,0,500,502,0,0
20.176,0,1,1,1,1,515,1,502,520,0,0
20.177,1,1,1,1,1,516,1,501,519,0,0
20.178,2,1,1,1,1,507,2,503,510,0,0
20.179,3,1,1,1,1,506,1,499,505,0,0
20.18,4,1,1,1,1,511,1,504,514,0,0
20.181,5,1,1,1,1,523,1,518,525,0,0
20.182,6,1,1,1,1,518,1,517,515,0,0
20.183,7,1,1,1,1,519,0,515,512,0,0
20.184,8,1,1,1,1,518,1,515,511,0,0
20.185,9,1,1,1,1,510,1,503,509,0,0
20.186,10,1,1,1,1,504,2,500,505,0,0
20.187,11,1,1,1,1,506,1,496,503,0,0
20.188,12,1,1,1,1,504,1,498,499,0,0
20.189,13,1,1,1,1,502,1,503,498,0,0
20.19,14,1,1,1,1,501,1,501,499,0,0
20.191,15,1,1,1,1,507,1,502,491,0,0
20.192,0,1,1,1,1,503,1,509,497,0,0
20.193,1,1,1,1,1,518,1,519,525,0,0
20.194,2,1,1,1,1,536,2,528,534,0,0
20.195,3,1,1,1,1,527,1,518,523,0,0
20.196,4,1,1,1,1,514,1,513,515,0,0
20.197,5,1,1,1,1,510,1,515,509,0,0
20.198,6,1,1,1,1,507,1,511,507,0,0
20.199,7,1,1,1,1,506,1,508,503,0,0
20.2,8,1,1,1,1,506,1,511,502,0,0
20.201,9,1,1,1,1,506,1,515,509,0,0
20.202,10,1,1,1,1,510,2,512,501,0,0
20.203,11,1,1,1,1,514,1,514,502,0,0
20.204,12,1,1,1,1,511,1,502,506,0,0
20.205,13,1,1,1,1,512,1,510,510,0,0
20.206,14,1,1,1,1,515,1,512,513,0,0
20.207,15,1,1,1,1,513,1,505,509,0,0
20.208,0,1,1,1,1,509,1,500,507,0,0
20.209,1,1,1,1,1,511,1,501,508,0,0
20.21,2,1,1,1,1,511,2,498,505,0,0
20.211,3,1,1,1,1,510,1,495,505,0,0
20.212,4,1,1,1,1,511,1,491,510,0,0
20.213,5,1,1,1,1,513,1,496,512,0,0
20.214,6,1,1,1,1,512,1,498,509,0,0
20.215,7,1,1,1,1,512,1,498,506,0,0
20.216,8,1,1,1,1,508,1,511,506,0,0
20.217,9,1,1,1,1,511,1,517,505,0,0
20.218,10,1,1,1,1,513,2,518,507,0,0
20.219,11,1,1,1,1,512,1,513,506,0,0
20.22,12,1,1,1,1,512,0,505,506,0,0
20.221,13,1,1,1,1,511,1,508,508,0,0
20.222,14,1,1,1,1,512,1,509,510,0,0
20.223,15,1,1,1,1,511,1,504,508,0,0
20.224,0,1,1,1,1,510,1,503,509,0,0
20.225,1,1,1,1,1,511,1,511,506,0,0
20.226,2,1,1,1,1,512,2,510,510,0,0
20.227,3,1,1,1,1,510,1,504,510,0,0
20.228,4,1,1,1,1,509,0,518,512,0,0
20.229,5,1,1,1,1,513,1,522,510,0,0
20.23,6,1,1,1,1,513,1,528,514,0,0
20.231,7,1,1,1,1,514,1,541,517,0,0
20.232,8,1,1,1,1,516,1,532,516,0,0
20.233,9,1,1,1,1,515,1,524,509,0,0
20.234,10,1,1,1,1,513,2,512,508,0,0
20.235,11,1,1,1,1,510,1,511,508,0,0
20.236,12,1,1,1,1,511,1,508,505,0,0
20.237,13,1,1,1,1,511,1,505,502,0,0
20.238,14,1,1,1,1,511,1,498,506,0,0
20.239,15,1,1,1,1,512,1,496,503,0,0
20.24,0,1,1,1,1,511,1,496,505,0,0
20.241,1,1,1,1,1,511,1,500,508,0,0
20.242,2,1,1,1,1,512,1,499,506,0,0
20.243,3,1,1,1,1,512,1,496,509,0,0
20.244,4,1,1,1,1,509,1,493,509,0,0
20.245,5,1,1,1,1,510,1,493,509,0,0
20.246,6,1,1,1,1,511,1,504,509,0,0
20.247,7,1,1,1,1,512,1,506,507,0,0
20.248,8,1,1,1,1,510,1,500,508,0,0
20.249,9,1,1,1,1,510,1,500,508,0,0
20.25,10,1,1,1,1,509,1,499,508,0,0
20.251,11,1,1,1,1,511,1,494,507,0,0
20.252,12,1,1,1,1,513,1,502,509,0,0
20.253,13,1,1,1,1,510,1,503,509,0,0
20.254,14,1,1,1,1,512,1,498,508,0,0
20.255,15,1,1,1,1,513,1,496,506,0,0
20.256,0,1,1,1,1,514,1,493,509,0,0
20.257,1,1,1,1,1,514,1,503,510,0,0
20.258,2,1,1,1,1,513,2,511,511,0,0
20.259,3,1,1,1,1,514,1,507,508,0,0
20.26,4,1,1,1,1,512,0,506,510,0,0
20.261,5,1,1,1,1,511,1,512,508,0,0
20.262,6,1,1,1,1,510,1,518,508,0,0
20.263,7,1,1,1,1,511,1,524,509,0,0
20.264,8,1,1,1,1,509,1,523,510,0,0
20.265,9,1,1,1,1,511,1,526,509,0,0
20.266,10,1,1,1,1,509,2,521,506,0,0
20.267,11,1,1,1,1,510,1,522,507,0,0
20.268,12,1,1,1,1,510,0,519,507,0,0
20.269,13,1,1,1,1,511,1,517,507,0,0
20.27,14,1,1,1,1,512,1,518,509,0,0
20.271,15,1,1,1,1,513,1,518,510,0,0
20.272,0,1,1,1,1,512,1,511,508,0,0
20.273,1,1,1,1,1,512,1,509,512,0,0
20.274,2,1,1,1,1,511,2,508,511,0,0
20.275,3,1,1,1,1,511,1,517,509,0,0
20.276,4,1,1,1,1,512,0,511,507,0,0
20.277,5,1,1,1,1,513,1,507,506,0,0
20.278,6,1,1,1,1,512,1,505,509,0,0
20.279,7,1,1,1,1,510,1,508,510,0,0
20.28,8,1,1,1,1,512,1,518,508,0,0
20.281,9,1,1,1,1,511,1,514,509,0,0
20.282,10,1,1,1,1,511,2,513,511,0,0
20.283,11,1,1,1,1,511,1,509,510,0,0
20.284,12,1,1,1,1,512,1,514,509,0,0
20.285,13,1,1,1,1,512,1,520,508,0,0
20.286,14,1,1,1,1,511,1,516,507,0,0
20.287,15,1,1,1,1,512,1,509,508,0,0
20.288,0,1,1,1,1,511,1,506,508,0,0
20.289,1,1,1,1,1,512,1,514,508,0,0
20.29,2,1,1,1,1,511,2,515,506,0,0
20.291,3,1,1,1,1,511,1,513,507,0,0
20.292,4,1,1,1,1,512,1,514,508,0,0
20.293,5,1,1,1,1,508,1,512,507,0,0
20.294,6,1,1,1,1,512,1,511,507,0,0
20.295,7,1,1,1,1,512,1,516,507,0,0
20.296,8,1,1,1,1,510,1,515,511,0,0
20.297,9,1,1,1,1,511,1,512,509,0,0
20.298,10,1,1,1,1,513,2,515,508,0,0
20.299,11,1,1,1,1,511,1,509,509,0,0
20.3,12,1,1,1,1,513,1,506,508,0,0
20.301,13,1,1,1,1,512,1,500,508,0,0
20.302,14,1,1,1,1,514,1,506,508,0,0
20.303,15,1,1,1,1,512,0,510,509,0,0
20.304,0,1,1,1,1,510,1,508,509,0,0
20.305,1,1,1,1,1,511,1,508,508,0,0
20.306,2,1,1,1,1,512,2,504,509,0,0
20.307,3,1,1,1,1,511,1,505,508,0,0
20.308,4,1,1,1,1,509,1,510,510,0,0
20.309,5,1,1,1,1,511,1,511,506,0,0
20.31,6,1,1,1,1,511,1,505,506,0,0
20.311,7,1,1,1,1,512,0,501,511,0,0
20.312,8,1,1,1,1,512,1,502,510,0,0
20.313,9,1,1,1,1,511,1,510,509,0,0
20.314,10,1,1,1,1,511,2,508,510,0,0
20.315,11,1,1,1,1,510,1,508,510,0,0
20.316,12,1,1,1,1,511,1,510,507,0,0
20.317,13,1,1,1,1,511,1,508,507,0,0
20.318,14,1,1,1,1,514,1,516,508,0,0
20.319,15,1,1,1,1,511,0,519,508,0,0
20.32,0,1,1,1,1,512,1,513,510,0,0
20.321,1,1,1,1,1,511,1,513,510,0,0
20.322,2,1,1,1,1,512,2,513,509,0,0
20.323,3,1,1,1,1,511,1,518,509,0,0
20.324,4,1,1,1,1,513,1,516,511,0,0
20.325,5,1,1,1,1,511,1,515,509,0,0
20.326,6,1,1,1,1,510,1,518,508,0,0
20.327,7,1,1,1,1,510,1,519,505,0,0
20.328,8,1,1,1,1,508,1,521,505,0,0
20.329,9,1,1,1,1,511,1,518,507,0,0
20.33,10,1,1,1,1,510,2,515,508,0,0
20.331,11,1,1,1,1,511,1,518,510,0,0
20.332,12,1,1,1,1,513,1,517,510,0,0
20.333,13,1,1,1,1,514,1,522,509,0,0
20.334,14,1,1,1,1,512,1,517,510,0,0
20.335,15,1,1,1,1,512,1,516,508,0,0
20.336,0,1,1,1,1,511,1,515,507,0,0
20.337,1,1,1,1,1,509,1,511,509,0,0
20.338,2,1,1,1,1,511,2,512,506,0,0
20.339,3,1,1,1,1,510,1,514,507,0,0
20.34,4,1,1,1,1,512,1,511,508,0,0
20.341,5,1,1,1,1,512,1,504,509,0,0
20.342,6,1,1,1,1,510,1,500,508,0,0
20.343,7,1,1,1,1,512,1,496,507,0,0
20.344,8,1,1,1,1,512,1,499,507,0,0
20.345,9,1,1,1,1,510,1,508,508,0,0
20.346,10,1,1,1,1,511,1,507,506,0,0
20.347,11,1,1,1,1,512,1,511,505,0,0
20.348,12,1,1,1,1,511,1,510,510,0,0
20.349,13,1,1,1,1,513,1,512,511,0,0
20.35,14,1,1,1,1,513,1,513,510,0,0
20.351,15,1,1,1,1,513,1,511,508,0,0
20.352,0,1,1,1,1,511,1,512,509,0,0
20.353,1,1,1,1,1,512,1,506,510,0,0
20.354,2,1,1,1,1,511,1,511,513,0,0
20.355,3,1,1,1,1,511,1,508,509,0,0
20.356,4,1,1,1,1,510,1,513,506,0,0
20.357,5,1,1,1,1,511,1,510,507,0,0
20.358,6,1,1,1,1,512,1,507,509,0,0
20.359,7,1,1,1,1,511,1,513,510,0,0
20.36,8,1,1,1,1,514,1,521,510,0,0
20.361,9,1,1,1,1,515,1,510,509,0,0
20.362,10,1,1,1,1,512,1,511,509,0,0
20.363,11,1,1,1,1,509,1,508,510,0,0
20.364,12,1,1,1,1,510,1,512,506,0,0
20.365,13,1,1,1,1,510,1,515,506,0,0
20.366,14,1,1,1,1,512,1,509,509,0,0
20.367,15,1,1,1,1,510,1,513,508,0,0
20.368,0,1,1,1,1,511,1,515,509,0,0
20.369,1,1,1,1,1,511,1,513,507,0,0
20.37,2,1,1,1,1,512,2,509,506,0,0
20.371,3,1,1,1,1,512,1,518,506,0,0
20.372,4,1,1,1,1,512,1,520,508,0,0
20.373,5,1,1,1,1,511,1,511,509,0,0
20.374,6,1,1,1,1,509,1,500,507,0,0
20.375,7,1,1,1,1,512,1,499,507,0,0
20.376,8,1,1,1,1,514,1,496,510,0,0
20.377,9,1,1,1,1,512,1,500,509,0,0
20.378,10,1,1,1,1,511,2,503,510,0,0
20.379,11,1,1,1,1,510,1,509,510,0,0
20.38,12,1,1,1,1,512,1,516,508,0,0
20.381,13,1,1,1,1,508,1,518,508,0,0
20.382,14,1,1,1,1,509,1,514,507,0,0
20.383,15,1,1,1,1,509,1,514,506,0,0
20.384,0,1,1,1,1,510,1,519,508,0,0
20.385,1,1,1,1,1,512,1,527,509,0,0
20.386,2,1,1,1,1,514,2,522,508,0,0
20.387,3,1,1,1,1,512,1,529,509,0,0
20.388,4,1,1,1,1,511,1,517,509,0,0
20.389,5,1,1,1,1,511,1,517,510,0,0
20.39,6,1,1,1,1,512,1,520,507,0,0
20.391,7,1,1,1,1,511,0,516,512,0,0
20.392,8,1,1,1,1,512,1,519,507,0,0
20.393,9,1,1,1,1,511,1,516,509,0,0
20.394,10,1,1,1,1,510,2,518,507,0,0
20.395,11,1,1,1,1,511,1,513,507,0,0
20.396,12,1,1,1,1,512,1,508,508,0,0
20.397,13,1,1,1,1,512,1,512,509,0,0
20.398,14,1,1,1,1,509,1,505,507,0,0
20.399,15,1,1,1,1,512,0,503,509,0,0
20.4,0,1,1,1,1,512,1,506,509,0,0
20.401,1,1,1,1,1,513,1,509,510,0,0
20.402,2,1,1,1,1,513,2,513,506,0,0
20.403,3,1,1,1,1,512,1,512,507,0,0
20.404,4,1,1,1,1,513,1,507,507,0,0
20.405,5,1,1,1,1,510,1,508,508,0,0
20.406,6,1,1,1,1,512,1,507,509,0,0
20.407,7,1,1,1,1,511,0,512,509,0,0
20.408,8,1,1,1,1,510,1,512,509,0,0
20.409,9,1,1,1,1,512,1,500,509,0,0
20.41,10,1,1,1,1,513,2,510,510,0,0
20.411,11,1,1,1,1,511,1,517,507,0,0
20.412,12,1,1,1,1,511,1,514,506,0,0
20.413,13,1,1,1,1,510,1,512,508,0,0
20.414,14,1,1,1,1,512,1,513,509,0,0
20.415,15,1,1,1,1,512,1,510,508,0,0
20.416,0,1,1,1,1,511,1,512,507,0,0
20.417,1,1,1,1,1,512,1,512,510,0,0
20.418,2,1,1,1,1,513,2,515,510,0,0
20.419,3,1,1,1,1,512,1,515,512,0,0
20.42,4,1,1,1,1,511,1,505,509,0,0
20.421,5,1,1,1,1,510,1,504,509,0,0
20.422,6,1,1,1,1,510,1,504,506,0,0
20.423,7,1,1,1,1,510,1,495,507,0,0
20.424,8,1,1,1,1,511,1,500,508,0,0
20.425,9,1,1,1,1,510,1,497,509,0,0
20.426,10,1,1,1,1,511,2,503,510,0,0
20.427,11,1,1,1,1,513,1,504,515,0,0
20.428,12,1,1,1,1,515,1,501,513,0,0
20.429,13,1,1,1,1,512,1,495,510,0,0
20.43,14,1,1,1,1,512,1,497,507,0,0
20.431,15,1,1,1,1,511,1,502,502,0,0
20.432,0,1,1,1,1,510,1,505,503,0,0
20.433,1,1,1,1,1,510,1,510,507,0,0
20.434,2,1,1,1,1,508,2,508,506,0,0
20.435,3,1,1,1,1,511,1,507,507,0,0
20.436,4,1,1,1,1,511,0,516,508,0,0
20.437,5,1,1,1,1,513,1,514,508,0,0
20.438,6,1,1,1,1,513,1,506,509,0,0
20.439,7,1,1,1,1,511,1,507,510,0,0
20.44,8,1,1,1,1,512,1,499,510,0,0
20.441,9,1,1,1,1,512,1,507,507,0,0
20.442,10,1,1,1,1,511,2,509,507,0,0
20.443,11,1,1,1,1,512,1,512,508,0,0
20.444,12,1,1,1,1,511,0,508,509,0,0
20.445,13,1,1,1,1,509,1,511,507,0,0
20.446,14,1,1,1,1,510,1,512,507,0,0
20.447,15,1,1,1,1,513,1,513,507,0,0
20.448,0,1,1,1,1,511,1,511,511,0,0
20.449,1,1,1,1,1,513,1,515,511,0,0
20.45,2,1,1,1,1,511,2,510,512,0,0
20.451,3,1,1,1,1,513,1,515,515,0,0
20.452,4,1,1,1,1,514,0,515,510,0,0
20.453,5,1,1,1,1,511,1,520,507,0,0
20.454,6,1,1,1,1,511,1,520,508,0,0
20.455,7,1,1,1,1,511,1,511,505,0,0
20.456,8,1,1,1,1,510,1,509,508,0,0
20.457,9,1,1,1,1,509,1,494,507,0,0
20.458,10,1,1,1,1,512,1,496,509,0,0
20.459,11,1,1,1,1,513,1,496,508,0,0
20.46,12,1,1,1,1,510,1,502,510,0,0
20.461,13,1,1,1,1,512,1,507,510,0,0
20.462,14,1,1,1,1,511,1,513,509,0,0
20.463,15,1,1,1,1,511,1,519,509,0,0
20.464,0,1,1,1,1,511,1,518,506,0,0
20.465,1,1,1,1,1,510,1,515,507,0,0
20.466,2,1,1,1,1,513,1,523,512,0,0
20.467,3,1,1,1,1,513,1,524,507,0,0
20.468,4,1,1,1,1,512,1,512,509,0,0
20.469,5,1,1,1,1,511,1,510,507,0,0
20.47,6,1,1,1,1,510,1,515,508,0,0
20.471,7,1,1,1,1,510,1,507,509,0,0
20.472,8,1,1,1,1,513,1,510,508,0,0
20.473,9,1,1,1,1,514,1,510,508,0,0
20.474,10,1,1,1,1,512,1,502,508,0,0
20.475,11,1,1,1,1,511,1,502,507,0,0
20.476,12,1,1,1,1,510,0,503,508,0,0
20.477,13,1,1,1,1,512,1,499,506,0,0
20.478,14,1,1,1,1,508,1,502,506,0,0
20.479,15,1,1,1,1,510,1,505,507,0,0
20.48,0,1,1,1,1,512,1,516,507,0,0
20.481,1,1,1,1,1,512,1,508,509,0,0
20.482,2,1,1,1,1,511,2,505,511,0,0
20.483,3,1,1,1,1,514,1,520,511,0,0
20.484,4,1,1,1,1,512,0,519,514,0,0
20.485,5,1,1,1,1,513,1,510,511,0,0
20.486,6,1,1,1,1,510,1,514,508,0,0
20.487,7,1,1,1,1,512,1,518,508,0,0
20.488,8,1,1,1,1,511,1,509,508,0,0
20.489,9,1,1,1,1,512,1,503,508,0,0
20.49,10,1,1,1,1,510,2,511,510,0,0
20.491,11,1,1,1,1,512,1,508,508,0,0
20.492,12,1,1,1,1,511,0,505,508,0,0
20.493,13,1,1,1,1,511,1,505,510,0,0
20.494,14,1,1,1,1,511,1,505,508,0,0
20.495,15,1,1,1,1,511,1,512,507,0,0
20.496,0,1,1,1,1,511,1,513,506,0,0
20.497,1,1,1,1,1,513,1,509,507,0,0
20.498,2,1,1,1,1,513,2,510,507,0,0
20.499,3,1,1,1,1,513,1,509,507,0,0
20.5,4,1,1,1,1,511,1,515,508,0,0
20.501,5,1,1,1,1,510,1,512,509,0,0
20.502,6,1,1,1,1,510,1,515,507,0,0
20.503,7,1,1,1,1,511,1,511,507,0,0
20.504,8,1,1,1,1,511,1,508,510,0,0
20.505,9,1,1,1,1,511,1,507,511,0,0
20.506,10,1,1,1,1,511,2,506,509,0,0
20.507,11,1,1,1,1,513,1,503,505,0,0
20.508,12,1,1,1,1,513,1,512,504,0,0
20.509,13,1,1,1,1,510,1,511,506,0,0
20.51,14,1,1,1,1,510,1,510,507,0,0
20.511,15,1,1,1,1,511,1,519,509,0,0
20.512,0,1,1,1,1,512,1,526,509,0,0
20.513,1,1,1,1,1,511,1,526,510,0,0
20.514,2,1,1,1,1,511,2,516,511,0,0
20.515,3,1,1,1,1,512,1,514,512,0,0
20.516,4,1,1,1,1,512,1,513,511,0,0
20.517,5,1,1,1,1,511,1,517,511,0,0
20.518,6,1,1,1,1,512,1,504,512,0,0
20.519,7,1,1,1,1,513,0,505,510,0,0
20.52,8,1,1,1,1,512,1,500,508,0,0
20.521,9,1,1,1,1,511,1,504,505,0,0
20.522,10,1,1,1,1,511,2,500,508,0,0
20.523,11,1,1,1,1,513,1,497,508,0,0
20.524,12,1,1,1,1,513,1,502,510,0,0
20.525,13,1,1,1,1,512,1,499,508,0,0
20.526,14,1,1,1,1,511,1,499,511,0,0
20.527,15,1,1,1,1,512,0,505,509,0,0
20.528,0,1,1,1,1,510,1,507,507,0,0
20.529,1,1,1,1,1,511,1,501,508,0,0
20.53,2,1,1,1,1,511,2,502,507,0,0
20.531,3,1,1,1,1,511,1,508,507,0,0
20.532,4,1,1,1,1,511,1,505,505,0,0
20.533,5,1,1,1,1,512,1,506,506,0,0
20.534,6,1,1,1,1,509,1,510,506,0,0
20.535,7,1,1,1,1,511,0,507,509,0,0
20.536,8,1,1,1,1,511,1,512,509,0,0
20.537,9,1,1,1,1,512,1,513,510,0,0
20.538,10,1,1,1,1,516,2,522,510,0,0
20.539,11,1,1,1,1,513,1,518,509,0,0
20.54,12,1,1,1,1,512,1,517,511,0,0
20.541,13,1,1,1,1,511,1,516,510,0,0
20.542,14,1,1,1,1,511,1,514,510,0,0
20.543,15,1,1,1,1,512,1,506,508,0,0
20.544,0,1,1,1,1,509,1,508,510,0,0
20.545,1,1,1,1,1,510,1,512,508,0,0
20.546,2,1,1,1,1,512,2,519,508,0,0
20.547,3,1,1,1,1,511,1,519,508,0,0
20.548,4,1,1,1,1,512,1,518,508,0,0
20.549,5,1,1,1,1,512,1,517,508,0,0
20.55,6,1,1,1,1,511,1,505,509,0,0
20.551,7,1,1,1,1,512,1,505,509,0,0
20.552,8,1,1,1,1,514,1,505,507,0,0
20.553,9,1,1,1,1,511,1,505,508,0,0
20.554,10,1,1,1,1,513,2,506,509,0,0
20.555,11,1,1,1,1,511,1,512,507,0,0
20.556,12,1,1,1,1,510,1,511,508,0,0
20.557,13,1,1,1,1,511,1,509,507,0,0
20.558,14,1,1,1,1,511,1,505,507,0,0
20.559,15,1,1,1,1,511,1,506,507,0,0
20.56,0,1,1,1,1,512,1,504,508,0,0
20.561,1,1,1,1,1,512,1,508,509,0,0
20.562,2,1,1,1,1,513,2,505,508,0,0
20.563,3,1,1,1,1,510,1,507,508,0,0
20.564,4,1,1,1,1,511,1,517,509,0,0
20.565,5,1,1,1,1,512,1,519,507,0,0
20.566,6,1,1,1,1,512,1,521,507,0,0
20.567,7,1,1,1,1,512,1,518,508,0,0
20.568,8,1,1,1,1,511,1,513,506,0,0
20.569,9,1,1,1,1,510,1,514,510,0,0
20.57,10,1,1,1,1,512,1,517,509,0,0
20.571,11,1,1,1,1,511,1,512,507,0,0
20.572,12,1,1,1,1,513,1,507,509,0,0
20.573,13,1,1,1,1,512,1,508,507,0,0
20.574,14,1,1,1,1,508,1,513,509,0,0
20.575,15,1,1,1,1,511,1,511,508,0,0
20.576,0,1,1,1,1,512,1,510,509,0,0
20.577,1,1,1,1,1,512,1,515,510,0,0
20.578,2,1,1,1,1,513,1,514,512,0,0
20.579,3,1,1,1,1,512,1,513,510,0,0
20.58,4,1,1,1,1,511,1,513,508,0,0
20.581,5,1,1,1,1,509,1,508,508,0,0
20.582,6,1,1,1,1,510,1,509,509,0,0
20.583,7,1,1,1,1,512,1,509,508,0,0
20.584,8,1,1,1,1,511,1,504,507,0,0
20.585,9,1,1,1,1,508,1,513,507,0,0
20.586,10,1,1,1,1,510,2,510,508,0,0
20.587,11,1,1,1,1,513,1,511,510,0,0
20.588,12,1,1,1,1,513,1,515,511,0,0
20.589,13,1,1,1,1,512,1,521,512,0,0
20.59,14,1,1,1,1,514,1,513,509,0,0
20.591,15,1,1,1,1,514,1,505,509,0,0
20.592,0,1,1,1,1,512,1,502,510,0,0
20.593,1,1,1,1,1,511,1,506,510,0,0
20.594,2,1,1,1,1,512,2,508,507,0,0
20.595,3,1,1,1,1,511,1,509,505,0,0
20.596,4,1,1,1,1,510,1,508,505,0,0
20.597,5,1,1,1,1,511,1,511,508,0,0
20.598,6,1,1,1,1,509,1,515,508,0,0
20.599,7,1,1,1,1,509,1,507,507,0,0
20.6,8,1,1,1,1,510,1,508,507,0,0
20.601,9,1,1,1,1,509,1,509,509,0,0
20.602,10,1,1,1,1,512,2,514,508,0,0
20.603,11,1,1,1,1,511,1,513,508,0,0
20.604,12,1,1,1,1,512,1,520,507,0,0
20.605,13,1,1,1,1,511,1,528,508,0,0
20.606,14,1,1,1,1,512,1,520,508,0,0
20.607,15,1,1,1,1,512,0,519,509,0,0
20.608,0,1,1,1,1,514,1,513,510,0,0
20.609,1,1,1,1,1,513,1,512,512,0,0
20.61,2,1,1,1,1,511,2,520,511,0,0
20.611,3,1,1,1,1,511,1,517,512,0,0
20.612,4,1,1,1,1,513,1,510,509,0,0
20.613,5,1,1,1,1,511,1,509,509,0,0
20.614,6,1,1,1,1,512,1,506,507,0,0
20.615,7,1,1,1,1,512,0,503,506,0,0
20.616,8,1,1,1,1,511,1,499,510,0,0
20.617,9,1,1,1,1,510,1,501,508,0,0
20.618,10,1,1,1,1,510,2,511,508,0,0
20.619,11,1,1,1,1,512,1,507,508,0,0
20.62,12,1,1,1,1,511,1,508,508,0,0
20.621,13,1,1,1,1,513,1,507,507,0,0
20.622,14,1,1,1,1,514,1,507,508,0,0
20.623,15,1,1,1,1,511,0,508,509,0,0
20.624,0,1,1,1,1,511,1,506,510,0,0
20.625,1,1,1,1,1,510,1,506,507,0,0
20.626,2,1,1,1,1,509,2,503,508,0,0
20.627,3,1,1,1,1,510,1,499,507,0,0
20.628,4,1,1,1,1,510,1,508,506,0,0
20.629,5,1,1,1,1,511,1,505,509,0,0
20.63,6,1,1,1,1,511,1,513,507,0,0
20.631,7,1,1,1,1,510,1,516,505,0,0
20.632,8,1,1,1,1,511,1,506,506,0,0
20.633,9,1,1,1,1,511,1,512,505,0,0
20.634,10,1,1,1,1,513,2,514,504,0,0
20.635,11,1,1,1,1,513,1,515,507,0,0
20.636,12,1,1,1,1,513,1,515,510,0,0
20.637,13,1,1,1,1,516,1,512,514,0,0
20.638,14,1,1,1,1,513,1,508,516,0,0
20.639,15,1,1,1,1,513,1,512,514,0,0
20.64,0,1,1,1,1,513,1,507,510,0,0
20.641,1,1,1,1,1,513,1,504,510,0,0
20.642,2,1,1,1,1,508,2,502,508,0,0
20.643,3,1,1,1,1,509,1,502,503,0,0
20.644,4,1,1,1,1,508,1,502,503,0,0
20.645,5,1,1,1,1,508,1,512,507,0,0
20.646,6,1,1,1,1,512,1,519,507,0,0
20.647,7,1,1,1,1,510,1,520,509,0,0
20.648,8,1,1,1,1,513,1,515,510,0,0
20.649,9,1,1,1,1,512,1,502,507,0,0
20.65,10,1,1,1,1,511,2,505,506,0,0
20.651,11,1,1,1,1,513,1,508,514,0,0
20.652,12,1,1,1,1,512,0,508,515,0,0
20.653,13,1,1,1,1,514,1,518,513,0,0
20.654,14,1,1,1,1,514,1,520,512,0,0
20.655,15,1,1,1,1,516,1,511,511,0,0
20.656,0,1,1,1,1,510,1,507,508,0,0
20.657,1,1,1,1,1,510,1,506,506,0,0
20.658,2,1,1,1,1,510,2,509,506,0,0
20.659,3,1,1,1,1,511,1,510,507,0,0
20.66,4,1,1,1,1,510,0,512,507,0,0
20.661,5,1,1,1,1,512,1,508,509,0,0
20.662,6,1,1,1,1,510,1,512,507,0,0
20.663,7,1,1,1,1,512,1,516,508,0,0
20.664,8,1,1,1,1,511,1,518,508,0,0
20.665,9,1,1,1,1,511,1,509,506,0,0
20.666,10,1,1,1,1,511,2,510,508,0,0
20.667,11,1,1,1,1,509,1,512,508,0,0
20.668,12,1,1,1,1,511,0,509,507,0,0
20.669,13,1,1,1,1,511,1,510,508,0,0
20.67,14,1,1,1,1,513,1,503,509,0,0
20.671,15,1,1,1,1,513,1,498,511,0,0
20.672,0,1,1,1,1,512,1,494,508,0,0
20.673,1,1,1,1,1,510,1,502,509,0,0
20.674,2,1,1,1,1,512,1,515,507,0,0
20.675,3,1,1,1,1,511,1,520,509,0,0
20.676,4,1,1,1,1,513,1,518,510,0,0
20.677,5,1,1,1,1,511,1,519,507,0,0
20.678,6,1,1,1,1,512,1,523,508,0,0
20.679,7,1,1,1,1,511,1,526,509,0,0
20.68,8,1,1,1,1,511,1,520,508,0,0
20.681,9,1,1,1,1,512,1,513,509,0,0
20.682,10,1,1,1,1,511,1,509,509,0,0
20.683,11,1,1,1,1,510,1,510,510,0,0
20.684,12,1,1,1,1,510,1,516,508,0,0
20.685,13,1,1,1,1,512,1,516,508,0,0
20.686,14,1,1,1,1,513,1,506,509,0,0
20.687,15,1,1,1,1,511,1,510,508,0,0
20.688,0,1,1,1,1,511,1,515,507,0,0
20.689,1,1,1,1,1,512,1,516,507,0,0
20.69,2,1,1,1,1,511,1,515,507,0,0
20.691,3,1,1,1,1,511,1,516,507,0,0
20.692,4,1,1,1,1,513,1,509,505,0,0
20.693,5,1,1,1,1,512,1,513,505,0,0
20.694,6,1,1,1,1,512,1,515,510,0,0
20.695,7,1,1,1,1,513,1,510,510,0,0
20.696,8,1,1,1,1,511,1,511,510,0,0
20.697,9,1,1,1,1,511,1,504,507,0,0
20.698,10,1,1,1,1,510,2,504,506,0,0
20.699,11,1,1,1,1,511,1,512,510,0,0
20.7,12,1,1,1,1,513,0,515,509,0,0
20.701,13,1,1,1,1,512,1,515,510,0,0
20.702,14,1,1,1,1,511,1,513,508,0,0
20.703,15,1,1,1,1,512,1,508,507,0,0
20.704,0,1,1,1,1,512,1,511,510,0,0
20.705,1,1,1,1,1,512,1,511,510,0,0
20.706,2,1,1,1,1,512,2,510,512,0,0
20.707,3,1,1,1,1,513,1,502,510,0,0
20.708,4,1,1,1,1,512,0,503,510,0,0
20.709,5,1,1,1,1,513,1,505,511,0,0
20.71,6,1,1,1,1,513,1,508,507,0,0
20.711,7,1,1,1,1,509,1,503,508,0,0
20.712,8,1,1,1,1,511,1,502,508,0,0
20.713,9,1,1,1,1,512,1,503,509,0,0
20.714,10,1,1,1,1,511,2,510,510,0,0
20.715,11,1,1,1,1,510,1,511,509,0,0
20.716,12,1,1,1,1,513,1,511,507,0,0
20.717,13,1,1,1,1,511,1,518,510,0,0
20.718,14,1,1,1,1,509,1,516,509,0,0
20.719,15,1,1,1,1,511,1,512,511,0,0
20.72,0,1,1,1,1,513,1,515,505,0,0
20.721,1,1,1,1,1,510,1,519,509,0,0
20.722,2,1,1,1,1,508,2,515,505,0,0
20.723,3,1,1,1,1,511,1,517,506,0,0
20.724,4,1,1,1,1,514,1,518,510,0,0
20.725,5,1,1,1,1,514,1,514,511,0,0
20.726,6,1,1,1,1,513,1,509,510,0,0
20.727,7,1,1,1,1,512,1,510,508,0,0
20.728,8,1,1,1,1,511,1,502,503,0,0
20.729,9,1,1,1,1,512,1,503,504,0,0
20.73,10,1,1,1,1,510,2,511,508,0,0
20.731,11,1,1,1,1,508,1,509,507,0,0
20.732,12,1,1,1,1,510,1,508,508,0,0
20.733,13,1,1,1,1,511,1,515,512,0,0
20.734,14,1,1,1,1,515,1,515,514,0,0
20.735,15,1,1,1,1,516,1,519,512,0,0
20.736,0,1,1,1,1,513,1,517,508,0,0
20.737,1,1,1,1,1,513,1,505,510,0,0
20.738,2,1,1,1,1,511,2,514,508,0,0
20.739,3,1,1,1,1,509,1,512,507,0,0
20.74,4,1,1,1,1,511,1,510,508,0,0
20.741,5,1,1,1,1,511,1,507,509,0,0
20.742,6,1,1,1,1,510,1,505,506,0,0
20.743,7,1,1,1,1,510,0,504,508,0,0
20.744,8,1,1,1,1,511,1,508,507,0,0
20.745,9,1,1,1,1,512,1,507,508,0,0
20.746,10,1,1,1,1,512,2,507,505,0,0
20.747,11,1,1,1,1,514,1,503,506,0,0
20.748,12,1,1,1,1,512,1,508,509,0,0
20.749,13,1,1,1,1,511,1,513,508,0,0
20.75,14,1,1,1,1,512,1,518,508,0,0
20.751,15,1,1,1,1,511,0,518,504,0,0
20.752,0,1,1,1,1,508,1,517,503,0,0
20.753,1,1,1,1,1,512,1,513,512,0,0
20.754,2,1,1,1,1,511,2,515,514,0,0
20.755,3,1,1,1,1,511,1,511,511,0,0
20.756,4,1,1,1,1,512,1,512,512,0,0
20.757,5,1,1,1,1,512,1,519,514,0,0
20.758,6,1,1,1,1,511,1,519,512,0,0
20.759,7,1,1,1,1,511,1,514,512,0,0
20.76,8,1,1,1,1,512,1,514,508,0,0
20.761,9,1,1,1,1,514,1,512,508,0,0
20.762,10,1,1,1,1,513,2,518,507,0,0
20.763,11,1,1,1,1,511,1,515,506,0,0
20.764,12,1,1,1,1,510,1,510,507,0,0
20.765,13,1,1,1,1,514,1,509,509,0,0
20.766,14,1,1,1,1,514,1,512,509,0,0
20.767,15,1,1,1,1,510,1,515,507,0,0
20.768,0,1,1,1,1,511,1,516,506,0,0
20.769,1,1,1,1,1,511,1,518,507,0,0
20.77,2,1,1,1,1,511,2,509,505,0,0
20.771,3,1,1,1,1,510,1,505,508,0,0
20.772,4,1,1,1,1,512,1,503,511,0,0
20.773,5,1,1,1,1,512,1,500,509,0,0
20.774,6,1,1,1,1,508,1,499,507,0,0
20.775,7,1,1,1,1,511,1,507,507,0,0
20.776,8,1,1,1,1,511,1,504,505,0,0
20.777,9,1,1,1,1,511,1,507,503,0,0
20.778,10,1,1,1,1,510,2,502,503,0,0
20.779,11,1,1,1,1,509,1,500,505,0,0
20.78,12,1,1,1,1,511,1,505,509,0,0
20.781,13,1,1,1,1,511,1,508,512,0,0
20.782,14,1,1,1,1,513,1,513,514,0,0
20.783,15,1,1,1,1,517,1,521,518,0,0
20.784,0,1,1,1,1,518,1,521,517,0,0
20.785,1,1,1,1,1,515,1,516,514,0,0
20.786,2,1,1,1,1,514,1,512,508,0,0
20.787,3,1,1,1,1,512,1,511,507,0,0
20.788,4,1,1,1,1,513,1,511,505,0,0
20.789,5,1,1,1,1,511,1,510,506,0,0
20.79,6,1,1,1,1,513,1,516,506,0,0
20.791,7,1,1,1,1,510,1,513,505,0,0
20.792,8,1,1,1,1,509,1,511,504,0,0
20.793,9,1,1,1,1,509,1,508,505,0,0
20.794,10,1,1,1,1,511,1,507,504,0,0
20.795,11,1,1,1,1,511,1,506,504,0,0
20.796,12,1,1,1,1,510,1,507,504,0,0
20.797,13,1,1,1,1,511,1,502,508,0,0
20.798,14,1,1,1,1,508,1,504,509,0,0
20.799,15,1,1,1,1,511,1,506,509,0,0
20.8,0,1,1,1,1,511,1,514,509,0,0
20.801,1,1,1,1,1,512,1,511,510,0,0
20.802,2,1,1,1,1,509,1,512,511,0,0
20.803,3,1,1,1,1,511,1,512,511,0,0
20.804,4,1,1,1,1,511,1,512,512,0,0
20.805,5,1,1,1,1,513,1,511,513,0,0
20.806,6,1,1,1,1,515,1,518,512,0,0
20.807,7,1,1,1,1,510,1,513,511,0,0
20.808,8,1,1,1,1,509,1,512,510,0,0
20.809,9,1,1,1,1,510,1,512,510,0,0
20.81,10,1,1,1,1,512,2,510,508,0,0
20.811,11,1,1,1,1,513,1,513,505,0,0
20.812,12,1,1,1,1,512,1,512,503,0,0
20.813,13,1,1,1,1,511,1,510,507,0,0
20.814,14,1,1,1,1,511,1,513,505,0,0
20.815,15,1,1,1,1,511,1,508,504,0,0
20.816,0,1,1,1,1,509,1,509,505,0,0
20.817,1,1,1,1,1,510,1,510,504,0,0
20.818,2,1,1,1,1,512,2,519,505,0,0
20.819,3,1,1,1,1,511,1,516,507,0,0
20.82,4,1,1,1,1,512,1,509,507,0,0
20.821,5,1,1,1,1,510,1,513,510,0,0
20.822,6,1,1,1,1,512,1,499,511,0,0
20.823,7,1,1,1,1,514,1,505,509,0,0
20.824,8,1,1,1,1,516,1,511,511,0,0
20.825,9,1,1,1,1,513,1,511,511,0,0
20.826,10,1,1,1,1,515,2,511,508,0,0
20.827,11,1,1,1,1,514,1,511,511,0,0
20.828,12,1,1,1,1,510,1,507,511,0,0
20.829,13,1,1,1,1,509,1,510,515,0,0
20.83,14,1,1,1,1,509,1,505,513,0,0
20.831,15,1,1,1,1,510,0,502,511,0,0
20.832,0,1,1,1,1,509,1,510,507,0,0
20.833,1,1,1,1,1,511,1,511,509,0,0
20.834,2,1,1,1,1,515,2,510,510,0,0
20.835,3,1,1,1,1,512,1,511,507,0,0
20.836,4,1,1,1,1,512,1,512,507,0,0
20.837,5,1,1,1,1,515,1,511,508,0,0
20.838,6,1,1,1,1,509,1,512,506,0,0
20.839,7,1,1,1,1,511,0,518,508,0,0
20.84,8,1,1,1,1,511,1,510,508,0,0
20.841,9,1,1,1,1,511,1,499,506,0,0
20.842,10,1,1,1,1,512,2,499,508,0,0
20.843,11,1,1,1,1,513,1,501,510,0,0
20.844,12,1,1,1,1,512,1,510,511,0,0
20.845,13,1,1,1,1,511,1,512,508,0,0
20.846,14,1,1,1,1,511,1,511,509,0,0
20.847,15,1,1,1,1,508,1,508,507,0,0
20.848,0,1,1,1,1,512,1,508,507,0,0
20.849,1,1,1,1,1,514,1,505,506,0,0
20.85,2,1,1,1,1,513,2,507,508,0,0
20.851,3,1,1,1,1,512,1,504,508,0,0
20.852,4,1,1,1,1,512,1,507,505,0,0
20.853,5,1,1,1,1,509,1,513,507,0,0
20.854,6,1,1,1,1,511,1,518,507,0,0
20.855,7,1,1,1,1,512,1,513,507,0,0
20.856,8,1,1,1,1,512,1,506,509,0,0
20.857,9,1,1,1,1,511,1,509,508,0,0
20.858,10,1,1,1,1,512,2,513,510,0,0
20.859,11,1,1,1,1,513,1,509,510,0,0
20.86,12,1,1,1,1,511,1,507,508,0,0
20.861,13,1,1,1,1,507,1,515,507,0,0
20.862,14,1,1,1,1,509,1,514,507,0,0
20.863,15,1,1,1,1,511,1,516,512,0,0
20.864,0,1,1,1,1,512,1,509,508,0,0
20.865,1,1,1,1,1,512,1,515,511,0,0
20.866,2,1,1,1,1,516,2,517,515,0,0
20.867,3,1,1,1,1,511,1,512,507,0,0
20.868,4,1,1,1,1,512,0,508,504,0,0
20.869,5,1,1,1,1,508,1,503,504,0,0
20.87,6,1,1,1,1,512,1,513,511,0,0
20.871,7,1,1,1,1,510,1,515,510,0,0
20.872,8,1,1,1,1,510,1,501,510,0,0
20.873,9,1,1,1,1,514,1,498,505,0,0
20.874,10,1,1,1,1,512,2,501,508,0,0
20.875,11,1,1,1,1,515,1,508,509,0,0
20.876,12,1,1,1,1,513,0,515,511,0,0
20.877,13,1,1,1,1,510,1,521,510,0,0
20.878,14,1,1,1,1,510,1,514,509,0,0
20.879,15,1,1,1,1,510,1,521,506,0,0
20.88,0,1,1,1,1,512,1,525,508,0,0
20.881,1,1,1,1,1,511,1,518,509,0,0
20.882,2,1,1,1,1,512,2,518,508,0,0
20.883,3,1,1,1,1,511,1,512,506,0,0
20.884,4,1,1,1,1,511,0,504,507,0,0
20.885,5,1,1,1,1,513,1,501,507,0,0
20.886,6,1,1,1,1,512,1,506,509,0,0
20.887,7,1,1,1,1,510,1,512,508,0,0
20.888,8,1,1,1,1,511,1,514,510,0,0
20.889,9,1,1,1,1,512,1,518,512,0,0
20.89,10,1,1,1,1,512,1,515,507,0,0
20.891,11,1,1,1,1,512,1,510,508,0,0
20.892,12,1,1,1,1,514,1,509,509,0,0
20.893,13,1,1,1,1,512,1,505,507,0,0
20.894,14,1,1,1,1,512,1,506,509,0,0
20.895,15,1,1,1,1,511,1,505,508,0,0
20.896,0,1,1,1,1,510,1,497,508,0,0
20.897,1,1,1,1,1,510,1,498,507,0,0
20.898,2,1,1,1,1,510,1,500,507,0,0
20.899,3,1,1,1,1,511,1,508,507,0,0
20.9,4,1,1,1,1,511,1,509,506,0,0
20.901,5,1,1,1,1,511,1,504,506,0,0
20.902,6,1,1,1,1,509,1,504,508,0,0
20.903,7,1,1,1,1,512,1,504,510,0,0
20.904,8,1,1,1,1,511,1,510,511,0,0
20.905,9,1,1,1,1,511,1,511,511,0,0
20.906,10,1,1,1,1,512,1,514,511,0,0
20.907,11,1,1,1,1,513,1,516,510,0,0
20.908,12,1,1,1,1,513,1,514,509,0,0
20.909,13,1,1,1,1,512,1,509,509,0,0
20.91,14,1,1,1,1,511,1,506,507,0,0
20.911,15,1,1,1,1,512,1,517,507,0,0
20.912,0,1,1,1,1,512,1,518,508,0,0
20.913,1,1,1,1,1,510,1,506,508,0,0
20.914,2,1,1,1,1,511,2,514,508,0,0
20.915,3,1,1,1,1,511,1,513,507,0,0
20.916,4,1,1,1,1,513,0,522,508,0,0
20.917,5,1,1,1,1,513,1,514,510,0,0
20.918,6,1,1,1,1,513,1,506,512,0,0
20.919,7,1,1,1,1,511,1,504,510,0,0
20.92,8,1,1,1,1,510,1,511,507,0,0
20.921,9,1,1,1,1,510,1,508,510,0,0
20.922,10,1,1,1,1,511,2,510,509,0,0
20.923,11,1,1,1,1,509,1,508,509,0,0
20.924,12,1,1,1,1,511,0,504,506,0,0
20.925,13,1,1,1,1,511,1,511,504,0,0
20.926,14,1,1,1,1,514,1,515,508,0,0
20.927,15,1,1,1,1,513,1,512,507,0,0
20.928,0,1,1,1,1,512,1,512,509,0,0
20.929,1,1,1,1,1,511,1,512,506,0,0
20.93,2,1,1,1,1,512,2,512,504,0,0
20.931,3,1,1,1,1,513,1,515,507,0,0
20.932,4,1,1,1,1,510,0,514,510,0,0
20.933,5,1,1,1,1,509,1,513,509,0,0
20.934,6,1,1,1,1,511,1,509,509,0,0
20.935,7,1,1,1,1,510,1,508,510,0,0
20.936,8,1,1,1,1,511,1,508,511,0,0
20.937,9,1,1,1,1,510,1,503,512,0,0
20.938,10,1,1,1,1,512,2,505,509,0,0
20.939,11,1,1,1,1,512,1,513,506,0,0
20.94,12,1,1,1,1,511,1,511,508,0,0
20.941,13,1,1,1,1,513,1,504,512,0,0
20.942,14,1,1,1,1,511,1,503,512,0,0
20.943,15,1,1,1,1,511,1,504,510,0,0
20.944,0,1,1,1,1,511,1,500,508,0,0
20.945,1,1,1,1,1,512,1,499,504,0,0
20.946,2,1,1,1,1,513,2,509,507,0,0
20.947,3,1,1,1,1,513,1,507,507,0,0
20.948,4,1,1,1,1,512,1,508,510,0,0
20.949,5,1,1,1,1,510,1,509,507,0,0
20.95,6,1,1,1,1,512,1,507,507,0,0
20.951,7,1,1,1,1,511,1,508,505,0,0
20.952,8,1,1,1,1,511,1,507,505,0,0
20.953,9,1,1,1,1,511,1,515,504,0,0
20.954,10,1,1,1,1,512,2,506,507,0,0
20.955,11,1,1,1,1,511,1,512,507,0,0
20.956,12,1,1,1,1,513,1,521,508,0,0
20.957,13,1,1,1,1,512,1,516,507,0,0
20.958,14,1,1,1,1,512,1,516,508,0,0
20.959,15,1,1,1,1,512,0,516,509,0,0
20.96,0,1,1,1,1,512,1,514,510,0,0
20.961,1,1,1,1,1,511,1,511,510,0,0
20.962,2,1,1,1,1,510,2,503,512,0,0
20.963,3,1,1,1,1,508,1,512,514,0,0
20.964,4,1,1,1,1,512,1,513,512,0,0
20.965,5,1,1,1,1,511,1,509,509,0,0
20.966,6,1,1,1,1,513,1,513,508,0,0
20.967,7,1,1,1,1,510,0,512,504,0,0
20.968,8,1,1,1,1,510,1,519,505,0,0
20.969,9,1,1,1,1,512,1,517,508,0,0
20.97,10,1,1,1,1,513,2,519,511,0,0
20.971,11,1,1,1,1,513,1,516,508,0,0
20.972,12,1,1,1,1,512,1,514,508,0,0
20.973,13,1,1,1,1,512,1,516,509,0,0
20.974,14,1,1,1,1,513,1,511,509,0,0
20.975,15,1,1,1,1,513,0,505,509,0,0
20.976,0,1,1,1,1,510,1,507,507,0,0
20.977,1,1,1,1,1,509,1,508,509,0,0
20.978,2,1,1,1,1,511,2,512,510,0,0
20.979,3,1,1,1,1,512,1,502,509,0,0
20.98,4,1,1,1,1,513,1,502,509,0,0
20.981,5,1,1,1,1,511,1,503,507,0,0
20.982,6,1,1,1,1,511,1,513,506,0,0
20.983,7,1,1,1,1,510,1,506,508,0,0
20.984,8,1,1,1,1,511,1,507,508,0,0
20.985,9,1,1,1,1,512,1,508,505,0,0
20.986,10,1,1,1,1,510,2,506,507,0,0
20.987,11,1,1,1,1,511,1,504,508,0,0
20.988,12,1,1,1,1,512,1,509,507,0,0
20.989,13,1,1,1,1,512,1,515,508,0,0
20.99,14,1,1,1,1,512,1,509,507,0,0
20.991,15,1,1,1,1,512,1,502,510,0,0
20.992,0,1,1,1,1,512,1,516,510,0,0
20.993,1,1,1,1,1,512,1,513,509,0,0
20.994,2,1,1,1,1,513,2,510,510,0,0
20.995,3,1,1,1,1,511,1,513,508,0,0
20.996,4,1,1,1,1,512,1,513,508,0,0
20.997,5,1,1,1,1,512,1,518,509,0,0
20.998,6,1,1,1,1,512,1,517,510,0,0
20.999,7,1,1,1,1,511,1,519,512,0,0
21.0,8,1,1,1,1,513,1,518,508,0,0
21.001,9,1,1,1,1,513,1,522,508,0,0
21.002,10,1,1,1,1,512,1,512,510,0,0
21.003,11,1,1,1,1,513,1,511,508,0,0
21.004,12,1,1,1,1,509,1,509,507,0,0
21.005,13,1,1,1,1,509,1,504,508,0,0
21.006,14,1,1,1,1,511,1,504,506,0,0
21.007,15,1,1,1,1,510,1,501,504,0,0
21.008,0,1,1,1,1,511,1,506,508,0,0
21.009,1,1,1,1,1,507,1,516,511,0,0
21.01,2,1,1,1,1,510,1,514,507,0,0
21.011,3,1,1,1,1,515,1,517,508,0,0
21.012,4,1,1,1,1,514,1,512,509,0,0
21.013,5,1,1,1,1,511,1,506,509,0,0
21.014,6,1,1,1,1,509,1,507,507,0,0
21.015,7,1,1,1,1,512,1,502,512,0,0
21.016,8,1,1,1,1,510,1,512,514,0,0
21.017,9,1,1,1,1,510,1,515,509,0,0
21.018,10,1,1,1,1,513,1,519,508,0,0
21.019,11,1,1,1,1,510,1,518,507,0,0
21.02,12,1,1,1,1,510,1,509,504,0,0
21.021,13,1,1,1,1,511,1,503,506,0,0
21.022,14,1,1,1,1,510,1,503,507,0,0
21.023,15,1,1,1,1,514,1,508,515,0,0
21.024,0,1,1,1,1,516,1,513,515,0,0
21.025,1,1,1,1,1,514,1,510,511,0,0
21.026,2,1,1,1,1,511,2,510,510,0,0
21.027,3,1,1,1,1,511,1,505,507,0,0
21.028,4,1,1,1,1,511,1,504,509,0,0
21.029,5,1,1,1,1,511,1,513,510,0,0
21.03,6,1,1,1,1,512,1,505,509,0,0
21.031,7,1,1,1,1,510,1,510,506,0,0
21.032,8,1,1,1,1,511,1,512,506,0,0
21.033,9,1,1,1,1,511,1,512,506,0,0
21.034,10,1,1,1,1,511,2,515,508,0,0
21.035,11,1,1,1,1,511,1,520,507,0,0
21.036,12,1,1,1,1,512,1,517,506,0,0
21.037,13,1,1,1,1,512,1,521,507,0,0
21.038,14,1,1,1,1,512,1,520,509,0,0
21.039,15,1,1,1,1,511,1,521,508,0,0
21.04,0,1,1,1,1,512,1,512,508,0,0
21.041,1,1,1,1,1,511,1,508,508,0,0
21.042,2,1,1,1,1,512,2,507,507,0,0
21.043,3,1,1,1,1,512,1,504,508,0,0
21.044,4,1,1,1,1,513,1,500,509,0,0
21.045,5,1,1,1,1,511,1,495,505,0,0
21.046,6,1,1,1,1,513,1,505,512,0,0
21.047,7,1,1,1,1,514,0,512,512,0,0
21.048,8,1,1,1,1,512,1,507,504,0,0
21.049,9,1,1,1,1,510,1,511,507,0,0
21.05,10,1,1,1,1,509,2,514,508,0,0
21.051,11,1,1,1,1,510,1,519,507,0,0
21.052,12,1,1,1,1,509,1,519,505,0,0
21.053,13,1,1,1,1,511,1,514,507,0,0
21.054,14,1,1,1,1,510,1,507,510,0,0
21.055,15,1,1,1,1,513,0,514,512,0,0
21.056,0,1,1,1,1,515,1,515,513,0,0
21.057,1,1,1,1,1,512,1,510,508,0,0
21.058,2,1,1,1,1,512,2,507,508,0,0
21.059,3,1,1,1,1,512,1,506,509,0,0
21.06,4,1,1,1,1,511,1,513,507,0,0
21.061,5,1,1,1,1,513,1,514,508,0,0
21.062,6,1,1,1,1,511,1,506,510,0,0
21.063,7,1,1,1,1,512,0,502,508,0,0
21.064,8,1,1,1,1,511,1,507,508,0,0
21.065,9,1,1,1,1,511,1,508,508,0,0
21.066,10,1,1,1,1,510,2,510,510,0,0
21.067,11,1,1,1,1,512,1,507,511,0,0
21.068,12,1,1,1,1,512,1,505,509,0,0
21.069,13,1,1,1,1,512,1,504,508,0,0
21.07,14,1,1,1,1,511,1,506,507,0,0
21.071,15,1,1,1,1,512,1,512,507,0,0
21.072,0,1,1,1,1,512,1,508,507,0,0
21.073,1,1,1,1,1,512,1,508,509,0,0
21.074,2,1,1,1,1,513,2,509,510,0,0
21.075,3,1,1,1,1,511,1,509,505,0,0
21.076,4,1,1,1,1,511,1,511,508,0,0
21.077,5,1,1,1,1,512,1,513,510,0,0
21.078,6,1,1,1,1,511,1,506,508,0,0
21.079,7,1,1,1,1,513,1,507,508,0,0
21.08,8,1,1,1,1,511,1,504,509,0,0
21.081,9,1,1,1,1,512,1,504,508,0,0
21.082,10,1,1,1,1,512,2,500,507,0,0
21.083,11,1,1,1,1,510,1,501,507,0,0
21.084,12,1,1,1,1,510,1,511,508,0,0
21.085,13,1,1,1,1,510,1,512,507,0,0
21.086,14,1,1,1,1,512,1,509,510,0,0
21.087,15,1,1,1,1,511,1,516,509,0,0
21.088,0,1,1,1,1,512,1,515,508,0,0
21.089,1,1,1,1,1,511,1,513,509,0,0
21.09,2,1,1,1,1,512,2,514,507,0,0
21.091,3,1,1,1,1,511,1,516,506,0,0
21.092,4,1,1,1,1,511,0,514,507,0,0
21.093,5,1,1,1,1,511,1,509,508,0,0
21.094,6,1,1,1,1,511,1,504,508,0,0
21.095,7,1,1,1,1,513,1,505,509,0,0
21.096,8,1,1,1,1,512,1,509,510,0,0
21.097,9,1,1,1,1,511,1,513,506,0,0
21.098,10,1,1,1,1,512,2,519,508,0,0
21.099,11,1,1,1,1,512,1,516,510,0,0
21.1,12,1,1,1,1,513,0,520,511,0,0
21.101,13,1,1,1,1,511,1,514,512,0,0
21.102,14,1,1,1,1,508,1,518,508,0,0
21.103,15,1,1,1,1,509,1,523,509,0,0
21.104,0,1,1,1,1,511,1,527,509,0,0
21.105,1,1,1,1,1,512,1,514,508,0,0
21.106,2,1,1,1,1,511,2,511,506,0,0
21.107,3,1,1,1,1,512,1,514,509,0,0
21.108,4,1,1,1,1,512,0,513,507,0,0
21.109,5,1,1,1,1,512,1,512,509,0,0
21.11,6,1,1,1,1,512,1,509,506,0,0
21.111,7,1,1,1,1,512,1,513,507,0,0
21.112,8,1,1,1,1,515,1,510,511,0,0
21.113,9,1,1,1,1,512,1,503,512,0,0
21.114,10,1,1,1,1,511,1,500,509,0,0
21.115,11,1,1,1,1,514,1,503,507,0,0
21.116,12,1,1,1,1,513,1,508,509,0,0
21.117,13,1,1,1,1,512,1,508,506,0,0
21.118,14,1,1,1,1,511,1,510,508,0,0
21.119,15,1,1,1,1,509,1,515,508,0,0
21.12,0,1,1,1,1,511,1,512,509,0,0
21.121,1,1,1,1,1,512,1,512,508,0,0
21.122,2,1,1,1,1,510,1,512,506,0,0
21.123,3,1,1,1,1,509,1,510,507,0,0
21.124,4,1,1,1,1,508,1,511,508,0,0
21.125,5,1,1,1,1,509,1,498,508,0,0
21.126,6,1,1,1,1,511,1,501,508,0,0
21.127,7,1,1,1,1,512,1,500,511,0,0
21.128,8,1,1,1,1,511,1,500,511,0,0
21.129,9,1,1,1,1,513,1,499,511,0,0
21.13,10,1,1,1,1,510,1,503,508,0,0
21.131,11,1,1,1,1,513,1,508,509,0,0
21.132,12,1,1,1,1,513,0,512,508,0,0
21.133,13,1,1,1,1,510,1,517,507,0,0
21.134,14,1,1,1,1,511,1,519,508,0,0
21.135,15,1,1,1,1,510,1,518,508,0,0
21.136,0,1,1,1,1,512,1,517,509,0,0
21.137,1,1,1,1,1,513,1,514,509,0,0
21.138,2,1,1,1,1,512,2,510,510,0,0
21.139,3,1,1,1,1,511,1,516,507,0,0
21.14,4,1,1,1,1,511,0,515,507,0,0
21.141,5,1,1,1,1,514,1,507,505,0,0
21.142,6,1,1,1,1,510,1,511,506,0,0
21.143,7,1,1,1,1,510,1,512,508,0,0
21.144,8,1,1,1,1,512,1,509,510,0,0
21.145,9,1,1,1,1,510,1,507,508,0,0
21.146,10,1,1,1,1,510,2,509,508,0,0
21.147,11,1,1,1,1,511,1,520,510,0,0
21.148,12,1,1,1,1,510,0,517,508,0,0
21.149,13,1,1,1,1,512,1,519,509,0,0
21.15,14,1,1,1,1,511,1,519,507,0,0
21.151,15,1,1,1,1,511,1,508,508,0,0
21.152,0,1,1,1,1,510,1,507,507,0,0
21.153,1,1,1,1,1,512,1,508,508,0,0
21.154,2,1,1,1,1,511,2,502,507,0,0
21.155,3,1,1,1,1,513,1,508,509,0,0
21.156,4,1,1,1,1,515,1,497,510,0,0
21.157,5,1,1,1,1,515,1,501,508,0,0
21.158,6,1,1,1,1,513,1,509,508,0,0
21.159,7,1,1,1,1,514,1,509,511,0,0
21.16,8,1,1,1,1,511,1,509,508,0,0
21.161,9,1,1,1,1,510,1,511,507,0,0
21.162,10,1,1,1,1,510,2,508,508,0,0
21.163,11,1,1,1,1,510,1,508,508,0,0
21.164,12,1,1,1,1,511,1,509,508,0,0
21.165,13,1,1,1,1,511,1,507,508,0,0
21.166,14,1,1,1,1,512,1,514,508,0,0
21.167,15,1,1,1,1,511,1,514,507,0,0
21.168,0,1,1,1,1,511,1,510,506,0,0
21.169,1,1,1,1,1,510,1,511,509,0,0
21.17,2,1,1,1,1,510,2,508,508,0,0
21.171,3,1,1,1,1,510,1,505,506,0,0
21.172,4,1,1,1,1,510,1,511,510,0,0
21.173,5,1,1,1,1,513,1,506,512,0,0
21.174,6,1,1,1,1,513,1,512,512,0,0
21.175,7,1,1,1,1,513,0,509,509,0,0
21.176,8,1,1,1,1,511,1,501,507,0,0
21.177,9,1,1,1,1,513,1,497,509,0,0
21.178,10,1,1,1,1,511,2,500,508,0,0
21.179,11,1,1,1,1,512,1,508,509,0,0
21.18,12,1,1,1,1,511,1,511,508,0,0
21.181,13,1,1,1,1,512,1,508,508,0,0
21.182,14,1,1,1,1,512,1,511,509,0,0
21.183,15,1,1,1,1,510,0,517,509,0,0
21.184,0,1,1,1,1,511,1,524,508,0,0
21.185,1,1,1,1,1,512,1,519,508,0,0
21.186,2,1,1,1,1,511,2,519,507,0,0
21.187,3,1,1,1,1,512,1,516,507,0,0
21.188,4,1,1,1,1,512,1,517,509,0,0
21.189,5,1,1,1,1,513,1,507,508,0,0
21.19,6,1,1,1,1,511,1,500,507,0,0
21.191,7,1,1,1,1,510,0,500,508,0,0
21.192,8,1,1,1,1,511,1,499,511,0,0
21.193,9,1,1,1,1,512,1,504,507,0,0
21.194,10,1,1,1,1,511,2,508,508,0,0
21.195,11,1,1,1,1,511,1,504,510,0,0
21.196,12,1,1,1,1,515,1,510,511,0,0
21.197,13,1,1,1,1,515,1,507,508,0,0
21.198,14,1,1,1,1,512,1,506,510,0,0
21.199,15,1,1,1,1,511,1,508,508,0,0
21.2,0,1,1,1,1,510,1,513,508,0,0
21.201,1,1,1,1,1,511,1,513,508,0,0
21.202,2,1,1,1,1,510,2,514,508,0,0
21.203,3,1,1,1,1,512,1,512,508,0,0
21.204,4,1,1,1,1,511,1,508,508,0,0
21.205,5,1,1,1,1,512,1,511,507,0,0
21.206,6,1,1,1,1,511,1,512,508,0,0
21.207,7,1,1,1,1,512,1,509,508,0,0
21.208,8,1,1,1,1,510,1,508,510,0,0
21.209,9,1,1,1,1,512,1,508,509,0,0
21.21,10,1,1,1,1,511,2,505,509,0,0
21.211,11,1,1,1,1,513,1,499,510,0,0
21.212,12,1,1,1,1,513,1,507,510,0,0
21.213,13,1,1,1,1,510,1,508,511,0,0
21.214,14,1,1,1,1,511,1,512,508,0,0
21.215,15,1,1,1,1,512,1,509,506,0,0
21.216,0,1,1,1,1,510,1,515,509,0,0
21.217,1,1,1,1,1,510,1,520,507,0,0
21.218,2,1,1,1,1,511,1,511,505,0,0
21.219,3,1,1,1,1,510,1,513,506,0,0
21.22,4,1,1,1,1,513,1,518,510,0,0
21.221,5,1,1,1,1,511,1,515,507,0,0
21.222,6,1,1,1,1,510,1,516,511,0,0
21.223,7,1,1,1,1,512,1,513,511,0,0
21.224,8,1,1,1,1,513,1,519,508,0,0
21.225,9,1,1,1,1,512,1,513,506,0,0
21.226,10,1,1,1,1,511,1,512,513,0,0
21.227,11,1,1,1,1,511,1,508,509,0,0
21.228,12,1,1,1,1,511,1,502,508,0,0
21.229,13,1,1,1,1,511,1,508,509,0,0
21.23,14,1,1,1,1,512,1,510,508,0,0
21.231,15,1,1,1,1,511,1,512,508,0,0
21.232,0,1,1,1,1,510,1,513,507,0,0
21.233,1,1,1,1,1,512,1,511,505,0,0
21.234,2,1,1,1,1,511,1,512,505,0,0
21.235,3,1,1,1,1,511,1,511,509,0,0
21.236,4,1,1,1,1,513,1,513,506,0,0
21.237,5,1,1,1,1,514,1,509,505,0,0
21.238,6,1,1,1,1,509,1,505,509,0,0
21.239,7,1,1,1,1,511,1,505,511,0,0
21.24,8,1,1,1,1,513,1,508,511,0,0
21.241,9,1,1,1,1,515,1,505,512,0,0
21.242,10,1,1,1,1,514,2,504,510,0,0
21.243,11,1,1,1,1,511,1,506,509,0,0
21.244,12,1,1,1,1,511,1,507,506,0,0
21.245,13,1,1,1,1,513,1,509,507,0,0
21.246,14,1,1,1,1,511,1,514,506,0,0
21.247,15,1,1,1,1,509,1,513,508,0,0
21.248,0,1,1,1,1,508,1,517,503,0,0
21.249,1,1,1,1,1,510,1,519,508,0,0
21.25,2,1,1,1,1,510,2,516,506,0,0
21.251,3,1,1,1,1,510,1,522,507,0,0
21.252,4,1,1,1,1,511,1,516,509,0,0
21.253,5,1,1,1,1,512,1,516,513,0,0
21.254,6,1,1,1,1,515,1,514,516,0,0
21.255,7,1,1,1,1,515,1,513,512,0,0
21.256,8,1,1,1,1,515,1,514,511,0,0
21.257,9,1,1,1,1,513,1,508,508,0,0
21.258,10,1,1,1,1,510,2,505,508,0,0
21.259,11,1,1,1,1,512,1,510,507,0,0
21.26,12,1,1,1,1,512,1,511,506,0,0
21.261,13,1,1,1,1,512,1,511,506,0,0
21.262,14,1,1,1,1,511,1,515,509,0,0
21.263,15,1,1,1,1,512,0,514,511,0,0
21.264,0,1,1,1,1,513,1,519,512,0,0
21.265,1,1,1,1,1,508,1,510,510,0,0
21.266,2,1,1,1,1,513,2,513,510,0,0
21.267,3,1,1,1,1,511,1,513,508,0,0
21.268,4,1,1,1,1,511,1,504,505,0,0
21.269,5,1,1,1,1,512,1,502,508,0,0
21.27,6,1,1,1,1,511,1,504,507,0,0
21.271,7,1,1,1,1,512,0,508,505,0,0
21.272,8,1,1,1,1,510,1,507,507,0,0
21.273,9,1,1,1,1,513,1,507,507,0,0
21.274,10,1,1,1,1,510,2,503,510,0,0
21.275,11,1,1,1,1,508,1,508,508,0,0
21.276,12,1,1,1,1,509,1,502,510,0,0
21.277,13,1,1,1,1,510,1,499,507,0,0
21.278,14,1,1,1,1,509,1,504,509,0,0
21.279,15,1,1,1,1,511,0,506,505,0,0
21.28,0,1,1,1,1,512,1,510,510,0,0
21.281,1,1,1,1,1,512,1,511,511,0,0
21.282,2,1,1,1,1,511,2,518,510,0,0
21.283,3,1,1,1,1,512,1,516,505,0,0
21.284,4,1,1,1,1,511,1,515,509,0,0
21.285,5,1,1,1,1,511,1,507,509,0,0
21.286,6,1,1,1,1,508,1,504,508,0,0
21.287,7,1,1,1,1,512,1,511,507,0,0
21.288,8,1,1,1,1,511,1,511,506,0,0
21.289,9,1,1,1,1,512,1,508,508,0,0
21.29,10,1,1,1,1,513,2,505,510,0,0
21.291,11,1,1,1,1,513,1,503,512,0,0
21.292,12,1,1,1,1,514,1,506,510,0,0
21.293,13,1,1,1,1,510,1,508,508,0,0
21.294,14,1,1,1,1,511,1,505,508,0,0
21.295,15,1,1,1,1,511,1,503,506,0,0
21.296,0,1,1,1,1,514,1,515,510,0,0
21.297,1,1,1,1,1,512,1,512,510,0,0
21.298,2,1,1,1,1,513,2,508,511,0,0
21.299,3,1,1,1,1,511,1,510,512,0,0
21.3,4,1,1,1,1,512,1,507,509,0,0
21.301,5,1,1,1,1,510,1,518,507,0,0
21.302,6,1,1,1,1,512,1,517,506,0,0
21.303,7,1,1,1,1,511,1,508,505,0,0
21.304,8,1,1,1,1,511,1,505,506,0,0
21.305,9,1,1,1,1,510,1,508,507,0,0
21.306,10,1,1,1,1,511,2,507,509,0,0
21.307,11,1,1,1,1,513,1,505,510,0,0
21.308,12,1,1,1,1,510,0,511,508,0,0
21.309,13,1,1,1,1,515,1,513,508,0,0
21.31,14,1,1,1,1,512,1,512,508,0,0
21.311,15,1,1,1,1,511,1,510,508,0,0
21.312,0,1,1,1,1,513,1,510,511,0,0
21.313,1,1,1,1,1,512,1,518,512,0,0
21.314,2,1,1,1,1,514,2,515,510,0,0
21.315,3,1,1,1,1,510,1,510,508,0,0
21.316,4,1,1,1,1,510,0,505,510,0,0
21.317,5,1,1,1,1,511,1,508,507,0,0
21.318,6,1,1,1,1,512,1,513,507,0,0
21.319,7,1,1,1,1,509,1,518,507,0,0
21.32,8,1,1,1,1,511,1,520,508,0,0
21.321,9,1,1,1,1,510,1,525,508,0,0
21.322,10,1,1,1,1,513,2,514,510,0,0
21.323,11,1,1,1,1,511,1,513,510,0,0
21.324,12,1,1,1,1,512,0,510,509,0,0
21.325,13,1,1,1,1,512,1,507,506,0,0
21.326,14,1,1,1,1,512,1,505,507,0,0
21.327,15,1,1,1,1,513,1,512,511,0,0
21.328,0,1,1,1,1,513,1,511,509,0,0
21.329,1,1,1,1,1,511,1,512,510,0,0
21.33,2,1,1,1,1,510,1,502,506,0,0
21.331,3,1,1,1,1,512,1,499,507,0,0
21.332,4,1,1,1,1,512,1,509,508,0,0
21.333,5,1,1,1,1,512,1,513,509,0,0
21.334,6,1,1,1,1,511,1,510,509,0,0
21.335,7,1,1,1,1,512,1,517,508,0,0
21.336,8,1,1,1,1,511,1,521,507,0,0
21.337,9,1,1,1,1,510,1,521,508,0,0
21.338,10,1,1,1,1,512,1,519,510,0,0
21.339,11,1,1,1,1,512,1,519,509,0,0
21.34,12,1,1,1,1,510,1,507,511,0,0
21.341,13,1,1,1,1,511,1,506,507,0,0
21.342,14,1,1,1,1,513,1,508,510,0,0
21.343,15,1,1,1,1,512,1,514,508,0,0
21.344,0,1,1,1,1,512,1,511,504,0,0
21.345,1,1,1,1,1,510,1,510,507,0,0
21.346,2,1,1,1,1,513,1,508,509,0,0
21.347,3,1,1,1,1,510,1,507,508,0,0
21.348,4,1,1,1,1,510,1,511,505,0,0
21.349,5,1,1,1,1,512,1,508,507,0,0
21.35,6,1,1,1,1,512,1,519,508,0,0
21.351,7,1,1,1,1,512,1,514,511,0,0
21.352,8,1,1,1,1,512,1,513,512,0,0
21.353,9,1,1,1,1,513,1,516,512,0,0
21.354,10,1,1,1,1,509,2,510,505,0,0
21.355,11,1,1,1,1,510,1,502,507,0,0
21.356,12,1,1,1,1,511,0,501,508,0,0
21.357,13,1,1,1,1,511,1,497,507,0,0
21.358,14,1,1,1,1,512,1,498,507,0,0
21.359,15,1,1,1,1,512,1,503,509,0,0
21.36,0,1,1,1,1,512,1,514,508,0,0
21.361,1,1,1,1,1,512,1,521,511,0,0
21.362,2,1,1,1,1,511,2,522,510,0,0
21.363,3,1,1,1,1,511,1,518,510,0,0
21.364,4,1,1,1,1,510,0,508,508,0,0
21.365,5,1,1,1,1,513,1,511,509,0,0
21.366,6,1,1,1,1,511,1,505,511,0,0
21.367,7,1,1,1,1,511,1,496,508,0,0
21.368,8,1,1,1,1,511,1,503,509,0,0
21.369,9,1,1,1,1,512,1,515,508,0,0
21.37,10,1,1,1,1,511,2,511,509,0,0
21.371,11,1,1,1,1,512,1,512,509,0,0
21.372,12,1,1,1,1,512,1,511,509,0,0
21.373,13,1,1,1,1,512,1,507,510,0,0
21.374,14,1,1,1,1,511,1,498,503,0,0
21.375,15,1,1,1,1,511,1,505,507,0,0
21.376,0,1,1,1,1,512,1,504,509,0,0
21.377,1,1,1,1,1,512,1,505,508,0,0
21.378,2,1,1,1,1,511,2,513,508,0,0
21.379,3,1,1,1,1,511,1,514,508,0,0
21.38,4,1,1,1,1,512,1,513,511,0,0
21.381,5,1,1,1,1,511,1,517,509,0,0
21.382,6,1,1,1,1,512,1,525,507,0,0
21.383,7,1,1,1,1,511,1,532,508,0,0
21.384,8,1,1,1,1,511,1,515,508,0,0
21.385,9,1,1,1,1,513,1,509,509,0,0
21.386,10,1,1,1,1,512,2,511,508,0,0
21.387,11,1,1,1,1,510,1,507,506,0,0
21.388,12,1,1,1,1,510,1,514,508,0,0
21.389,13,1,1,1,1,511,1,509,510,0,0
21.39,14,1,1,1,1,511,1,507,507,0,0
21.391,15,1,1,1,1,512,1,504,508,0,0
21.392,0,1,1,1,1,514,1,505,511,0,0
21.393,1,1,1,1,1,512,1,502,512,0,0
21.394,2,1,1,1,1,512,2,506,511,0,0
21.395,3,1,1,1,1,512,1,511,511,0,0
21.396,4,1,1,1,1,508,1,510,507,0,0
21.397,5,1,1,1,1,507,1,506,508,0,0
21.398,6,1,1,1,1,511,1,507,510,0,0
21.399,7,1,1,1,1,512,0,512,508,0,0
